{"content":[{"id":"7cfc5c9b","elType":"section","settings":{"layout":"full_width","height":"min-height","custom_height":{"unit":"px","size":"80","sizes":[]},"column_position":"stretch","structure":"30","background_background":"classic","background_color":"#000000","border_border":"solid","border_width":{"unit":"px","top":"0","right":"0","bottom":"1","left":"0","isLinked":""},"border_color":"rgba(255, 255, 255, 0.34901960784313724)","margin":{"unit":"px","top":"-81","right":"0","bottom":"0","left":"0","isLinked":""},"sticky":"top","background_motion_fx_opacity_effect":"yes","background_motion_fx_opacity_range":{"unit":"%","size":"","sizes":{"start":"0","end":"3"}},"background_motion_fx_range":"page","custom_height_mobile":{"unit":"px","size":"133","sizes":[]},"custom_height_tablet":{"unit":"vh","size":"","sizes":[]},"margin_mobile":{"unit":"px","top":"-134","right":"0","bottom":"0","left":"0","isLinked":""},"background_motion_fx_devices":["desktop","tablet"],"background_motion_fx_motion_fx_scrolling":"yes","_timestamp_":"v1WjRwWEVHZkY3VVJWVEwzdFhhT0JXdz09"},"elements":[{"id":"4508f5cc","elType":"column","settings":{"_column_size":"33","_inline_size":"20","content_position":"center","border_border":"solid","border_width":{"unit":"px","top":"0","right":"1","bottom":"0","left":"0","isLinked":""},"border_color":"rgba(255, 255, 255, 0.34901960784313724)","_inline_size_tablet":"30","border_width_mobile":{"unit":"px","top":"0","right":"0","bottom":"1","left":"0","isLinked":""},"padding_tablet":{"unit":"px","top":"0","right":"0","bottom":"0","left":"0","isLinked":"1"},"padding_mobile":{"unit":"px","top":"15","right":"0","bottom":"15","left":"0","isLinked":""}},"elements":[{"id":"2b8a86ff","elType":"widget","settings":{"view":"inline","icon_list":[{"text":"FACEBOOK","selected_icon":{"value":"","library":""},"_id":"7b6e0de","link":{"url":"#","is_external":"","nofollow":"","custom_attributes":""}},{"text":"INSTAGRAM","selected_icon":{"value":"","library":""},"link":{"url":"#","is_external":"","nofollow":"","custom_attributes":""},"_id":"29f29c2"}],"space_between":{"unit":"px","size":"30","sizes":[]},"icon_align":"center","icon_color":"#FFFFFF","icon_size":{"unit":"px","size":"18","sizes":[]},"icon_self_align":"center","text_color":"#FFFFFF","text_color_hover":"#FC3B29","icon_typography_typography":"custom","icon_typography_font_family":"Montserrat","icon_typography_font_size":{"unit":"px","size":"15","sizes":[]},"icon_typography_font_weight":"300","space_between_tablet":{"unit":"px","size":"15","sizes":[]},"icon_typography_font_size_tablet":{"unit":"px","size":"14","sizes":[]},"icon_typography_text_transform":"uppercase"},"elements":[],"widgetType":"icon-list"}],"isInner":""},{"id":"73998266","elType":"column","settings":{"_column_size":"33","_inline_size":"75","content_position":"center","padding":{"unit":"%","top":"0","right":"15","bottom":"0","left":"0","isLinked":""},"_inline_size_tablet":"40","_inline_size_mobile":"50","padding_tablet":{"unit":"px","top":"0","right":"0","bottom":"0","left":"0","isLinked":"1"},"padding_mobile":{"unit":"px","top":"20","right":"20","bottom":"20","left":"20","isLinked":"1"}},"elements":[{"id":"35eb0b8e","elType":"widget","settings":{"selected_icon":{"value":{"id":"13107","url":"https:\/\/library.elementor.com\/wp-content\/uploads\/2020\/02\/Logo-SVG.svg"},"library":"svg"},"primary_color":"#FC3B29","size":{"unit":"px","size":"115","sizes":[]},"size_tablet":{"unit":"px","size":"100","sizes":[]},"_margin":{"unit":"px","top":"-35","right":"0","bottom":"-40","left":"0","isLinked":""},"_margin_tablet":{"unit":"px","top":"-30","right":"0","bottom":"-35","left":"0","isLinked":""},"__dynamic__":{"link":"[elementor-tag id=\"b9ad1df\" name=\"site-url\" settings=\"%7B%7D\"]"}},"elements":[],"widgetType":"icon"}],"isInner":""},{"id":"1fdf5ee1","elType":"column","settings":{"_column_size":"33","_inline_size":"4.664","content_position":"center","align":"center","border_border":"solid","border_width":{"unit":"px","top":"0","right":"0","bottom":"0","left":"1","isLinked":""},"border_color":"rgba(255, 255, 255, 0.34901960784313724)","_inline_size_tablet":"30","_inline_size_mobile":"50","padding_mobile":{"unit":"px","top":"20","right":"40","bottom":"20","left":"20","isLinked":""},"padding_tablet":{"unit":"px","top":"0","right":"50","bottom":"0","left":"50","isLinked":""}},"elements":[{"id":"28c49b49","elType":"widget","settings":{"selected_icon":{"value":{"id":13115,"url":"https:\/\/library.elementor.com\/wp-content\/uploads\/2020\/02\/Menu-Photo.svg"},"library":"svg"},"primary_color":"#FFFFFF","size":{"unit":"px","size":"25","sizes":[]},"__dynamic__":{"link":"[elementor-tag id=\"ab2229f\" name=\"popup\" settings=\"%7B%22popup%22%3A%22400%22%7D\"]"},"align_mobile":"right","align_tablet":"right","size_mobile":{"unit":"px","size":"25","sizes":[]},"hover_primary_color":"#FC3B29"},"elements":[],"widgetType":"icon"}],"isInner":""}],"isInner":""}],"page_settings":[]}