{"content":[{"id":"6ea0f370","elType":"section","settings":{"layout":"full_width","padding":{"unit":"%","top":"5","right":"5","bottom":"0","left":"5","isLinked":""},"_title":"Headline","margin_mobile":{"unit":"px","top":"50","right":"0","bottom":"0","left":"0","isLinked":""},"padding_mobile":{"unit":"%","top":"0","right":"5","bottom":"0","left":"5","isLinked":""},"_timestamp_":"v1WjRwWEVHZkY3VVJWVEwzdFhhT0JXdz09"},"elements":[{"id":"6bfa45bc","elType":"column","settings":{"_column_size":"100","padding":{"unit":"px","top":"0","right":"0","bottom":"0","left":"0","isLinked":"1"}},"elements":[{"id":"4495bb","elType":"widget","settings":{"title":"Designing Your Dream.\n<br>Creating<b> Our Vision.<\/b>","title_color":"#000000","typography_typography":"custom","typography_font_family":"Montserrat","typography_font_size":{"unit":"px","size":"65","sizes":[]},"typography_font_weight":"200","typography_text_transform":"uppercase","header_size":"h1","align":"left","typography_font_size_tablet":{"unit":"px","size":"50","sizes":[]},"typography_font_size_mobile":{"unit":"px","size":"40","sizes":[]},"motion_fx_translateY_direction":"negative","motion_fx_translateY_speed":{"unit":"px","size":"0.8","sizes":[]},"motion_fx_translateX_direction":"negative","motion_fx_opacity_range":{"unit":"%","size":"","sizes":{"start":"46","end":"100"}},"motion_fx_scale_direction":"in-out"},"elements":[],"widgetType":"heading"}],"isInner":""}],"isInner":""},{"id":"1a21b2df","elType":"section","settings":{"content_width":{"unit":"px","size":"1400","sizes":[]},"structure":"20","margin":{"unit":"px","top":"80","right":"0","bottom":"80","left":"0","isLinked":"1"},"layout":"full_width","padding":{"unit":"%","top":"0","right":"5","bottom":"0","left":"16","isLinked":""},"_title":"BT Project","margin_tablet":{"unit":"px","top":"","right":"0","bottom":"","left":"0","isLinked":"1"},"padding_tablet":{"unit":"%","top":"0","right":"12","bottom":"0","left":"10","isLinked":""},"padding_mobile":{"unit":"%","top":"0","right":"5","bottom":"0","left":"5","isLinked":""},"overflow":"hidden","_timestamp_":"v1WjRwWEVHZkY3VVJWVEwzdFhhT0JXdz09"},"elements":[{"id":"2f446e0c","elType":"column","settings":{"_column_size":"50","_inline_size":"78","content_position":"center","padding":{"unit":"px","top":"0","right":"0","bottom":"0","left":"0","isLinked":"1"},"padding_tablet":{"unit":"px","top":"0","right":"25","bottom":"0","left":"0","isLinked":""},"_inline_size_mobile":"40","_inline_size_tablet":"65"},"elements":[{"id":"384a3be0","elType":"widget","settings":{"align":"center","text":"Divider","motion_fx_motion_fx_scrolling":"yes","motion_fx_translateX_effect":"yes","motion_fx_translateX_direction":"negative","motion_fx_translateX_speed":{"unit":"px","size":"1.5","sizes":[]},"motion_fx_devices":["desktop"]},"elements":[],"widgetType":"divider"}],"isInner":""},{"id":"50cb7f12","elType":"column","settings":{"_column_size":"50","_inline_size":"22","content_position":"center","padding":{"unit":"px","top":"0","right":"0","bottom":"0","left":"0","isLinked":"1"},"_inline_size_mobile":"60","_inline_size_tablet":"35"},"elements":[{"id":"72bb7859","elType":"widget","settings":{"text":"Projects","align":"right","typography_typography":"custom","typography_font_family":"Montserrat","typography_font_size":{"unit":"px","size":"16","sizes":[]},"typography_font_weight":"200","typography_text_transform":"uppercase","button_text_color":"#000000","background_color":"#FFFFFF","hover_color":"#FFFFFF","button_background_hover_color":"#000000","button_hover_border_color":"#000000","border_border":"solid","border_width":{"unit":"px","top":"1","right":"1","bottom":"1","left":"1","isLinked":"1"},"border_radius":{"unit":"px","top":"0","right":"0","bottom":"0","left":"0","isLinked":"1"},"text_padding":{"unit":"px","top":"20","right":"50","bottom":"20","left":"50","isLinked":""}},"elements":[],"widgetType":"button"}],"isInner":""}],"isInner":""},{"id":"a7ba734","elType":"section","settings":{"layout":"full_width","padding":{"unit":"%","top":"0","right":"5","bottom":"0","left":"5","isLinked":""},"_title":"Project Slider","_timestamp_":"v1WjRwWEVHZkY3VVJWVEwzdFhhT0JXdz09"},"elements":[{"id":"410bc76c","elType":"column","settings":{"_column_size":"100","padding":{"unit":"px","top":"0","right":"0","bottom":"0","left":"0","isLinked":"1"}},"elements":[{"id":"11e9066f","elType":"widget","settings":{"slides":[{"heading":"","description":"","button_text":"KITCHEN-FOCUSED HOME","background_color":"","_id":"348228a","background_image":{"id":13190,"url":"https:\/\/library.elementor.com\/wp-content\/uploads\/2020\/04\/Pic.png"},"background_size":"cover","background_ken_burns":"","zoom_direction":"in","background_overlay":"","background_overlay_color":"rgba(0,0,0,0.5)","background_overlay_blend_mode":"","link":{"url":"https:\/\/library.elementor.com\/interior-design\/kitchen-focused-house\/","is_external":"","nofollow":"","custom_attributes":""},"link_click":"slide","custom_style":"","horizontal_position":"","vertical_position":"","text_align":"","content_color":"","repeater_text_shadow_text_shadow_type":"","repeater_text_shadow_text_shadow":{"horizontal":"0","vertical":"0","blur":"10","color":"rgba(0,0,0,0.3)"}},{"heading":"","description":"","button_text":"THE BLUEISH PROJECT","background_color":"","background_image":{"id":13191,"url":"https:\/\/library.elementor.com\/wp-content\/uploads\/2020\/04\/Project-3-1.png"},"background_size":"cover","background_ken_burns":"","zoom_direction":"in","background_overlay":"","background_overlay_color":"rgba(0,0,0,0.5)","background_overlay_blend_mode":"","link":{"url":"https:\/\/library.elementor.com\/interior-design\/bluish-apartment\/","is_external":"","nofollow":"","custom_attributes":""},"link_click":"slide","custom_style":"","horizontal_position":"","vertical_position":"","text_align":"","content_color":"","repeater_text_shadow_text_shadow_type":"","repeater_text_shadow_text_shadow":{"horizontal":"0","vertical":"0","blur":"10","color":"rgba(0,0,0,0.3)"},"_id":"9127c12"},{"heading":"","description":"","button_text":"MINIMALIST HOME","background_color":"","background_image":{"id":13192,"url":"https:\/\/library.elementor.com\/wp-content\/uploads\/2020\/04\/Project-2-1.png"},"background_size":"cover","background_ken_burns":"","zoom_direction":"in","background_overlay":"","background_overlay_color":"rgba(0,0,0,0.5)","background_overlay_blend_mode":"","link":{"url":"https:\/\/library.elementor.com\/interior-design\/minimalist-home\/","is_external":"","nofollow":"","custom_attributes":""},"link_click":"slide","custom_style":"","horizontal_position":"","vertical_position":"","text_align":"","content_color":"","repeater_text_shadow_text_shadow_type":"","repeater_text_shadow_text_shadow":{"horizontal":"0","vertical":"0","blur":"10","color":"rgba(0,0,0,0.3)"},"_id":"29b47bf"}],"slides_height":{"unit":"px","size":"790","sizes":[]},"navigation":"dots","content_max_width":{"unit":"%","size":"100","sizes":[]},"slides_padding":{"unit":"px","top":"0","right":"0","bottom":"0","left":"0","isLinked":"1"},"slides_horizontal_position":"right","slides_vertical_position":"bottom","button_size":"xl","button_color":"#FFFFFF","button_typography_typography":"custom","button_typography_font_family":"Montserrat","button_typography_font_size":{"unit":"px","size":"16","sizes":[]},"button_typography_font_weight":"200","button_border_width":{"unit":"px","size":"0","sizes":[]},"button_border_radius":{"unit":"px","size":"0","sizes":[]},"button_text_color":"#000000","button_background_color":"#FFFFFF","dots_position":"outside","dots_size":{"unit":"px","size":"7","sizes":[]},"dots_color":"#000000","pause_on_hover":"","pause_on_interaction":"","autoplay_speed":"3500","transition_speed":1000,"slides_height_mobile":{"unit":"vh","size":"50","sizes":[]},"button_typography_font_size_mobile":{"unit":"px","size":"15","sizes":[]},"slides_height_tablet":{"unit":"vh","size":"50","sizes":[]},"transition":"fade"},"elements":[],"widgetType":"slides"}],"isInner":""}],"isInner":""},{"id":"5791fb6b","elType":"section","settings":{"content_width":{"unit":"px","size":"1200","sizes":[]},"layout":"full_width","height":"min-height","custom_height":{"unit":"px","size":"300","sizes":[]},"column_position":"stretch","margin":{"unit":"px","top":"150","right":"0","bottom":"150","left":"0","isLinked":"1"},"padding":{"unit":"%","top":"0","right":"16","bottom":"0","left":"16","isLinked":""},"_title":"About","margin_tablet":{"unit":"px","top":"100","right":"0","bottom":"100","left":"0","isLinked":"1"},"custom_height_tablet":{"unit":"px","size":"250","sizes":[]},"margin_mobile":{"unit":"px","top":"100","right":"0","bottom":"50","left":"0","isLinked":""},"padding_mobile":{"unit":"%","top":"0","right":"5","bottom":"0","left":"5","isLinked":""},"motion_fx_translateX_direction":"negative","motion_fx_translateX_speed":{"unit":"px","size":"1","sizes":[]},"_timestamp_":"v1WjRwWEVHZkY3VVJWVEwzdFhhT0JXdz09"},"elements":[{"id":"374d8e09","elType":"column","settings":{"_column_size":"100","content_position":"bottom","border_border":"solid","border_width":{"unit":"px","top":"0","right":"0","bottom":"0","left":"1","isLinked":""},"border_color":"#000000","border_radius":{"unit":"px","top":"0","right":"0","bottom":"0","left":"0","isLinked":"1"},"padding":{"unit":"%","top":"0","right":"50","bottom":"0","left":"5","isLinked":""},"_inline_size_tablet":"100","padding_tablet":{"unit":"%","top":"0","right":"0","bottom":"0","left":"5","isLinked":""}},"elements":[{"id":"661abcda","elType":"widget","settings":{"title":"changing the <br><b> future together<\/b>","title_color":"#000000","typography_typography":"custom","typography_font_family":"Montserrat","typography_font_size":{"unit":"px","size":"35","sizes":[]},"typography_font_weight":"200","typography_text_transform":"uppercase","typography_font_size_mobile":{"unit":"px","size":"30","sizes":[]}},"elements":[],"widgetType":"heading"},{"id":"365efcdc","elType":"widget","settings":{"editor":"<p>Lorem ipsum dolor sit amet, conse ctetur adipcing elit off sedllo eiusmod rfty tempore incid dunt ulat labore elret herrty dolore malgna aliqua Uiot enim aled minim sit amet. Lorem ipsum dolor sit amet, conse ctetur adipcing elit off sedllo eiusmod rfty tempore incid dunt ulat labore elret herrty dolore malgna aliqua Uiot enim aled minim sit amet.<\/p>","align":"left","text_color":"#000000","typography_typography":"custom","typography_font_family":"Montserrat","typography_font_size":{"unit":"px","size":"15","sizes":[]},"typography_font_weight":"200"},"elements":[],"widgetType":"text-editor"}],"isInner":""}],"isInner":""},{"id":"f0662d1","elType":"section","settings":{"layout":"full_width","padding":{"unit":"%","top":"0","right":"5","bottom":"0","left":"16","isLinked":""},"_title":"Our Projects Title","margin_mobile":{"unit":"px","top":"","right":"0","bottom":"","left":"0","isLinked":"1"},"padding_mobile":{"unit":"%","top":"0","right":"5","bottom":"0","left":"5","isLinked":""},"overflow":"hidden","_timestamp_":"v1WjRwWEVHZkY3VVJWVEwzdFhhT0JXdz09"},"elements":[{"id":"30eabc22","elType":"column","settings":{"_column_size":"100","content_position":"center","padding":{"unit":"px","top":"0","right":"0","bottom":"0","left":"0","isLinked":"1"}},"elements":[{"id":"506f269f","elType":"widget","settings":{"align":"left","text":"Our <b>Projects<\/b>","look":"line_text","typography_typography":"custom","typography_font_family":"Montserrat","typography_font_size":{"unit":"px","size":"35","sizes":[]},"typography_font_weight":"200","typography_text_transform":"uppercase","text_align":"left","text_spacing":{"unit":"px","size":"50","sizes":[]},"color":"#000000","text_color":"#000000","typography_font_size_mobile":{"unit":"px","size":"25","sizes":[]},"text_spacing_mobile":{"unit":"px","size":"15","sizes":[]},"motion_fx_motion_fx_scrolling":"yes","motion_fx_translateX_effect":"yes","motion_fx_translateX_speed":{"unit":"px","size":"1","sizes":[]},"motion_fx_translateX_affectedRange":{"unit":"%","size":"","sizes":{"start":"0","end":"50"}},"motion_fx_devices":["desktop","tablet"]},"elements":[],"widgetType":"divider"}],"isInner":""}],"isInner":""},{"id":"15802669","elType":"section","settings":{"layout":"full_width","margin":{"unit":"px","top":"100","right":"0","bottom":"100","left":"0","isLinked":"1"},"padding":{"unit":"%","top":"0","right":"10","bottom":"0","left":"10","isLinked":""},"_title":"Projects","margin_tablet":{"unit":"px","top":"50","right":"0","bottom":"0","left":"0","isLinked":""},"padding_mobile":{"unit":"%","top":"0","right":"5","bottom":"0","left":"5","isLinked":""},"_timestamp_":"v1WjRwWEVHZkY3VVJWVEwzdFhhT0JXdz09"},"elements":[{"id":"127db444","elType":"column","settings":{"_column_size":"100","padding":{"unit":"px","top":"0","right":"0","bottom":"0","left":"0","isLinked":"1"}},"elements":[{"id":"cdabc7","elType":"widget","settings":{"classic_columns":"2","classic_posts_per_page":"4","classic_thumbnail_size_size":"full","classic_item_ratio":{"unit":"px","size":"0.65","sizes":[]},"classic_show_excerpt":"","classic_meta_data":[],"classic_meta_separator":"\/\/\/","classic_show_read_more":"","classic_read_more_text":"Read More \u00bb","cards_meta_separator":"\u2022","cards_read_more_text":"Read More \u00bb","full_content_meta_separator":"\/\/\/","classic_image_spacing":{"unit":"px","size":"15","sizes":[]},"classic_title_color":"#000000","classic_title_typography_typography":"custom","classic_title_typography_font_family":"Montserrat","classic_title_typography_font_size":{"unit":"px","size":"15","sizes":[]},"classic_title_typography_font_weight":"200","classic_title_typography_text_transform":"uppercase","pagination_page_limit":"5","pagination_prev_label":"&laquo; Previous","pagination_next_label":"Next &raquo;","classic_column_gap":{"unit":"px","size":"50","sizes":[]},"classic_row_gap":{"unit":"px","size":"50","sizes":[]},"posts_include":[],"posts_include_term_ids":["10"]},"elements":[],"widgetType":"posts"}],"isInner":""}],"isInner":""},{"id":"326b0eb1","elType":"section","settings":{"content_width":{"unit":"px","size":"1400","sizes":[]},"structure":"20","margin":{"unit":"px","top":"100","right":"0","bottom":"200","left":"0","isLinked":""},"layout":"full_width","padding":{"unit":"%","top":"0","right":"10","bottom":"0","left":"5","isLinked":""},"_title":"More Projects BT","margin_tablet":{"unit":"px","top":"50","right":"0","bottom":"100","left":"0","isLinked":""},"padding_tablet":{"unit":"%","top":"0","right":"5","bottom":"0","left":"5","isLinked":""},"margin_mobile":{"unit":"px","top":"50","right":"0","bottom":"50","left":"0","isLinked":"1"},"padding_mobile":{"unit":"%","top":"0","right":"5","bottom":"0","left":"5","isLinked":""},"overflow":"hidden","_timestamp_":"v1WjRwWEVHZkY3VVJWVEwzdFhhT0JXdz09"},"elements":[{"id":"2acd049b","elType":"column","settings":{"_column_size":"50","_inline_size":"70","content_position":"center","padding":{"unit":"px","top":"0","right":"0","bottom":"0","left":"0","isLinked":"1"},"padding_tablet":{"unit":"px","top":"0","right":"20","bottom":"0","left":"0","isLinked":""},"motion_fx_translateX_effect":"yes","motion_fx_translateX_direction":"negative","motion_fx_translateX_speed":{"unit":"px","size":"1","sizes":[]},"motion_fx_translateX_affectedRange":{"unit":"%","size":"","sizes":{"start":"0","end":"50"}},"motion_fx_range":"viewport","motion_fx_devices":["desktop","tablet"]},"elements":[{"id":"71c1879d","elType":"widget","settings":{"align":"left","text":"check out some <b>more Designs<\/b>","look":"line_text","text_color":"#000000","typography_typography":"custom","typography_font_family":"Montserrat","typography_font_size":{"unit":"px","size":"26","sizes":[]},"typography_font_weight":"200","typography_text_transform":"uppercase","text_align":"right","text_spacing":{"unit":"px","size":"30","sizes":[]},"width_tablet":{"unit":"%","size":"100","sizes":[]},"gap_tablet":{"unit":"px","size":"0","sizes":[]},"typography_font_size_tablet":{"unit":"px","size":"20","sizes":[]},"text_spacing_tablet":{"unit":"px","size":"15","sizes":[]},"typography_font_size_mobile":{"unit":"px","size":"18","sizes":[]},"text_spacing_mobile":{"unit":"px","size":"0","sizes":[]},"align_mobile":"left","motion_fx_translateX_effect":"yes","motion_fx_translateX_speed":{"unit":"px","size":"1","sizes":[]},"motion_fx_translateX_direction":"negative","motion_fx_translateX_affectedRange":{"unit":"%","size":"","sizes":{"start":"0","end":"50"}}},"elements":[],"widgetType":"divider"}],"isInner":""},{"id":"5199b338","elType":"column","settings":{"_column_size":"50","_inline_size":"29.999","content_position":"center","padding":{"unit":"px","top":"0","right":"0","bottom":"0","left":"0","isLinked":"1"},"margin_mobile":{"unit":"px","top":"30","right":"0","bottom":"0","left":"0","isLinked":""}},"elements":[{"id":"68748e8d","elType":"widget","settings":{"text":"Projects","align":"right","typography_typography":"custom","typography_font_family":"Montserrat","typography_font_size":{"unit":"px","size":"16","sizes":[]},"typography_font_weight":"200","typography_text_transform":"uppercase","button_text_color":"#000000","background_color":"#FFFFFF","hover_color":"#FFFFFF","button_background_hover_color":"#000000","button_hover_border_color":"#000000","border_border":"solid","border_width":{"unit":"px","top":"1","right":"1","bottom":"1","left":"1","isLinked":"1"},"border_radius":{"unit":"px","top":"0","right":"0","bottom":"0","left":"0","isLinked":"1"},"text_padding":{"unit":"px","top":"20","right":"50","bottom":"20","left":"50","isLinked":""},"align_mobile":"center"},"elements":[],"widgetType":"button"}],"isInner":""}],"isInner":""},{"id":"4a1f7fbe","elType":"section","settings":{"content_width":{"unit":"px","size":"1200","sizes":[]},"layout":"full_width","height":"min-height","custom_height":{"unit":"px","size":"300","sizes":[]},"column_position":"stretch","margin":{"unit":"px","top":"","right":"0","bottom":"","left":"0","isLinked":"1"},"padding":{"unit":"%","top":"0","right":"16","bottom":"0","left":"16","isLinked":""},"_title":"3 Steps Title","margin_tablet":{"unit":"px","top":"","right":"0","bottom":"","left":"0","isLinked":"1"},"custom_height_tablet":{"unit":"px","size":"250","sizes":[]},"padding_mobile":{"unit":"%","top":"0","right":"5","bottom":"0","left":"5","isLinked":""},"custom_height_mobile":{"unit":"px","size":"300","sizes":[]},"_timestamp_":"v1WjRwWEVHZkY3VVJWVEwzdFhhT0JXdz09"},"elements":[{"id":"82ad93a","elType":"column","settings":{"_column_size":"100","_inline_size":"100","content_position":"bottom","border_border":"solid","border_width":{"unit":"px","top":"0","right":"0","bottom":"0","left":"1","isLinked":""},"border_color":"#000000","border_radius":{"unit":"px","top":"0","right":"0","bottom":"0","left":"0","isLinked":"1"},"padding":{"unit":"%","top":"0","right":"50","bottom":"0","left":"5","isLinked":""},"_inline_size_tablet":"100","padding_tablet":{"unit":"%","top":"0","right":"0","bottom":"0","left":"5","isLinked":""}},"elements":[{"id":"35313ed6","elType":"widget","settings":{"title":"thinking outside<br>the box is <b> our motto<\/b>","title_color":"#000000","typography_typography":"custom","typography_font_family":"Montserrat","typography_font_size":{"unit":"px","size":"35","sizes":[]},"typography_font_weight":"200","typography_text_transform":"uppercase","typography_font_size_mobile":{"unit":"px","size":"30","sizes":[]}},"elements":[],"widgetType":"heading"},{"id":"72a6b698","elType":"widget","settings":{"editor":"Lorem ipsum dolor sit amet, conse ctetur adipcing elit off sedllo eiusmod rfty tempore incid dunt ulat labore elret herrty dolore malgna aliqua Uiot enim aled minim sit amet","align":"left","text_color":"#000000","typography_typography":"custom","typography_font_family":"Montserrat","typography_font_size":{"unit":"px","size":"15","sizes":[]},"typography_font_weight":"200"},"elements":[],"widgetType":"text-editor"}],"isInner":""}],"isInner":""},{"id":"24379a6f","elType":"section","settings":{"content_width":{"unit":"px","size":"1200","sizes":[]},"structure":"30","layout":"full_width","custom_height":{"unit":"px","size":"300","sizes":[]},"column_position":"stretch","margin":{"unit":"px","top":"100","right":"0","bottom":"100","left":"0","isLinked":""},"padding":{"unit":"%","top":"0","right":"16","bottom":"0","left":"16","isLinked":""},"_title":"3 Steps","margin_tablet":{"unit":"px","top":"50","right":"0","bottom":"0","left":"0","isLinked":""},"padding_tablet":{"unit":"%","top":"0","right":"16","bottom":"0","left":"16","isLinked":""},"margin_mobile":{"unit":"px","top":"50","right":"0","bottom":"0","left":"0","isLinked":""},"padding_mobile":{"unit":"%","top":"0","right":"5","bottom":"0","left":"5","isLinked":""},"_timestamp_":"v1WjRwWEVHZkY3VVJWVEwzdFhhT0JXdz09"},"elements":[{"id":"3619c57b","elType":"column","settings":{"_column_size":"33","content_position":"bottom","border_width":{"unit":"px","top":"0","right":"0","bottom":"0","left":"1","isLinked":""},"border_color":"#000000","border_radius":{"unit":"px","top":"0","right":"0","bottom":"0","left":"0","isLinked":"1"},"padding":{"unit":"px","top":"0","right":"50","bottom":"0","left":"0","isLinked":""},"space_between_widgets":"15","_inline_size_tablet":"100","content_position_tablet":"top","padding_tablet":{"unit":"%","top":"","right":"","bottom":"","left":"","isLinked":"1"},"padding_mobile":{"unit":"px","top":"0","right":"0","bottom":"0","left":"0","isLinked":"1"}},"elements":[{"id":"30f22836","elType":"widget","settings":{"title":"1. Strategic planning","title_color":"#000000","typography_typography":"custom","typography_font_family":"Montserrat","typography_font_size":{"unit":"px","size":"18","sizes":[]},"typography_font_weight":"400","typography_text_transform":"uppercase","header_size":"h3"},"elements":[],"widgetType":"heading"},{"id":"86f6ef5","elType":"widget","settings":{"editor":"Lorem ipsum dolor sit amet, conse ctetur adipcing elit off sedllo eiusmo.","align":"left","text_color":"#000000","typography_typography":"custom","typography_font_family":"Montserrat","typography_font_size":{"unit":"px","size":"15","sizes":[]},"typography_font_weight":"200","_padding":{"unit":"px","top":"0","right":"0","bottom":"0","left":"16","isLinked":""}},"elements":[],"widgetType":"text-editor"}],"isInner":""},{"id":"655e3387","elType":"column","settings":{"_column_size":"33","content_position":"bottom","border_width":{"unit":"px","top":"0","right":"0","bottom":"0","left":"1","isLinked":""},"border_color":"#000000","border_radius":{"unit":"px","top":"0","right":"0","bottom":"0","left":"0","isLinked":"1"},"padding":{"unit":"px","top":"0","right":"50","bottom":"0","left":"0","isLinked":""},"space_between_widgets":"15","_inline_size_tablet":"100","content_position_tablet":"top","margin_tablet":{"unit":"px","top":"50","right":"0","bottom":"50","left":"0","isLinked":""},"padding_tablet":{"unit":"%","top":"","right":"","bottom":"","left":"","isLinked":"1"},"margin_mobile":{"unit":"px","top":"30","right":"0","bottom":"30","left":"0","isLinked":""},"padding_mobile":{"unit":"px","top":"0","right":"0","bottom":"0","left":"0","isLinked":"1"}},"elements":[{"id":"1f931ba7","elType":"widget","settings":{"title":"2. 360 solutions","title_color":"#000000","typography_typography":"custom","typography_font_family":"Montserrat","typography_font_size":{"unit":"px","size":"18","sizes":[]},"typography_font_weight":"400","typography_text_transform":"uppercase","header_size":"h3"},"elements":[],"widgetType":"heading"},{"id":"40b9aad5","elType":"widget","settings":{"editor":"Lorem ipsum dolor sit amet, conse ctetur adipcing elit off sedllo eiusmo.","align":"left","text_color":"#000000","typography_typography":"custom","typography_font_family":"Montserrat","typography_font_size":{"unit":"px","size":"15","sizes":[]},"typography_font_weight":"200","_padding":{"unit":"px","top":"0","right":"0","bottom":"0","left":"16","isLinked":""}},"elements":[],"widgetType":"text-editor"}],"isInner":""},{"id":"7f7fe666","elType":"column","settings":{"_column_size":"33","content_position":"bottom","border_width":{"unit":"px","top":"0","right":"0","bottom":"0","left":"1","isLinked":""},"border_color":"#000000","border_radius":{"unit":"px","top":"0","right":"0","bottom":"0","left":"0","isLinked":"1"},"padding":{"unit":"px","top":"0","right":"50","bottom":"0","left":"0","isLinked":""},"space_between_widgets":"15","_inline_size_tablet":"100","content_position_tablet":"top","padding_tablet":{"unit":"%","top":"","right":"","bottom":"","left":"","isLinked":"1"},"padding_mobile":{"unit":"px","top":"0","right":"0","bottom":"0","left":"0","isLinked":"1"}},"elements":[{"id":"124e9400","elType":"widget","settings":{"title":"3 . vision creation","title_color":"#000000","typography_typography":"custom","typography_font_family":"Montserrat","typography_font_size":{"unit":"px","size":"18","sizes":[]},"typography_font_weight":"400","typography_text_transform":"uppercase","header_size":"h3"},"elements":[],"widgetType":"heading"},{"id":"118529e7","elType":"widget","settings":{"editor":"Lorem ipsum dolor sit amet, conse ctetur adipcing elit off sedllo eiusmo.","align":"left","text_color":"#000000","typography_typography":"custom","typography_font_family":"Montserrat","typography_font_size":{"unit":"px","size":"15","sizes":[]},"typography_font_weight":"200","_padding":{"unit":"px","top":"0","right":"0","bottom":"0","left":"16","isLinked":""}},"elements":[],"widgetType":"text-editor"}],"isInner":""}],"isInner":""},{"id":"a52574a","elType":"section","settings":{"content_width":{"unit":"px","size":"1200","sizes":[]},"layout":"full_width","height":"min-height","custom_height":{"unit":"px","size":"300","sizes":[]},"column_position":"stretch","margin":{"unit":"px","top":"","right":"0","bottom":"","left":"0","isLinked":"1"},"padding":{"unit":"%","top":"0","right":"16","bottom":"0","left":"16","isLinked":""},"_title":"pictures","padding_tablet":{"unit":"%","top":"0","right":"10","bottom":"0","left":"10","isLinked":""},"margin_mobile":{"unit":"px","top":"50","right":"0","bottom":"0","left":"0","isLinked":""},"padding_mobile":{"unit":"%","top":"0","right":"5","bottom":"0","left":"5","isLinked":""},"_timestamp_":"v1WjRwWEVHZkY3VVJWVEwzdFhhT0JXdz09"},"elements":[{"id":"9fb8d9a","elType":"column","settings":{"_column_size":"100","content_position":"bottom","border_width":{"unit":"px","top":"0","right":"0","bottom":"0","left":"1","isLinked":""},"border_color":"#000000","border_radius":{"unit":"px","top":"0","right":"0","bottom":"0","left":"0","isLinked":"1"},"padding":{"unit":"px","top":"0","right":"0","bottom":"0","left":"0","isLinked":"1"}},"elements":[{"id":"5290f153","elType":"widget","settings":{"gallery":[{"id":13193,"url":"https:\/\/library.elementor.com\/wp-content\/uploads\/2020\/04\/Home-1.png"},{"id":13194,"url":"https:\/\/library.elementor.com\/wp-content\/uploads\/2020\/04\/Home-2.png"}],"galleries":[{"gallery_title":"New Gallery","_id":"4ee5a9e","multiple_gallery":[]}],"gallery_layout":"justified","columns":"2","ideal_row_height":{"unit":"px","size":"450","sizes":[]},"gap":{"unit":"px","size":"50","sizes":[]},"thumbnail_image_size":"full","show_all_galleries_label":"All","overlay_background_hover_background":"","ideal_row_height_tablet":{"unit":"px","size":"200","sizes":[]},"ideal_row_height_mobile":{"unit":"px","size":"300","sizes":[]},"lazyload":"","link_to":""},"elements":[],"widgetType":"gallery"}],"isInner":""}],"isInner":""},{"id":"7233d7c5","elType":"section","settings":{"layout":"full_width","padding":{"unit":"%","top":"0","right":"10","bottom":"0","left":"16","isLinked":""},"structure":"20","margin":{"unit":"px","top":"200","right":"0","bottom":"200","left":"0","isLinked":"1"},"_title":"Quote","margin_tablet":{"unit":"px","top":"100","right":"0","bottom":"100","left":"0","isLinked":""},"padding_tablet":{"unit":"%","top":"0","right":"10","bottom":"0","left":"10","isLinked":""},"padding_mobile":{"unit":"%","top":"0","right":"5","bottom":"0","left":"5","isLinked":""},"motion_fx_motion_fx_scrolling":"yes","animation_duration":"slow","overflow":"hidden","_timestamp_":"v1WjRwWEVHZkY3VVJWVEwzdFhhT0JXdz09"},"elements":[{"id":"41491ba3","elType":"column","settings":{"_column_size":"50","_inline_size":"27.001","content_position":"center","padding":{"unit":"px","top":"0","right":"0","bottom":"0","left":"0","isLinked":"1"},"_inline_size_tablet":"50","_inline_size_mobile":"70"},"elements":[{"id":"8efee2f","elType":"widget","settings":{"title":"\u201cYour Home Should Tell The Story Of Who You Are And Be A Collection Of What You Love\u201d","title_color":"#000000","typography_typography":"custom","typography_font_family":"Montserrat","typography_font_size":{"unit":"px","size":"28","sizes":[]},"typography_font_weight":"200","typography_text_transform":"capitalize","typography_line_height":{"unit":"em","size":"1.2","sizes":[]},"header_size":"h4","typography_font_size_tablet":{"unit":"px","size":"25","sizes":[]},"typography_font_size_mobile":{"unit":"px","size":"20","sizes":[]}},"elements":[],"widgetType":"heading"}],"isInner":""},{"id":"595f14cf","elType":"column","settings":{"_column_size":"50","_inline_size":"73","content_position":"top","border_width":{"unit":"px","top":"1","right":"0","bottom":"0","left":"0","isLinked":""},"border_color":"#000000","padding":{"unit":"px","top":"0","right":"0","bottom":"0","left":"100","isLinked":""},"_inline_size_tablet":"50","padding_tablet":{"unit":"%","top":"0","right":"0","bottom":"0","left":"5","isLinked":""},"_inline_size_mobile":"30"},"elements":[{"id":"61e452b5","elType":"widget","settings":{"text":"Divider","gap":{"unit":"px","size":"10","sizes":[]},"motion_fx_motion_fx_scrolling":"yes","motion_fx_translateX_effect":"yes","motion_fx_translateX_speed":{"unit":"px","size":"1.5","sizes":[]},"motion_fx_devices":["desktop","tablet"]},"elements":[],"widgetType":"divider"}],"isInner":""}],"isInner":""},{"id":"4b18c0a","elType":"section","settings":{"content_width":{"unit":"px","size":"1200","sizes":[]},"layout":"full_width","height":"min-height","custom_height":{"unit":"px","size":"300","sizes":[]},"column_position":"stretch","margin":{"unit":"px","top":"0","right":"0","bottom":"100","left":"0","isLinked":""},"padding":{"unit":"%","top":"0","right":"16","bottom":"0","left":"16","isLinked":""},"_title":"Our Articles Title","margin_tablet":{"unit":"px","top":"0","right":"0","bottom":"50","left":"0","isLinked":""},"custom_height_tablet":{"unit":"px","size":"200","sizes":[]},"margin_mobile":{"unit":"px","top":"0","right":"0","bottom":"0","left":"0","isLinked":"1"},"padding_tablet":{"unit":"%","top":"0","right":"10","bottom":"0","left":"10","isLinked":""},"padding_mobile":{"unit":"%","top":"0","right":"5","bottom":"0","left":"5","isLinked":""},"custom_height_mobile":{"unit":"px","size":"150","sizes":[]},"motion_fx_motion_fx_scrolling":"yes","motion_fx_translateY_effect":"yes","motion_fx_translateY_direction":"negative","motion_fx_translateY_speed":{"unit":"px","size":"1.5","sizes":[]},"motion_fx_translateY_affectedRange":{"unit":"%","size":"","sizes":{"start":"0","end":"50"}},"_timestamp_":"v1WjRwWEVHZkY3VVJWVEwzdFhhT0JXdz09"},"elements":[{"id":"5a2cc096","elType":"column","settings":{"_column_size":"100","content_position":"bottom","border_border":"solid","border_width":{"unit":"px","top":"0","right":"0","bottom":"0","left":"1","isLinked":""},"border_color":"#000000","border_radius":{"unit":"px","top":"0","right":"0","bottom":"0","left":"0","isLinked":"1"},"padding":{"unit":"px","top":"0","right":"0","bottom":"0","left":"50","isLinked":""},"_inline_size_tablet":"100"},"elements":[{"id":"70eab586","elType":"widget","settings":{"title":"Our\n<br><b>Publications<\/b>","title_color":"#000000","typography_typography":"custom","typography_font_family":"Montserrat","typography_font_size":{"unit":"px","size":"35","sizes":[]},"typography_font_weight":"200","typography_text_transform":"uppercase"},"elements":[],"widgetType":"heading"}],"isInner":""}],"isInner":""},{"id":"2f7e90a5","elType":"section","settings":{"layout":"full_width","padding":{"unit":"%","top":"0","right":"16","bottom":"0","left":"16","isLinked":""},"_title":"Articles","margin_tablet":{"unit":"px","top":"","right":"0","bottom":"","left":"0","isLinked":"1"},"margin_mobile":{"unit":"px","top":"50","right":"0","bottom":"0","left":"0","isLinked":""},"padding_tablet":{"unit":"%","top":"0","right":"10","bottom":"0","left":"10","isLinked":""},"padding_mobile":{"unit":"%","top":"0","right":"5","bottom":"0","left":"5","isLinked":""},"_timestamp_":"v1WjRwWEVHZkY3VVJWVEwzdFhhT0JXdz09"},"elements":[{"id":"4bee4833","elType":"column","settings":{"_column_size":"100","padding":{"unit":"px","top":"0","right":"0","bottom":"0","left":"0","isLinked":"1"}},"elements":[{"id":"66adbf0","elType":"widget","settings":{"_skin":"cards","classic_posts_per_page":"3","classic_show_excerpt":"","classic_meta_data":["date"],"classic_meta_separator":"\/\/\/","classic_show_read_more":"","classic_read_more_text":"Read More \u00bb","cards_posts_per_page":"3","cards_thumbnail_size_size":"full","cards_show_excerpt":"","cards_meta_data":["date"],"cards_meta_separator":"\u2022","cards_show_read_more":"","cards_read_more_text":"Read More \u00bb","cards_show_badge":"","cards_show_avatar":"","full_content_meta_separator":"\/\/\/","classic_column_gap":{"unit":"px","size":"50","sizes":[]},"classic_row_gap":{"unit":"px","size":"50","sizes":[]},"classic_title_color":"#000000","classic_title_typography_typography":"custom","classic_title_typography_font_family":"Montserrat","classic_title_typography_font_size":{"unit":"px","size":"16","sizes":[]},"classic_title_typography_font_weight":"300","classic_title_spacing":{"unit":"px","size":"10","sizes":[]},"cards_column_gap":{"unit":"px","size":"50","sizes":[]},"cards_row_gap":{"unit":"px","size":"50","sizes":[]},"cards_card_border_width":{"unit":"px","size":"0","sizes":[]},"cards_card_padding":{"unit":"px","size":"0","sizes":[]},"cards_box_shadow_box_shadow_type":"","cards_hover_effect":"none","cards_meta_border_color":"#000000","cards_image_spacing":{"unit":"px","size":"0","sizes":[]},"cards_title_color":"#000000","cards_title_typography_typography":"custom","cards_title_typography_font_family":"Montserrat","cards_title_typography_font_size":{"unit":"px","size":"16","sizes":[]},"cards_title_typography_font_weight":"300","cards_title_spacing":{"unit":"px","size":"15","sizes":[]},"cards_meta_color":"#000000","cards_meta_separator_color":"#000000","cards_meta_typography_typography":"custom","cards_meta_typography_font_family":"Montserrat","cards_meta_typography_font_size":{"unit":"px","size":"14","sizes":[]},"cards_meta_typography_font_weight":"300","pagination_page_limit":"5","pagination_prev_label":"&laquo; Previous","pagination_next_label":"Next &raquo;","posts_include":[],"posts_include_term_ids":["8"],"cards_columns_tablet":"1","animation_duration":"slow"},"elements":[],"widgetType":"posts"}],"isInner":""}],"isInner":""}],"page_settings":[]}