{"content":[{"id":"557e62e","elType":"section","settings":{"layout":"full_width","height":"min-height","custom_height":{"unit":"px","size":"125","sizes":[]},"column_position":"stretch","structure":"30","padding":{"unit":"%","top":"0","right":"5","bottom":"0","left":"5","isLinked":""},"sticky":"top","background_background":"classic","background_color":"#FFFFFF","border_border":"solid","border_width":{"unit":"px","top":"0","right":"0","bottom":"0","left":"0","isLinked":"1"},"border_width_tablet":{"unit":"px","top":"0","right":"0","bottom":"0","left":"0","isLinked":"1"},"border_width_mobile":{"unit":"px","top":"0","right":"0","bottom":"1","left":"0","isLinked":""},"border_color":"#E7E7E7","_timestamp_":"v1WjRwWEVHZkY3VVJWVEwzdFhhT0JXdz09"},"elements":[{"id":"28db78b2","elType":"column","settings":{"_column_size":"33","_inline_size":"20","content_position":"center","padding":{"unit":"px","top":"0","right":"0","bottom":"0","left":"0","isLinked":"1"},"_inline_size_mobile":"55"},"elements":[{"id":"4f99761e","elType":"widget","settings":{"image":{"id":13240,"url":"https:\/\/library.elementor.com\/wp-content\/uploads\/2020\/04\/DESIGNFORM-Logo.png"},"image_size":"full","align":"left","link_to":"custom","__dynamic__":{"link":"[elementor-tag id=\"0a8f8e9\" name=\"site-url\" settings=\"%7B%7D\"]"}},"elements":[],"widgetType":"image"}],"isInner":""},{"id":"510fbced","elType":"column","settings":{"_column_size":"33","_inline_size":"76.333","content_position":"center","padding":{"unit":"px","top":"0","right":"0","bottom":"0","left":"0","isLinked":"1"},"_inline_size_mobile":"35"},"elements":[{"id":"1acec3cd","elType":"widget","settings":{"align_items":"right","pointer":"text","animation_text":"sink","menu_typography_typography":"custom","menu_typography_font_family":"Montserrat","menu_typography_font_size":{"unit":"px","size":"16","sizes":[]},"menu_typography_font_weight":"300","color_menu_item":"#000000","color_menu_item_hover":"#000000","pointer_color_menu_item_hover":"#000000","color_menu_item_active":"#9E9E9E","pointer_color_menu_item_active":"#000000","pointer_width":{"unit":"px","size":"1","sizes":[]},"padding_horizontal_menu_item":{"unit":"px","size":"20","sizes":[]},"menu_space_between":{"unit":"px","size":"5","sizes":[]},"dropdown":"mobile","menu_typography_font_size_tablet":{"unit":"px","size":"14","sizes":[]},"menu_space_between_tablet":{"unit":"px","size":"0","sizes":[]},"full_width":"stretch","text_align":"center","toggle_align":"right","color_dropdown_item":"#000000","background_color_dropdown_item":"#FFFFFF","color_dropdown_item_hover":"#9E9E9E","background_color_dropdown_item_hover":"#FFFFFF","color_dropdown_item_active":"#9E9E9E","padding_vertical_dropdown_item_mobile":{"unit":"px","size":"22","sizes":[]},"dropdown_divider_border":"solid","dropdown_divider_color":"#E0E0E0","dropdown_divider_width":{"unit":"px","size":"1","sizes":[]},"toggle_color":"#000000","toggle_background_color":"#FFFFFF","toggle_color_hover":"#000000","toggle_size":{"unit":"px","size":"20","sizes":[]}},"elements":[],"widgetType":"nav-menu"}],"isInner":""},{"id":"103df1e7","elType":"column","settings":{"_column_size":"33","_inline_size":"3","content_position":"center","padding":{"unit":"px","top":"0","right":"0","bottom":"0","left":"0","isLinked":"1"},"_inline_size_mobile":"10"},"elements":[{"id":"74dc8ec3","elType":"widget","settings":{"selected_icon":{"value":"fas fa-plus","library":"fa-solid"},"align":"right","primary_color":"#000000","size":{"unit":"px","size":"15","sizes":[]},"__dynamic__":{"link":"[elementor-tag id=\"5516ece\" name=\"popup\" settings=\"%7B%22popup%22%3A%22427%22%7D\"]"},"hover_primary_color":"#9E9E9E"},"elements":[],"widgetType":"icon"}],"isInner":""}],"isInner":""}],"page_settings":[]}