{"content":[{"id":"452917c5","elType":"section","settings":{"layout":"full_width","padding":{"unit":"%","top":"5","right":"10","bottom":"0","left":"10","isLinked":""},"structure":"20","_title":"Page Title","margin_mobile":{"unit":"px","top":"50","right":"0","bottom":"0","left":"0","isLinked":""},"padding_mobile":{"unit":"%","top":"0","right":"5","bottom":"0","left":"5","isLinked":""},"_timestamp_":"v1WjRwWEVHZkY3VVJWVEwzdFhhT0JXdz09"},"elements":[{"id":"2bbf9c0f","elType":"column","settings":{"_column_size":"50","padding":{"unit":"%","top":"0","right":"5","bottom":"0","left":"0","isLinked":""},"_inline_size":"45.004","content_position":"center","_inline_size_tablet":"100","padding_tablet":{"unit":"px","top":"0","right":"0","bottom":"0","left":"0","isLinked":"1"}},"elements":[{"id":"3b145790","elType":"widget","settings":{"__dynamic__":{"title":"[elementor-tag id=\"\" name=\"archive-title\" settings=\"%7B%22before%22%3A%22we%20got%20featured%20in%20%22%2C%22include_context%22%3A%22%22%7D\"]"},"title":"Add Your Heading Text Here","align":"left","title_color":"#000000","typography_typography":"custom","typography_font_family":"Montserrat","typography_font_size":{"unit":"px","size":"55","sizes":[]},"typography_font_weight":"100","typography_text_transform":"uppercase","typography_font_size_tablet":{"unit":"px","size":"50","sizes":[]},"typography_font_size_mobile":{"unit":"px","size":"30","sizes":[]},"animation_duration":"slow"},"elements":[],"widgetType":"theme-archive-title"}],"isInner":""},{"id":"5479b763","elType":"column","settings":{"_column_size":"50","padding":{"unit":"%","top":"0","right":"12","bottom":"0","left":"12","isLinked":""},"_inline_size":"55","_inline_size_tablet":"100","margin_tablet":{"unit":"px","top":"30","right":"0","bottom":"0","left":"0","isLinked":""},"padding_tablet":{"unit":"px","top":"0","right":"0","bottom":"0","left":"0","isLinked":"1"}},"elements":[{"id":"1e6ab8cb","elType":"widget","settings":{"editor":"<p>Lorem ipsum dolor sit amet, cons ectetur adipis cing elit, sekido alor eiusmod oplot tempor alor incididunt labore et dolore magna epoyt aliqua erolp shulp sed adip lrty opti iscing diam donec facilisi nullam vehicula ipsum atdi arcu cursus off vitae congue amet estyt.<\/p>","align":"left","text_color":"#000000","typography_typography":"custom","typography_font_family":"Montserrat","typography_font_size":{"unit":"px","size":"16","sizes":[]},"typography_font_weight":"200"},"elements":[],"widgetType":"text-editor"}],"isInner":""}],"isInner":""},{"id":"4113f5cd","elType":"section","settings":{"layout":"full_width","padding":{"unit":"%","top":"0","right":"5","bottom":"0","left":"5","isLinked":""},"margin":{"unit":"px","top":"100","right":"0","bottom":"200","left":"0","isLinked":""},"_title":"Hero Pic","margin_tablet":{"unit":"px","top":"50","right":"0","bottom":"100","left":"0","isLinked":""},"_timestamp_":"v1WjRwWEVHZkY3VVJWVEwzdFhhT0JXdz09"},"elements":[{"id":"316dda45","elType":"column","settings":{"_column_size":"100","padding":{"unit":"px","top":"0","right":"0","bottom":"0","left":"0","isLinked":"1"}},"elements":[{"id":"143d5314","elType":"widget","settings":{"image":{"id":13263,"url":"https:\/\/library.elementor.com\/wp-content\/uploads\/2020\/04\/Blog-Pic.png"},"image_size":"full","width":{"unit":"%","size":"100","sizes":[]},"motion_fx_motion_fx_scrolling":"yes","motion_fx_translateY_effect":"yes","motion_fx_translateY_speed":{"unit":"px","size":"2","sizes":[]},"motion_fx_devices":["desktop"]},"elements":[],"widgetType":"image"}],"isInner":""}],"isInner":""},{"id":"6f55a60","elType":"section","settings":{"layout":"full_width","padding":{"unit":"%","top":"0","right":"5","bottom":"0","left":"16","isLinked":""},"_title":"Our Articles Title","padding_mobile":{"unit":"%","top":"0","right":"5","bottom":"0","left":"5","isLinked":""},"overflow":"hidden","_timestamp_":"v1WjRwWEVHZkY3VVJWVEwzdFhhT0JXdz09"},"elements":[{"id":"39411b87","elType":"column","settings":{"_column_size":"100","content_position":"center","padding":{"unit":"px","top":"0","right":"0","bottom":"0","left":"0","isLinked":"1"},"motion_fx_motion_fx_scrolling":"yes","motion_fx_translateX_effect":"yes","motion_fx_translateX_speed":{"unit":"px","size":"1","sizes":[]},"motion_fx_translateX_affectedRange":{"unit":"%","size":"","sizes":{"start":"0","end":"50"}},"motion_fx_devices":["desktop"]},"elements":[{"id":"59f8885e","elType":"widget","settings":{"align":"left","text":"Our <b>MENTIONS<\/b>","look":"line_text","typography_typography":"custom","typography_font_family":"Montserrat","typography_font_size":{"unit":"px","size":"35","sizes":[]},"typography_font_weight":"200","typography_text_transform":"uppercase","text_align":"left","text_spacing":{"unit":"px","size":"50","sizes":[]},"color":"#000000","text_color":"#000000","typography_font_size_mobile":{"unit":"px","size":"25","sizes":[]},"text_spacing_mobile":{"unit":"px","size":"15","sizes":[]}},"elements":[],"widgetType":"divider"}],"isInner":""}],"isInner":""},{"id":"7c72e993","elType":"section","settings":{"layout":"full_width","padding":{"unit":"%","top":"0","right":"16","bottom":"0","left":"16","isLinked":""},"margin":{"unit":"px","top":"100","right":"0","bottom":"0","left":"0","isLinked":""},"_title":"Articles","margin_tablet":{"unit":"px","top":"50","right":"0","bottom":"0","left":"0","isLinked":""},"padding_tablet":{"unit":"%","top":"0","right":"5","bottom":"0","left":"5","isLinked":""},"_timestamp_":"v1WjRwWEVHZkY3VVJWVEwzdFhhT0JXdz09"},"elements":[{"id":"36ff56cb","elType":"column","settings":{"_column_size":"100","padding":{"unit":"px","top":"0","right":"0","bottom":"0","left":"0","isLinked":"1"}},"elements":[{"id":"1a1a6b17","elType":"widget","settings":{"_skin":"cards","classic_posts_per_page":"3","classic_show_excerpt":"","classic_meta_data":["date"],"classic_meta_separator":"\/\/\/","classic_show_read_more":"","classic_read_more_text":"Read More \u00bb","cards_thumbnail_size_size":"full","cards_show_excerpt":"","cards_meta_data":["date"],"cards_meta_separator":"\u2022","cards_show_read_more":"","cards_read_more_text":"Read More \u00bb","cards_show_badge":"","cards_show_avatar":"","full_content_meta_separator":"\/\/\/","classic_column_gap":{"unit":"px","size":"50","sizes":[]},"classic_row_gap":{"unit":"px","size":"50","sizes":[]},"classic_title_color":"#000000","classic_title_typography_typography":"custom","classic_title_typography_font_family":"Montserrat","classic_title_typography_font_size":{"unit":"px","size":"16","sizes":[]},"classic_title_typography_font_weight":"300","classic_title_spacing":{"unit":"px","size":"10","sizes":[]},"cards_column_gap":{"unit":"px","size":"50","sizes":[]},"cards_row_gap":{"unit":"px","size":"50","sizes":[]},"cards_card_border_width":{"unit":"px","size":"0","sizes":[]},"cards_card_padding":{"unit":"px","size":"0","sizes":[]},"cards_box_shadow_box_shadow_type":"","cards_hover_effect":"none","cards_meta_border_color":"#000000","cards_image_spacing":{"unit":"px","size":"0","sizes":[]},"cards_title_color":"#000000","cards_title_typography_typography":"custom","cards_title_typography_font_family":"Montserrat","cards_title_typography_font_size":{"unit":"px","size":"16","sizes":[]},"cards_title_typography_font_weight":"300","cards_title_spacing":{"unit":"px","size":"15","sizes":[]},"cards_meta_color":"#000000","cards_meta_separator_color":"#000000","cards_meta_typography_typography":"custom","cards_meta_typography_font_family":"Montserrat","cards_meta_typography_font_size":{"unit":"px","size":"14","sizes":[]},"cards_meta_typography_font_weight":"300","pagination_page_limit":"5","pagination_prev_label":"&laquo; Previous","pagination_next_label":"Next &raquo;","posts_include":[],"posts_include_term_ids":["8"]},"elements":[],"widgetType":"posts"}],"isInner":""}],"isInner":""}],"page_settings":[]}