{"content":[{"id":"688f4a3e","elType":"section","settings":{"layout":"full_width","padding":{"unit":"%","top":"5","right":"10","bottom":"0","left":"10","isLinked":""},"_title":"Post Title","margin_mobile":{"unit":"px","top":"50","right":"0","bottom":"0","left":"0","isLinked":""},"padding_mobile":{"unit":"%","top":"0","right":"5","bottom":"0","left":"5","isLinked":""},"_timestamp_":"v1WjRwWEVHZkY3VVJWVEwzdFhhT0JXdz09"},"elements":[{"id":"3d78f046","elType":"column","settings":{"_column_size":"100","padding":{"unit":"%","top":"0","right":"10","bottom":"0","left":"0","isLinked":""},"content_position":"center","padding_tablet":{"unit":"px","top":"0","right":"0","bottom":"0","left":"0","isLinked":"1"}},"elements":[{"id":"1fa84db1","elType":"widget","settings":{"editor":"<p>thinking design, <strong>creative solutions<\/strong><\/p>","align":"left","text_color":"#000000","typography_typography":"custom","typography_font_family":"Montserrat","typography_font_size":{"unit":"px","size":"55","sizes":[]},"typography_font_weight":"100","typography_text_transform":"uppercase","typography_line_height":{"unit":"em","size":"1","sizes":[]},"__dynamic__":{"editor":"[elementor-tag id=\"19f9c5a\" name=\"post-title\" settings=\"%7B%7D\"]"},"typography_font_size_tablet":{"unit":"px","size":"50","sizes":[]},"typography_font_size_mobile":{"unit":"px","size":"30","sizes":[]}},"elements":[],"widgetType":"text-editor"}],"isInner":""}],"isInner":""},{"id":"78df14b7","elType":"section","settings":{"layout":"full_width","padding":{"unit":"%","top":"0","right":"5","bottom":"0","left":"5","isLinked":""},"margin":{"unit":"px","top":"100","right":"0","bottom":"200","left":"0","isLinked":""},"_title":"Post Pic","margin_tablet":{"unit":"px","top":"50","right":"0","bottom":"50","left":"0","isLinked":""},"_timestamp_":"v1WjRwWEVHZkY3VVJWVEwzdFhhT0JXdz09"},"elements":[{"id":"58072cd8","elType":"column","settings":{"_column_size":"100","padding":{"unit":"px","top":"0","right":"0","bottom":"0","left":"0","isLinked":"1"}},"elements":[{"id":"6f8299c","elType":"widget","settings":{"__dynamic__":{"image":"[elementor-tag id=\"\" name=\"post-featured-image\" settings=\"%7B%22fallback%22%3A%7B%22url%22%3A%22%22%2C%22id%22%3A%22%22%7D%7D\"]"},"image_size":"full","width":{"unit":"%","size":"100","sizes":[]},"motion_fx_motion_fx_scrolling":"yes","motion_fx_translateY_effect":"yes","motion_fx_translateY_speed":{"unit":"px","size":"2","sizes":[]},"motion_fx_devices":["desktop"],"image":{"id":"12826","url":"https:\/\/library.elementor.com\/wp-content\/uploads\/2020\/02\/placeholder.png"}},"elements":[],"widgetType":"theme-post-featured-image"}],"isInner":""}],"isInner":""},{"id":"139e2288","elType":"section","settings":{"structure":"40","layout":"full_width","padding":{"unit":"%","top":"0","right":"10","bottom":"0","left":"10","isLinked":""},"_title":"Project Info","padding_mobile":{"unit":"%","top":"0","right":"5","bottom":"0","left":"5","isLinked":""},"_timestamp_":"v1WjRwWEVHZkY3VVJWVEwzdFhhT0JXdz09"},"elements":[{"id":"22f74507","elType":"column","settings":{"_column_size":"25","_inline_size":"19.275","content_position":"center","space_between_widgets":"0","border_width":{"unit":"px","top":"0","right":"1","bottom":"0","left":"0","isLinked":""},"border_color":"#000000","_inline_size_tablet":"50","border_border":"solid","border_width_tablet":{"unit":"px","top":"0","right":"0","bottom":"0","left":"1","isLinked":""},"padding_tablet":{"unit":"%","top":"0","right":"0","bottom":"0","left":"20","isLinked":""},"padding_mobile":{"unit":"%","top":"0","right":"0","bottom":"0","left":"10","isLinked":""}},"elements":[{"id":"7907d3d2","elType":"widget","settings":{"title":"Location","title_color":"#000000","typography_typography":"custom","typography_font_family":"Montserrat","typography_font_size":{"unit":"px","size":"18","sizes":[]},"typography_font_weight":"400","typography_text_transform":"uppercase","header_size":"h3"},"elements":[],"widgetType":"heading"},{"id":"4cc847ae","elType":"widget","settings":{"icon_list":[{"type":"custom","selected_icon":{"value":"far fa-user-circle","library":"fa-regular"},"_id":"9e6a495","date_format":"default","custom_date_format":"F j, Y","time_format":"default","custom_time_format":"g:i a","taxonomy":[],"text_prefix":"","show_avatar":"","avatar_size":{"unit":"px","size":"","sizes":[]},"avatar_size_tablet":{"unit":"px","size":"","sizes":[]},"avatar_size_mobile":{"unit":"px","size":"","sizes":[]},"comments_custom_strings":"","string_no_comments":"","string_one_comment":"","string_comments":"","custom_text":"Lo","link":"","custom_url":{"url":"","is_external":"","nofollow":"","custom_attributes":""},"show_icon":"none","__dynamic__":{"custom_text":"[elementor-tag id=\"c6977ff\" name=\"post-custom-field\" settings=\"%7B%22key%22%3A%22Location%22%7D\"]"}}],"space_between":{"unit":"px","size":"0","sizes":[]},"icon_size":{"unit":"px","size":"0","sizes":[]},"text_color":"#000000","icon_typography_typography":"custom","icon_typography_font_family":"Montserrat","icon_typography_font_size":{"unit":"px","size":"15","sizes":[]},"icon_typography_font_weight":"200","icon_typography_text_transform":"uppercase"},"elements":[],"widgetType":"post-info"}],"isInner":""},{"id":"5872013","elType":"column","settings":{"_column_size":"25","_inline_size":"29.684","content_position":"center","space_between_widgets":"0","border_border":"solid","border_width":{"unit":"px","top":"0","right":"0","bottom":"0","left":"1","isLinked":""},"border_color":"#000000","padding":{"unit":"%","top":"0","right":"0","bottom":"0","left":"25","isLinked":""},"_inline_size_tablet":"50","margin_mobile":{"unit":"px","top":"30","right":"0","bottom":"0","left":"0","isLinked":""},"padding_mobile":{"unit":"%","top":"0","right":"0","bottom":"0","left":"10","isLinked":""}},"elements":[{"id":"13ba3786","elType":"widget","settings":{"title":"Total Floor Area","title_color":"#000000","typography_typography":"custom","typography_font_family":"Montserrat","typography_font_size":{"unit":"px","size":"18","sizes":[]},"typography_font_weight":"400","typography_text_transform":"uppercase","header_size":"h3"},"elements":[],"widgetType":"heading"},{"id":"28f75b7f","elType":"widget","settings":{"icon_list":[{"type":"custom","selected_icon":{"value":"far fa-user-circle","library":"fa-regular"},"_id":"9e6a495","date_format":"default","custom_date_format":"F j, Y","time_format":"default","custom_time_format":"g:i a","taxonomy":[],"text_prefix":"","show_avatar":"","avatar_size":{"unit":"px","size":"","sizes":[]},"avatar_size_tablet":{"unit":"px","size":"","sizes":[]},"avatar_size_mobile":{"unit":"px","size":"","sizes":[]},"comments_custom_strings":"","string_no_comments":"","string_one_comment":"","string_comments":"","custom_text":"Lo","link":"","custom_url":{"url":"","is_external":"","nofollow":"","custom_attributes":""},"show_icon":"none","__dynamic__":{"custom_text":"[elementor-tag id=\"c6977ff\" name=\"post-custom-field\" settings=\"%7B%22key%22%3A%22Total%20Floor%20Area%22%7D\"]"}}],"space_between":{"unit":"px","size":"0","sizes":[]},"icon_size":{"unit":"px","size":"0","sizes":[]},"text_color":"#000000","icon_typography_typography":"custom","icon_typography_font_family":"Montserrat","icon_typography_font_size":{"unit":"px","size":"15","sizes":[]},"icon_typography_font_weight":"200","icon_typography_text_transform":"uppercase"},"elements":[],"widgetType":"post-info"}],"isInner":""},{"id":"4e215657","elType":"column","settings":{"_column_size":"25","_inline_size":"25.521","content_position":"center","space_between_widgets":"0","border_border":"solid","border_width":{"unit":"px","top":"0","right":"0","bottom":"0","left":"1","isLinked":""},"border_color":"#000000","padding":{"unit":"%","top":"0","right":"0","bottom":"0","left":"35","isLinked":""},"_inline_size_tablet":"50","margin_tablet":{"unit":"px","top":"30","right":"0","bottom":"0","left":"0","isLinked":""},"padding_tablet":{"unit":"%","top":"0","right":"0","bottom":"0","left":"20","isLinked":""},"margin_mobile":{"unit":"px","top":"30","right":"0","bottom":"0","left":"0","isLinked":""},"padding_mobile":{"unit":"%","top":"0","right":"0","bottom":"0","left":"10","isLinked":""}},"elements":[{"id":"17835d85","elType":"widget","settings":{"title":"Design","title_color":"#000000","typography_typography":"custom","typography_font_family":"Montserrat","typography_font_size":{"unit":"px","size":"18","sizes":[]},"typography_font_weight":"400","typography_text_transform":"uppercase","header_size":"h3"},"elements":[],"widgetType":"heading"},{"id":"6749e098","elType":"widget","settings":{"icon_list":[{"type":"custom","selected_icon":{"value":"far fa-user-circle","library":"fa-regular"},"_id":"9e6a495","date_format":"default","custom_date_format":"F j, Y","time_format":"default","custom_time_format":"g:i a","taxonomy":[],"text_prefix":"","show_avatar":"","avatar_size":{"unit":"px","size":"","sizes":[]},"avatar_size_tablet":{"unit":"px","size":"","sizes":[]},"avatar_size_mobile":{"unit":"px","size":"","sizes":[]},"comments_custom_strings":"","string_no_comments":"","string_one_comment":"","string_comments":"","custom_text":"Lo","link":"","custom_url":{"url":"","is_external":"","nofollow":"","custom_attributes":""},"show_icon":"none","__dynamic__":{"custom_text":"[elementor-tag id=\"c6977ff\" name=\"post-custom-field\" settings=\"%7B%22key%22%3A%22Design%22%7D\"]"}}],"space_between":{"unit":"px","size":"0","sizes":[]},"icon_size":{"unit":"px","size":"0","sizes":[]},"text_color":"#000000","icon_typography_typography":"custom","icon_typography_font_family":"Montserrat","icon_typography_font_size":{"unit":"px","size":"15","sizes":[]},"icon_typography_font_weight":"200","icon_typography_text_transform":"uppercase"},"elements":[],"widgetType":"post-info"}],"isInner":""},{"id":"b3f4bef","elType":"column","settings":{"_column_size":"25","_inline_size":"25.504","content_position":"center","space_between_widgets":"0","border_border":"solid","border_width":{"unit":"px","top":"0","right":"0","bottom":"0","left":"1","isLinked":""},"border_color":"#000000","padding":{"unit":"%","top":"0","right":"0","bottom":"0","left":"25","isLinked":""},"_inline_size_tablet":"50","margin_tablet":{"unit":"px","top":"30","right":"0","bottom":"0","left":"0","isLinked":""},"margin_mobile":{"unit":"px","top":"30","right":"0","bottom":"0","left":"0","isLinked":""},"padding_mobile":{"unit":"%","top":"0","right":"0","bottom":"0","left":"10","isLinked":""}},"elements":[{"id":"4e8904e4","elType":"widget","settings":{"title":"Program","title_color":"#000000","typography_typography":"custom","typography_font_family":"Montserrat","typography_font_size":{"unit":"px","size":"18","sizes":[]},"typography_font_weight":"400","typography_text_transform":"uppercase","header_size":"h3"},"elements":[],"widgetType":"heading"},{"id":"73326f59","elType":"widget","settings":{"icon_list":[{"type":"custom","selected_icon":{"value":"far fa-user-circle","library":"fa-regular"},"_id":"9e6a495","date_format":"default","custom_date_format":"F j, Y","time_format":"default","custom_time_format":"g:i a","taxonomy":[],"text_prefix":"","show_avatar":"","avatar_size":{"unit":"px","size":"","sizes":[]},"avatar_size_tablet":{"unit":"px","size":"","sizes":[]},"avatar_size_mobile":{"unit":"px","size":"","sizes":[]},"comments_custom_strings":"","string_no_comments":"","string_one_comment":"","string_comments":"","custom_text":"Lo","link":"","custom_url":{"url":"","is_external":"","nofollow":"","custom_attributes":""},"show_icon":"none","__dynamic__":{"custom_text":"[elementor-tag id=\"c6977ff\" name=\"post-custom-field\" settings=\"%7B%22key%22%3A%22Program%22%7D\"]"}}],"space_between":{"unit":"px","size":"0","sizes":[]},"icon_size":{"unit":"px","size":"0","sizes":[]},"text_color":"#000000","icon_typography_typography":"custom","icon_typography_font_family":"Montserrat","icon_typography_font_size":{"unit":"px","size":"15","sizes":[]},"icon_typography_font_weight":"200","icon_typography_text_transform":"uppercase"},"elements":[],"widgetType":"post-info"}],"isInner":""}],"isInner":""},{"id":"3a5d6a26","elType":"section","settings":{"layout":"full_width","structure":"20","padding":{"unit":"%","top":"0","right":"5","bottom":"0","left":"5","isLinked":""},"margin":{"unit":"px","top":"150","right":"0","bottom":"150","left":"0","isLinked":"1"},"_title":"About The Project","margin_tablet":{"unit":"px","top":"100","right":"0","bottom":"100","left":"0","isLinked":"1"},"padding_mobile":{"unit":"%","top":"0","right":"5","bottom":"0","left":"5","isLinked":""},"_timestamp_":"v1WjRwWEVHZkY3VVJWVEwzdFhhT0JXdz09"},"elements":[{"id":"b0a5f1d","elType":"column","settings":{"_column_size":"50","_inline_size":"25.004","padding":{"unit":"px","top":"0","right":"0","bottom":"0","left":"0","isLinked":"1"},"_inline_size_tablet":"30"},"elements":[{"id":"696ec6bc","elType":"widget","settings":{"text":"Divider","gap":{"unit":"px","size":"10","sizes":[]},"motion_fx_motion_fx_scrolling":"yes","motion_fx_translateX_effect":"yes","motion_fx_translateX_direction":"negative","motion_fx_translateX_speed":{"unit":"px","size":"1","sizes":[]},"motion_fx_devices":["desktop"]},"elements":[],"widgetType":"divider"}],"isInner":""},{"id":"2b33fe8b","elType":"column","settings":{"_column_size":"50","_inline_size":"75","padding":{"unit":"px","top":"0","right":"0","bottom":"0","left":"50","isLinked":""},"_inline_size_tablet":"70","padding_mobile":{"unit":"px","top":"0","right":"0","bottom":"0","left":"0","isLinked":"1"}},"elements":[{"id":"38491fe6","elType":"widget","settings":{"editor":"Lorem ipsum dolor sit amet, consectetur adipng elit sed dllpora eiusmod tempor incididunt ut labore et dolore magna aliqua at renean sed alorty off adipiscing diam donec lory dacilisi nullam vehicula ipsum a arcu cursus vitae congue sit amet est placerat in egestas pharetra sit amet aliqua.\n\nAmet massa vitae tortor condimentum lacinia quis. Est placerat in egestas alot erat imperdiet sed euismod. maecenas ultricies mi eget mauris. faucibus purus in massa tempor nec feugiat nisl pretium fusce. ","align":"left","text_color":"#000000","typography_typography":"custom","typography_font_family":"Montserrat","typography_font_size":{"unit":"px","size":"15","sizes":[]},"typography_font_weight":"200","text_columns":"2","column_gap":{"unit":"px","size":"50","sizes":[]},"__dynamic__":{"editor":"[elementor-tag id=\"02bc2b4\" name=\"post-excerpt\" settings=\"%7B%7D\"]"},"text_columns_tablet":"1"},"elements":[],"widgetType":"text-editor"}],"isInner":""}],"isInner":""},{"id":"2ed8e6d","elType":"section","settings":{"layout":"full_width","padding":{"unit":"%","top":"0","right":"5","bottom":"0","left":"5","isLinked":""},"_title":"Content","_timestamp_":"v1WjRwWEVHZkY3VVJWVEwzdFhhT0JXdz09"},"elements":[{"id":"6c23e41a","elType":"column","settings":{"_column_size":"100","padding":{"unit":"px","top":"0","right":"0","bottom":"0","left":"0","isLinked":"1"}},"elements":[{"id":"5c9c025","elType":"widget","settings":{"text_color":"#000000","typography_typography":"custom","typography_font_family":"Montserrat","typography_font_size":{"unit":"px","size":"16","sizes":[]}},"elements":[],"widgetType":"theme-post-content"}],"isInner":""}],"isInner":""},{"id":"2a744305","elType":"section","settings":{"layout":"full_width","padding":{"unit":"%","top":"0","right":"5","bottom":"0","left":"16","isLinked":""},"margin":{"unit":"px","top":"200","right":"0","bottom":"0","left":"0","isLinked":""},"_title":"More  Projects Title","margin_tablet":{"unit":"px","top":"100","right":"0","bottom":"0","left":"0","isLinked":""},"padding_mobile":{"unit":"%","top":"0","right":"5","bottom":"0","left":"5","isLinked":""},"_timestamp_":"v1WjRwWEVHZkY3VVJWVEwzdFhhT0JXdz09"},"elements":[{"id":"4d412434","elType":"column","settings":{"_column_size":"100","content_position":"center","padding":{"unit":"px","top":"0","right":"0","bottom":"0","left":"0","isLinked":"1"}},"elements":[{"id":"74c7986a","elType":"widget","settings":{"align":"left","text":"More <b> Projects<\/b>","look":"line_text","typography_typography":"custom","typography_font_family":"Montserrat","typography_font_size":{"unit":"px","size":"35","sizes":[]},"typography_font_weight":"200","typography_text_transform":"uppercase","text_align":"left","text_spacing":{"unit":"px","size":"50","sizes":[]},"color":"#000000","text_color":"#000000","typography_font_size_mobile":{"unit":"px","size":"25","sizes":[]},"text_spacing_mobile":{"unit":"px","size":"15","sizes":[]},"motion_fx_motion_fx_scrolling":"yes","motion_fx_translateX_effect":"yes","motion_fx_translateX_speed":{"unit":"px","size":"1","sizes":[]},"motion_fx_translateX_affectedRange":{"unit":"%","size":"","sizes":{"start":"0","end":"50"}},"motion_fx_devices":["desktop","tablet"]},"elements":[],"widgetType":"divider"}],"isInner":""}],"isInner":""},{"id":"67ed334b","elType":"section","settings":{"layout":"full_width","margin":{"unit":"px","top":"100","right":"0","bottom":"100","left":"0","isLinked":"1"},"padding":{"unit":"%","top":"0","right":"10","bottom":"0","left":"10","isLinked":""},"_title":"Projects","margin_tablet":{"unit":"px","top":"50","right":"0","bottom":"0","left":"0","isLinked":""},"padding_mobile":{"unit":"%","top":"0","right":"5","bottom":"0","left":"5","isLinked":""},"_timestamp_":"v1WjRwWEVHZkY3VVJWVEwzdFhhT0JXdz09"},"elements":[{"id":"6ce971e6","elType":"column","settings":{"_column_size":"100","padding":{"unit":"px","top":"0","right":"0","bottom":"0","left":"0","isLinked":"1"}},"elements":[{"id":"5680abaa","elType":"widget","settings":{"classic_columns":"2","classic_posts_per_page":"2","classic_thumbnail_size_size":"full","classic_item_ratio":{"unit":"px","size":"0.65","sizes":[]},"classic_show_excerpt":"","classic_meta_data":[],"classic_meta_separator":"\/\/\/","classic_show_read_more":"","classic_read_more_text":"Read More \u00bb","cards_meta_separator":"\u2022","cards_read_more_text":"Read More \u00bb","full_content_meta_separator":"\/\/\/","classic_image_spacing":{"unit":"px","size":"15","sizes":[]},"classic_title_color":"#000000","classic_title_typography_typography":"custom","classic_title_typography_font_family":"Montserrat","classic_title_typography_font_size":{"unit":"px","size":"15","sizes":[]},"classic_title_typography_font_weight":"200","classic_title_typography_text_transform":"uppercase","pagination_page_limit":"5","pagination_prev_label":"&laquo; Previous","pagination_next_label":"Next &raquo;","classic_column_gap":{"unit":"px","size":"50","sizes":[]},"classic_row_gap":{"unit":"px","size":"50","sizes":[]},"posts_include":[],"posts_include_term_ids":["10"],"posts_avoid_duplicates":"yes","posts_exclude":["current_post"]},"elements":[],"widgetType":"posts"}],"isInner":""}],"isInner":""}],"page_settings":[]}