{"content":[{"id":"4567923","elType":"section","settings":{"content_width":{"unit":"px","size":"1200","sizes":[]},"height":"min-height","custom_height":{"unit":"px","size":"630","sizes":[]},"column_position":"stretch","structure":"20","background_background":"classic","background_color":"#F4F4FF","background_overlay_background":"classic","background_overlay_image":{"id":13407,"url":"https:\/\/library.elementor.com\/wp-content\/uploads\/2020\/04\/Popup-BG-You-did-it.png"},"background_overlay_position":"center center","background_overlay_repeat":"no-repeat","background_overlay_size":"cover","background_overlay_opacity":{"unit":"px","size":"0.05","sizes":[]},"border_radius":{"unit":"px","top":"0","right":"100","bottom":"100","left":"100","isLinked":""},"_title":"\u05dd\u05e4\u05d5\u05e4\u00a0Course Completed","background_overlay_position_tablet":"center right","border_radius_tablet":{"unit":"px","top":"0","right":"50","bottom":"50","left":"50","isLinked":""},"border_radius_mobile":{"unit":"px","top":"0","right":"30","bottom":"30","left":"30","isLinked":""},"padding_tablet":{"unit":"%","top":"10","right":"10","bottom":"0","left":"10","isLinked":""},"padding_mobile":{"unit":"px","top":"30","right":"30","bottom":"0","left":"30","isLinked":""},"_timestamp_":"v1WjRwWEVHZkY3VVJWVEwzdFhhT0JXdz09"},"elements":[{"id":"3b26141","elType":"column","settings":{"_column_size":"50","_inline_size":"50","content_position":"center","padding":{"unit":"%","top":"10","right":"0","bottom":"10","left":"10","isLinked":""},"_inline_size_tablet":"100","padding_tablet":{"unit":"px","top":"0","right":"0","bottom":"0","left":"0","isLinked":"1"}},"elements":[{"id":"431124f2","elType":"widget","settings":{"title":"Congratulations!","align":"left","title_color":"#3D4E60","typography_typography":"custom","typography_font_family":"Montserrat","typography_font_size":{"unit":"px","size":"25","sizes":[]},"typography_font_weight":"200","align_tablet":"center","typography_font_size_tablet":{"unit":"px","size":"22","sizes":[]},"typography_font_size_mobile":{"unit":"px","size":"18","sizes":[]}},"elements":[],"widgetType":"heading"},{"id":"65807ad","elType":"widget","settings":{"title":"Well Done,\n<br><b>You Did It!<\/b>","align":"left","title_color":"#000000","typography_typography":"custom","typography_font_family":"Montserrat","typography_font_size":{"unit":"px","size":"60","sizes":[]},"typography_font_weight":"200","typography_text_transform":"uppercase","typography_line_height":{"unit":"em","size":"1.2","sizes":[]},"header_size":"h1","align_tablet":"center","typography_font_size_tablet":{"unit":"px","size":"40","sizes":[]},"typography_font_size_mobile":{"unit":"px","size":"30","sizes":[]}},"elements":[],"widgetType":"heading"},{"id":"e948070","elType":"widget","settings":{"editor":"<strong>Something Wasn't Clear?<\/strong>\n<br>Feel free to contact me, and I will be more than happy to answer all of your questions.","text_color":"#3D4E60","typography_typography":"custom","typography_font_family":"Montserrat","typography_font_size":{"unit":"px","size":"18","sizes":[]},"typography_font_weight":"200","align":"left","_margin":{"unit":"%","top":"0","right":"10","bottom":"0","left":"0","isLinked":""},"align_tablet":"center"},"elements":[],"widgetType":"text-editor"},{"id":"10b9048a","elType":"section","settings":{"structure":"20"},"elements":[{"id":"39308b2f","elType":"column","settings":{"_column_size":"50","_inline_size":"59.444","content_position":"center","padding":{"unit":"px","top":"0","right":"0","bottom":"0","left":"0","isLinked":"1"},"padding_tablet":{"unit":"px","top":"0","right":"15","bottom":"0","left":"0","isLinked":""},"padding_mobile":{"unit":"px","top":"0","right":"0","bottom":"0","left":"0","isLinked":"1"}},"elements":[{"id":"25efefb1","elType":"widget","settings":{"text":"Explore More Courses","align":"left","selected_icon":{"value":{"id":"13312","url":"https:\/\/library.elementor.com\/wp-content\/uploads\/2020\/04\/arrow-icon-size3.svg"},"library":"svg"},"icon_align":"right","icon_indent":{"unit":"px","size":"10","sizes":[]},"typography_typography":"custom","typography_font_family":"Montserrat","typography_font_size":{"unit":"px","size":"15","sizes":[]},"typography_font_weight":"300","typography_text_transform":"uppercase","button_text_color":"#FFFFFF","background_color":"#635DFF","hover_color":"#635DFF","button_background_hover_color":"#FFFFFF","hover_animation":"float","border_radius":{"unit":"px","top":"50","right":"0","bottom":"50","left":"50","isLinked":""},"button_box_shadow_box_shadow_type":"yes","button_box_shadow_box_shadow":{"horizontal":"0","vertical":"15","blur":"30","spread":"0","color":"rgba(0, 0, 0, 0.15)"},"text_padding":{"unit":"px","top":"18","right":"35","bottom":"18","left":"35","isLinked":""},"align_tablet":"right","align_mobile":"center","text_padding_mobile":{"unit":"px","top":"20","right":"15","bottom":"20","left":"15","isLinked":""},"link":{"url":"","is_external":"","nofollow":"","custom_attributes":""}},"elements":[],"widgetType":"button"}],"isInner":"1"},{"id":"57041ee1","elType":"column","settings":{"_column_size":"50","_inline_size":"40.556","content_position":"center","padding":{"unit":"px","top":"0","right":"0","bottom":"0","left":"0","isLinked":"1"},"margin_mobile":{"unit":"px","top":"30","right":"0","bottom":"0","left":"0","isLinked":""},"padding_tablet":{"unit":"px","top":"0","right":"0","bottom":"0","left":"15","isLinked":""},"padding_mobile":{"unit":"px","top":"0","right":"0","bottom":"0","left":"0","isLinked":"1"}},"elements":[{"id":"9b1493a","elType":"widget","settings":{"text":"Contact Me","align":"left","selected_icon":{"value":{"id":"13312","url":"https:\/\/library.elementor.com\/wp-content\/uploads\/2020\/04\/arrow-icon-size3.svg"},"library":"svg"},"icon_align":"right","icon_indent":{"unit":"px","size":"10","sizes":[]},"typography_typography":"custom","typography_font_family":"Montserrat","typography_font_size":{"unit":"px","size":"15","sizes":[]},"typography_font_weight":"300","typography_text_transform":"uppercase","button_text_color":"#635DFF","background_color":"#FFFFFF","hover_color":"#FFFFFF","button_background_hover_color":"#635DFF","hover_animation":"float","border_radius":{"unit":"px","top":"50","right":"0","bottom":"50","left":"50","isLinked":""},"button_box_shadow_box_shadow_type":"yes","button_box_shadow_box_shadow":{"horizontal":"0","vertical":"15","blur":"30","spread":"0","color":"rgba(0, 0, 0, 0.15)"},"text_padding":{"unit":"px","top":"18","right":"35","bottom":"18","left":"35","isLinked":""},"align_mobile":"center","link":{"url":"","is_external":"","nofollow":"","custom_attributes":""}},"elements":[],"widgetType":"button"}],"isInner":"1"}],"isInner":"1"}],"isInner":""},{"id":"33f9d70a","elType":"column","settings":{"_column_size":"50","_inline_size":"50","content_position":"bottom","padding":{"unit":"%","top":"0","right":"5","bottom":"0","left":"0","isLinked":""},"_inline_size_tablet":"100","margin_tablet":{"unit":"px","top":"50","right":"0","bottom":"0","left":"0","isLinked":""},"padding_tablet":{"unit":"px","top":"0","right":"0","bottom":"0","left":"0","isLinked":"1"}},"elements":[{"id":"73bf2a12","elType":"widget","settings":{"image":{"id":13406,"url":"https:\/\/library.elementor.com\/wp-content\/uploads\/2020\/04\/pic-popup-well-done.png"},"image_size":"full","align":"left","width":{"unit":"%","size":"90","sizes":[]},"align_tablet":"center","width_tablet":{"unit":"%","size":"55","sizes":[]},"width_mobile":{"unit":"%","size":"85","sizes":[]}},"elements":[],"widgetType":"image"}],"isInner":""}],"isInner":""}],"page_settings":{"background_background":"classic","background_color":"rgba(2, 1, 1, 0)","padding_tablet":{"unit":"%","top":"0","right":"5","bottom":"0","left":"5","isLinked":""},"padding_mobile":{"unit":"%","top":"5","right":"5","bottom":"0","left":"5","isLinked":""},"width":{"unit":"px","size":"1200","sizes":[]},"height_type":"custom","height":{"unit":"px","size":"700","sizes":[]},"close_button_vertical":{"unit":"px","size":"10","sizes":[]},"close_button_horizontal":{"unit":"%","size":"97","sizes":[]},"close_button_color":"#3D4E60","icon_size":{"unit":"px","size":"15","sizes":[]},"height_tablet":{"unit":"px","size":"780","sizes":[]},"box_shadow_box_shadow_type":"","close_button_vertical_tablet":{"unit":"px","size":"5","sizes":[]},"close_button_vertical_mobile":{"unit":"%","size":"4","sizes":[]},"close_button_horizontal_tablet":{"unit":"%","size":"90.8","sizes":[]},"close_button_horizontal_mobile":{"unit":"%","size":"85","sizes":[]},"entrance_animation":"fadeIn","exit_animation":"fadeIn"}}