{"content":[{"id":"3d9182d","elType":"section","settings":{"content_width":{"unit":"px","size":"560","sizes":[]},"padding_mobile":{"unit":"%","top":"0","right":"12","bottom":"0","left":"12","isLinked":""},"_title":"newsletter form","_timestamp_":"v1WjRwWEVHZkY3VVJWVEwzdFhhT0JXdz09"},"elements":[{"id":"1fb326c","elType":"column","settings":{"_column_size":"100","padding":{"unit":"px","top":"0","right":"0","bottom":"0","left":"0","isLinked":""}},"elements":[{"id":"64ea5621","elType":"widget","settings":{"title":"Stay in the loop","align":"center","_padding":{"unit":"%","top":"0","right":"0","bottom":"2","left":"0","isLinked":""},"_padding_mobile":{"unit":"%","top":"0","right":"20","bottom":"12","left":"20","isLinked":""},"title_color":"#FFFFFF","typography_typography":"custom","typography_font_family":"Domine","typography_font_size":{"unit":"px","size":"40","sizes":[]},"typography_font_size_tablet":{"unit":"px","size":"32","sizes":[]},"typography_font_size_mobile":{"unit":"px","size":"22","sizes":[]},"typography_font_weight":"bold","typography_text_transform":"uppercase","typography_line_height":{"unit":"px","size":"56","sizes":[]},"typography_line_height_tablet":{"unit":"px","size":"40","sizes":[]},"typography_line_height_mobile":{"unit":"px","size":"30","sizes":[]},"typography_letter_spacing":{"unit":"px","size":"2.55","sizes":[]},"typography_letter_spacing_mobile":{"unit":"px","size":"2","sizes":[]}},"elements":[],"widgetType":"heading"},{"id":"b8436ea","elType":"widget","settings":{"form_name":"popup Form","form_fields":[{"custom_id":"email","field_type":"email","required":"true","field_label":"Your Email","placeholder":"","width":"100","_id":"2a008a1","field_options":"","allow_multiple":"","select_size":"","inline_list":"","field_html":"","width_tablet":"","width_mobile":"","rows":"4","recaptcha_size":"normal","recaptcha_style":"light","recaptcha_badge":"bottomright","css_classes":"","field_value":"","file_sizes":"","file_types":"","allow_multiple_upload":"","max_files":"","acceptance_text":"","checked_by_default":"","field_min":"","field_max":"","min_date":"","max_date":"","use_native_date":"","use_native_time":""}],"input_size":"lg","button_text":"subscribe","button_size":"md","button_align":"center","button_align_mobile":"stretch","email_content":"[all-fields]","email_content_2":"[all-fields]","success_message":"The form was sent successfully.","error_message":"An error occured.","required_field_message":"This field is required.","invalid_message":"There's something wrong. The form is invalid.","column_gap":{"unit":"px","size":"26","sizes":[]},"row_gap":{"unit":"px","size":"24","sizes":[]},"label_spacing":{"unit":"px","size":"12","sizes":[]},"label_color":"#FFFFFF","label_typography_typography":"custom","button_background_color":"#000000","button_background_hover_color":"#FFFFFF","button_hover_color":"#003AF1","success_message_color":"#003AF1","error_message_color":"#FF0000","inline_message_color":"#FFFFFF","mark_required":"yes","mark_required_color":"#FFFFFF","label_typography_font_family":"Work Sans","label_typography_font_size":{"unit":"px","size":"12","sizes":[]},"label_typography_font_weight":"normal","label_typography_text_transform":"capitalize","field_text_color":"#000000","field_typography_typography":"custom","field_typography_font_family":"Work Sans","field_typography_font_size":{"unit":"px","size":"14","sizes":[]},"field_typography_text_transform":"capitalize","field_background_color":"#FFFFFF","field_border_color":"#B0B6B6","field_border_width":{"unit":"px","top":"0","right":"0","bottom":"0","left":"0","isLinked":"1"},"field_border_radius":{"unit":"px","top":"0","right":"0","bottom":"0","left":"0","isLinked":"1"},"button_typography_typography":"custom","button_typography_font_family":"Work Sans","button_typography_font_size":{"unit":"px","size":"14","sizes":[]},"button_typography_font_weight":"bold","button_typography_text_transform":"uppercase","button_typography_line_height":{"unit":"px","size":"28","sizes":[]},"button_typography_letter_spacing":{"unit":"px","size":"2.92","sizes":[]},"button_border_radius":{"unit":"px","top":"0","right":"0","bottom":"0","left":"0","isLinked":"1"},"animation_duration":"slow","button_text_color":"#FFFFFF"},"elements":[],"widgetType":"form"}],"isInner":""}],"isInner":""}],"page_settings":{"background_background":"classic","background_color":"#003AF1","width":{"unit":"px","size":"785","sizes":[]},"height_type":"custom","height":{"unit":"px","size":"400","sizes":[]},"content_position":"center","horizontal_position":"right","width_tablet":{"unit":"vw","size":"100","sizes":[]},"width_mobile":{"unit":"vw","size":"88","sizes":[]},"height_tablet":{"unit":"vh","size":"","sizes":[]},"height_mobile":{"unit":"vh","size":"60","sizes":[]},"horizontal_position_tablet":"center","vertical_position_tablet":"center","entrance_animation":"slideInRight","exit_animation":"slideInRight","entrance_animation_duration":{"unit":"px","size":"0.8","sizes":[]},"box_shadow_box_shadow_type":"","overlay_background_color":"rgba(176, 182, 182, 0.7)","close_button_color":"#FFFFFF","close_button_vertical":{"unit":"%","size":"2.5","sizes":[]},"close_button_vertical_mobile":{"unit":"%","size":"2","sizes":[]}}}