{"content":[{"id":"1c4b19f0","elType":"section","settings":{"layout":"full_width","height":"min-height","custom_height":{"unit":"vh","size":"10","sizes":[]},"structure":"20","background_background":"classic","background_color":"#B0B6B6","padding":{"unit":"%","top":"0","right":"4","bottom":"0","left":"4","isLinked":""},"sticky":"top","custom_height_mobile":{"unit":"vh","size":"11","sizes":[]},"padding_tablet":{"unit":"%","top":"0","right":"4","bottom":"0","left":"4","isLinked":""},"html_tag":"header","background_motion_fx_motion_fx_scrolling":"yes","background_motion_fx_opacity_effect":"yes","background_motion_fx_opacity_range":{"unit":"%","size":"","sizes":{"start":"2","end":"7"}},"background_motion_fx_range":"page","_title":"header","margin":{"unit":"px","top":"-111","right":"0","bottom":"0","left":"0","isLinked":""},"margin_tablet":{"unit":"px","top":"-105","right":"0","bottom":"0","left":"0","isLinked":""},"margin_mobile":{"unit":"px","top":"-75","right":"0","bottom":"0","left":"0","isLinked":""},"_timestamp_":"v1WjRwWEVHZkY3VVJWVEwzdFhhT0JXdz09"},"elements":[{"id":"23fcc4d1","elType":"column","settings":{"_column_size":"50","_inline_size":"69.939","content_position":"center","_inline_size_tablet":"53","align_tablet":"space-between","padding":{"unit":"px","top":"0","right":"0","bottom":"0","left":"0","isLinked":""},"padding_tablet":{"unit":"px","top":"0","right":"2","bottom":"0","left":"0","isLinked":""},"padding_mobile":{"unit":"%","top":"0","right":"0","bottom":"0","left":"2","isLinked":""}},"elements":[{"id":"6f8ca86","elType":"widget","settings":{"image":{"id":13616,"url":"https:\/\/library.elementor.com\/wp-content\/uploads\/2020\/05\/KINGSHEAD-full-logo.png"},"_element_width":"initial","_element_width_tablet":"initial","_element_custom_width":{"unit":"px","size":"130","sizes":[]},"_element_custom_width_tablet":{"unit":"%","size":"35","sizes":[]},"link_to":"custom","__dynamic__":{"link":"[elementor-tag id=\"11bfaf3\" name=\"site-url\" settings=\"%7B%7D\"]"},"background_hover_transition":{"unit":"px","size":"300","sizes":[]},"_background_hover_background":"classic"},"elements":[],"widgetType":"image"},{"id":"38afaaf3","elType":"widget","settings":{"align_items":"left","pointer":"none","menu_typography_typography":"custom","menu_typography_font_family":"Domine","menu_typography_font_size":{"unit":"px","size":"12","sizes":[]},"color_menu_item":"#000000","color_menu_item_hover":"#003AF1","_element_width":"initial","padding_horizontal_menu_item":{"unit":"px","size":"0","sizes":[]},"padding_vertical_menu_item":{"unit":"px","size":"10","sizes":[]},"menu_space_between":{"unit":"px","size":"32","sizes":[]},"_margin":{"unit":"%","top":"0","right":"0","bottom":"0","left":"8","isLinked":""},"_padding":{"unit":"%","top":"0","right":"0","bottom":"0","left":"0","isLinked":"1"},"_element_custom_width":{"unit":"%","size":"75","sizes":[]},"menu_typography_text_transform":"uppercase","full_width":"stretch","text_align":"center","color_dropdown_item":"#000000","color_dropdown_item_hover":"#003AF1","background_color_dropdown_item_hover":"#FFFFFF","color_dropdown_item_active":"#003AF1","background_color_dropdown_item_active":"#FFFFFF","toggle_color":"#003AF1","toggle_background_color":"rgba(255, 255, 255, 0)","toggle_size":{"unit":"px","size":"25","sizes":[]},"_margin_tablet":{"unit":"px","top":"0","right":"0","bottom":"0","left":"0","isLinked":""},"_padding_tablet":{"unit":"%","top":"0","right":"0","bottom":"0","left":"0","isLinked":""},"_element_width_tablet":"initial","_element_custom_width_tablet":{"unit":"px","size":"40","sizes":[]},"menu_typography_font_weight":"bold","menu_typography_line_height":{"unit":"px","size":"","sizes":[]},"menu_typography_letter_spacing":{"unit":"px","size":"2.5","sizes":[]},"background_color_dropdown_item":"#B0B6B6"},"elements":[],"widgetType":"nav-menu"}],"isInner":""},{"id":"6148d4e9","elType":"column","settings":{"_column_size":"50","_inline_size":"30.073","content_position":"center","align":"flex-end","_inline_size_tablet":"47","hide_mobile":"hidden-phone","padding":{"unit":"px","top":"0","right":"0","bottom":"0","left":"0","isLinked":""}},"elements":[{"id":"1094b0ea","elType":"widget","settings":{"social_icon_list":[{"social_icon":{"value":"fab fa-youtube","library":"fa-brands"},"_id":"01265f6","link":{"url":"","is_external":"true","nofollow":"","custom_attributes":""},"item_icon_color":"default","item_icon_primary_color":"","item_icon_secondary_color":""},{"social_icon":{"value":"fab fa-instagram","library":"fa-brands"},"_id":"c97bc5f","link":{"url":"","is_external":"true","nofollow":"","custom_attributes":""},"item_icon_color":"default","item_icon_primary_color":"","item_icon_secondary_color":""},{"social_icon":{"value":"fab fa-facebook-f","library":"fa-brands"},"_id":"7aad70b","link":{"url":"","is_external":"true","nofollow":"","custom_attributes":""},"item_icon_color":"default","item_icon_primary_color":"","item_icon_secondary_color":""}],"icon_color":"custom","icon_primary_color":"rgba(2, 1, 1, 0)","_element_width":"auto","icon_size":{"unit":"px","size":"16","sizes":[]},"hide_tablet":"hidden-tablet","hide_mobile":"hidden-phone","_margin":{"unit":"px","top":"0","right":"0","bottom":"0","left":"0","isLinked":""},"_element_vertical_align":"center","hover_secondary_color":"#003AF1"},"elements":[],"widgetType":"social-icons"},{"id":"30dec596","elType":"widget","settings":{"text":"Schedule Now","typography_typography":"custom","typography_font_size":{"unit":"px","size":"14","sizes":[]},"_padding":{"unit":"px","top":"0","right":"0","bottom":"0","left":"42","isLinked":""},"_element_width":"auto","typography_font_family":"Work Sans","typography_font_weight":"bold","typography_text_transform":"uppercase","typography_letter_spacing":{"unit":"px","size":"2.92","sizes":[]},"background_color":"#003AF1","button_background_hover_color":"#000000"},"elements":[],"widgetType":"button"}],"isInner":""}],"isInner":""}],"page_settings":{"content_wrapper_html_tag":"header"}}