{"content":[{"id":"7e7167d5","elType":"section","settings":{"height":"min-height","custom_height":{"unit":"vh","size":"80","sizes":[]},"content_position":"middle","structure":"20","background_position":"center right","background_repeat":"no-repeat","custom_height_tablet":{"unit":"vh","size":"","sizes":[]},"custom_height_mobile":{"unit":"vh","size":"80","sizes":[]},"column_position":"stretch","padding_tablet":{"unit":"%","top":"4","right":"5","bottom":"0","left":"5","isLinked":""},"padding_mobile":{"unit":"%","top":"12","right":"5","bottom":"0","left":"5","isLinked":""},"margin":{"unit":"%","top":"2","right":"0","bottom":"0","left":"0","isLinked":""},"margin_tablet":{"unit":"%","top":"","right":"0","bottom":"","left":"0","isLinked":"1"},"_title":"Hero","content_width":{"unit":"px","size":"1600","sizes":[]},"_timestamp_":"v1WjRwWEVHZkY3VVJWVEwzdFhhT0JXdz09"},"elements":[{"id":"7ea4289f","elType":"column","settings":{"_column_size":"50","_inline_size_tablet":"100","space_between_widgets_tablet":"15","margin":{"unit":"%","top":"0","right":"15","bottom":"0","left":"0","isLinked":""},"margin_mobile":{"unit":"%","top":"0","right":"0","bottom":"3","left":"0","isLinked":""}},"elements":[{"id":"6aa5f2ed","elType":"widget","settings":{"title":"Events at Okawari","header_size":"h1","title_color":"#FEF8EE","typography_typography":"custom","typography_font_family":"Nanum Gothic","typography_font_size":{"unit":"px","size":"54","sizes":[]},"typography_font_size_tablet":{"unit":"px","size":"32","sizes":[]},"typography_font_size_mobile":{"unit":"px","size":"28","sizes":[]},"typography_font_weight":"300","typography_text_transform":"uppercase","typography_line_height":{"unit":"px","size":"64","sizes":[]},"typography_line_height_tablet":{"unit":"px","size":"44","sizes":[]},"typography_line_height_mobile":{"unit":"px","size":"36","sizes":[]},"typography_letter_spacing":{"unit":"px","size":"0.75","sizes":[]}},"elements":[],"widgetType":"heading"},{"id":"7bf1123c","elType":"widget","settings":{"view":"inline","icon_list":[{"text":"","selected_icon":{"value":{"id":"13922","url":"https:\/\/library.elementor.com\/wp-content\/uploads\/2020\/06\/h2shape_3.svg"},"library":"svg"},"link":{"url":"","is_external":"","nofollow":"","custom_attributes":""},"_id":"696b74a"},{"text":"","selected_icon":{"value":{"id":"13924","url":"https:\/\/library.elementor.com\/wp-content\/uploads\/2020\/06\/h2shape_4.svg"},"library":"svg"},"link":{"url":"","is_external":"","nofollow":"","custom_attributes":""},"_id":"c01ad2c"},{"text":"","selected_icon":{"value":{"id":"13931","url":"https:\/\/library.elementor.com\/wp-content\/uploads\/2020\/06\/h2shape_11.svg"},"library":"svg"},"link":{"url":"","is_external":"","nofollow":"","custom_attributes":""},"_id":"635c78c"},{"text":"","selected_icon":{"value":{"id":"13930","url":"https:\/\/library.elementor.com\/wp-content\/uploads\/2020\/06\/h2shape_10.svg"},"library":"svg"},"link":{"url":"","is_external":"","nofollow":"","custom_attributes":""},"_id":"7ac53fa"},{"text":"","selected_icon":{"value":{"id":"13920","url":"https:\/\/library.elementor.com\/wp-content\/uploads\/2020\/06\/h2shape_2.svg"},"library":"svg"},"link":{"url":"","is_external":"","nofollow":"","custom_attributes":""},"_id":"e421e3e"},{"text":"","selected_icon":{"value":{"id":"13921","url":"https:\/\/library.elementor.com\/wp-content\/uploads\/2020\/06\/h2shape_1.svg"},"library":"svg"},"link":{"url":"","is_external":"","nofollow":"","custom_attributes":""},"_id":"80edf78"}],"space_between":{"unit":"px","size":"0","sizes":[]},"icon_color":"#FEF8EE","icon_size":{"unit":"px","size":"37","sizes":[]},"icon_self_align":"left","text_indent":{"unit":"px","size":"0","sizes":[]},"space_between_tablet":{"unit":"px","size":"6","sizes":[]},"space_between_mobile":{"unit":"px","size":"6","sizes":[]},"icon_size_tablet":{"unit":"px","size":"16","sizes":[]},"icon_size_mobile":{"unit":"px","size":"14","sizes":[]},"icon_typography_line_height":{"unit":"em","size":"0.5","sizes":[]},"icon_typography_line_height_tablet":{"unit":"em","size":"0.1","sizes":[]},"icon_typography_line_height_mobile":{"unit":"em","size":"0.1","sizes":[]}},"elements":[],"widgetType":"icon-list"},{"id":"37d4de6a","elType":"widget","settings":{"width":{"unit":"px","size":"42.5","sizes":[]},"align":"left","text":"Divider","color":"#CB3522","gap_tablet":{"unit":"px","size":"5","sizes":[]}},"elements":[],"widgetType":"divider"},{"id":"6f8ab4da","elType":"widget","settings":{"editor":"Lorem ipsum dolor sit amet, te putent habemus vis, per ei mundi feugiat laboramus. Ei sit inani error, meis illum partem ei eum. Ex cibo ullum eum, ex vidit impetus vix, sit ut eruditi corpora. Praesent efficiendi ad duo, vix appetere vulputate eu. No atqui novum ullamcorper mei, nam mazim aperiam id. Mundi dolor constituto eu ius, ne eam zril nostro temporibus, quo et nominati pericula.","column_gap":{"unit":"%","size":"","sizes":[]},"_margin":{"unit":"%","top":"0","right":"0","bottom":"3","left":"0","isLinked":""},"_margin_tablet":{"unit":"px","top":"0","right":"0","bottom":"0","left":"0","isLinked":"1"},"text_color":"#DADADA","typography_typography":"custom","typography_font_family":"Poppins","typography_font_size":{"unit":"px","size":"14","sizes":[]},"typography_font_size_mobile":{"unit":"px","size":"12","sizes":[]},"typography_font_weight":"300","typography_line_height":{"unit":"px","size":"22","sizes":[]},"typography_letter_spacing":{"unit":"px","size":"0.76","sizes":[]}},"elements":[],"widgetType":"text-editor"},{"id":"7a8cea5a","elType":"widget","settings":{"title":"Guest Capacity for Entire Restaurant Event","header_size":"h4","_margin":{"unit":"%","top":"0","right":"0","bottom":"-1","left":"0","isLinked":""},"title_color":"#FFFFFF","typography_typography":"custom","typography_font_family":"Nanum Gothic","typography_font_size":{"unit":"px","size":"16","sizes":[]},"typography_font_size_tablet":{"unit":"px","size":"14","sizes":[]},"typography_font_weight":"300","typography_text_transform":"uppercase","typography_line_height":{"unit":"px","size":"19","sizes":[]},"typography_letter_spacing":{"unit":"px","size":"0.87","sizes":[]}},"elements":[],"widgetType":"heading"},{"id":"69c889ac","elType":"widget","settings":{"editor":"<p>Seated Lunch \/ Dinner : Up to 100 guests<br \/>Cocktail Event : Up to 180 guests<\/p>","text_color":"#DADADA","typography_typography":"custom","typography_font_family":"Poppins","typography_font_size":{"unit":"px","size":"14","sizes":[]},"typography_font_size_mobile":{"unit":"px","size":"12","sizes":[]},"typography_font_weight":"300","typography_line_height":{"unit":"px","size":"22","sizes":[]},"typography_letter_spacing":{"unit":"px","size":"0.76","sizes":[]},"column_gap":{"unit":"%","size":"","sizes":[]},"_margin":{"unit":"%","top":"0","right":"0","bottom":"3","left":"0","isLinked":""},"_margin_tablet":{"unit":"px","top":"0","right":"0","bottom":"0","left":"0","isLinked":"1"}},"elements":[],"widgetType":"text-editor"}],"isInner":""},{"id":"1e0b8600","elType":"column","settings":{"_column_size":"50","background_background":"classic","background_image":{"id":"14033","url":"https:\/\/library.elementor.com\/wp-content\/uploads\/2020\/06\/EventsPage-Hero-BG.jpg"},"background_position":"center center","background_repeat":"no-repeat","background_size":"cover","background_size_mobile":"cover","_inline_size_tablet":"100"},"elements":[{"id":"1930ccd2","elType":"widget","settings":{"space_mobile":{"unit":"vh","size":"30","sizes":[]},"space_tablet":{"unit":"vh","size":"30","sizes":[]}},"elements":[],"widgetType":"spacer"},{"id":"6e723211","elType":"widget","settings":{"image":{"id":"13964","url":"https:\/\/library.elementor.com\/wp-content\/uploads\/2020\/06\/HomePage-Hero-Shape.png"},"_element_width":"auto","_element_custom_width":{"unit":"%","size":"39","sizes":[]},"_position":"absolute","_offset_orientation_h":"end","_offset_x_end":{"unit":"px","size":"-50","sizes":[]},"image_size":"full","align":"right","width_tablet":{"unit":"%","size":"70","sizes":[]},"width_mobile":{"unit":"%","size":"40","sizes":[]},"_offset_x_end_tablet":{"unit":"px","size":"-30","sizes":[]},"_offset_x_end_mobile":{"unit":"px","size":"-15","sizes":[]},"_offset_y":{"unit":"%","size":"40","sizes":[]},"_offset_y_tablet":{"unit":"px","size":"100","sizes":[]},"_offset_y_mobile":{"unit":"%","size":"","sizes":[]},"motion_fx_motion_fx_scrolling":"yes","motion_fx_translateY_effect":"yes","motion_fx_translateY_affectedRange":{"unit":"%","size":"","sizes":{"start":"53","end":"83"}}},"elements":[],"widgetType":"image"}],"isInner":""}],"isInner":""},{"id":"730ceedf","elType":"section","settings":{"height":"min-height","custom_height":{"unit":"vh","size":"100","sizes":[]},"custom_height_tablet":{"unit":"vh","size":"70","sizes":[]},"padding":{"unit":"%","top":"5","right":"18","bottom":"5","left":"18","isLinked":""},"padding_tablet":{"unit":"%","top":"0","right":"5","bottom":"0","left":"5","isLinked":""},"padding_mobile":{"unit":"%","top":"35","right":"5","bottom":"20","left":"5","isLinked":""},"_title":"About Private Room","content_width":{"unit":"px","size":"1600","sizes":[]},"_timestamp_":"v1WjRwWEVHZkY3VVJWVEwzdFhhT0JXdz09"},"elements":[{"id":"4f11f38","elType":"column","settings":{"_column_size":"100","space_between_widgets_tablet":"15","margin":{"unit":"%","top":"","right":"","bottom":"","left":"","isLinked":"1"},"margin_mobile":{"unit":"%","top":"","right":"","bottom":"","left":"","isLinked":"1"}},"elements":[{"id":"8035667","elType":"widget","settings":{"title":"private events","align":"center","title_color":"#FEF8EE","typography_typography":"custom","typography_font_family":"Nanum Gothic","typography_font_size":{"unit":"px","size":"42","sizes":[]},"typography_font_size_tablet":{"unit":"px","size":"22","sizes":[]},"typography_font_size_mobile":{"unit":"px","size":"18","sizes":[]},"typography_font_weight":"300","typography_text_transform":"uppercase","typography_line_height":{"unit":"px","size":"64","sizes":[]},"typography_line_height_tablet":{"unit":"px","size":"22","sizes":[]},"typography_line_height_mobile":{"unit":"px","size":"18","sizes":[]},"typography_letter_spacing":{"unit":"px","size":"0.58","sizes":[]}},"elements":[],"widgetType":"heading"},{"id":"71cd6632","elType":"widget","settings":{"view":"inline","icon_list":[{"text":"","selected_icon":{"value":{"id":"13924","url":"https:\/\/library.elementor.com\/wp-content\/uploads\/2020\/06\/h2shape_4.svg"},"library":"svg"},"link":{"url":"","is_external":"","nofollow":"","custom_attributes":""},"_id":"c01ad2c"},{"text":"","selected_icon":{"value":{"id":"13920","url":"https:\/\/library.elementor.com\/wp-content\/uploads\/2020\/06\/h2shape_2.svg"},"library":"svg"},"link":{"url":"","is_external":"","nofollow":"","custom_attributes":""},"_id":"7ac53fa"},{"text":"","selected_icon":{"value":{"id":"13929","url":"https:\/\/library.elementor.com\/wp-content\/uploads\/2020\/06\/h2shape_9.svg"},"library":"svg"},"link":{"url":"","is_external":"","nofollow":"","custom_attributes":""},"_id":"17f93ac"}],"space_between":{"unit":"px","size":"0","sizes":[]},"icon_align":"center","icon_color":"#FEF8EE","icon_size":{"unit":"px","size":"37","sizes":[]},"icon_self_align":"left","text_indent":{"unit":"px","size":"0","sizes":[]},"space_between_tablet":{"unit":"px","size":"6","sizes":[]},"space_between_mobile":{"unit":"px","size":"6","sizes":[]},"icon_size_tablet":{"unit":"px","size":"16","sizes":[]},"icon_size_mobile":{"unit":"px","size":"14","sizes":[]},"icon_typography_line_height":{"unit":"em","size":"0.5","sizes":[]},"icon_typography_line_height_tablet":{"unit":"em","size":"0.1","sizes":[]},"icon_typography_line_height_mobile":{"unit":"em","size":"0.1","sizes":[]}},"elements":[],"widgetType":"icon-list"},{"id":"13a7e97e","elType":"widget","settings":{"width":{"unit":"px","size":"42.5","sizes":[]},"align":"center","text":"Divider","color":"#CB3522","gap_tablet":{"unit":"px","size":"5","sizes":[]}},"elements":[],"widgetType":"divider"},{"id":"6786e4f7","elType":"widget","settings":{"editor":"<p>Vis argumentum voluptatibus ut, sed case ludus graeci at, id ius dicat sonet persecuti. Duo voluptua officiis evertitur eu, putent salutandi efficiantur mei te. Insolens neglegentur accomm usu at, aliquam nominavi vix ne. Ex mei magna oportere. Populo contentiones signiferumque pri no, simul soleat cu eam. His homero doctus ea, ne vix porro albucius pericula. An quis zril equidem pro.<\/p>","align":"center","text_color":"#DADADA","typography_typography":"custom","typography_font_family":"Poppins","typography_font_size":{"unit":"px","size":"14","sizes":[]},"typography_font_size_mobile":{"unit":"px","size":"12","sizes":[]},"typography_font_weight":"300","typography_line_height":{"unit":"px","size":"22","sizes":[]},"typography_letter_spacing":{"unit":"px","size":"0.76","sizes":[]},"column_gap":{"unit":"%","size":"","sizes":[]},"_margin":{"unit":"%","top":"","right":"","bottom":"","left":"","isLinked":"1"},"_margin_tablet":{"unit":"px","top":"0","right":"0","bottom":"0","left":"0","isLinked":"1"}},"elements":[],"widgetType":"text-editor"},{"id":"321ad9f7","elType":"widget","settings":{"title":"DINING CAPACITY IN THE PRIVATE ROOM","header_size":"h4","align":"center","_margin":{"unit":"%","top":"0","right":"0","bottom":"-1","left":"0","isLinked":""},"title_color":"#FFFFFF","typography_typography":"custom","typography_font_family":"Nanum Gothic","typography_font_size":{"unit":"px","size":"16","sizes":[]},"typography_font_size_tablet":{"unit":"px","size":"14","sizes":[]},"typography_font_weight":"300","typography_text_transform":"uppercase","typography_line_height":{"unit":"px","size":"19","sizes":[]},"typography_letter_spacing":{"unit":"px","size":"0.87","sizes":[]}},"elements":[],"widgetType":"heading"},{"id":"20b0e756","elType":"widget","settings":{"editor":"<p>Group seated Lunch \/ Dinner : Up to 40 people<\/p>","align":"center","text_color":"#DADADA","typography_typography":"custom","typography_font_family":"Poppins","typography_font_size":{"unit":"px","size":"14","sizes":[]},"typography_font_size_mobile":{"unit":"px","size":"12","sizes":[]},"typography_font_weight":"300","typography_line_height":{"unit":"px","size":"22","sizes":[]},"typography_letter_spacing":{"unit":"px","size":"0.76","sizes":[]},"column_gap":{"unit":"%","size":"","sizes":[]},"_margin":{"unit":"%","top":"","right":"","bottom":"","left":"","isLinked":"1"},"_margin_tablet":{"unit":"px","top":"0","right":"0","bottom":"0","left":"0","isLinked":"1"}},"elements":[],"widgetType":"text-editor"},{"id":"1740796d","elType":"widget","settings":{"text":"RESERVE A TABLE","align":"center","_margin":{"unit":"%","top":"3","right":"0","bottom":"0","left":"0","isLinked":""},"typography_typography":"custom","typography_font_family":"Nanum Gothic","typography_font_size":{"unit":"px","size":"14","sizes":[]},"typography_font_weight":"300","typography_text_transform":"uppercase","typography_line_height":{"unit":"px","size":"16","sizes":[]},"typography_letter_spacing":{"unit":"px","size":"0.19","sizes":[]},"button_text_color":"#FFFFFF","hover_color":"#CB3522","border_border":"solid","border_width":{"unit":"px","top":"0","right":"0","bottom":"1","left":"0","isLinked":""},"border_color":"#CB3522","border_radius":{"unit":"px","top":"0","right":"0","bottom":"0","left":"0","isLinked":"1"},"text_padding":{"unit":"px","top":"14.5","right":"36","bottom":"14.5","left":"36","isLinked":""},"background_color":"rgba(2, 1, 1, 0)"},"elements":[],"widgetType":"button"}],"isInner":""}],"isInner":""},{"id":"67c56a19","elType":"section","settings":{"height":"min-height","custom_height":{"unit":"vh","size":"80","sizes":[]},"content_position":"middle","structure":"20","background_position":"center left","background_repeat":"no-repeat","custom_height_tablet":{"unit":"vh","size":"","sizes":[]},"custom_height_mobile":{"unit":"vh","size":"80","sizes":[]},"column_position":"stretch","padding_tablet":{"unit":"%","top":"4","right":"5","bottom":"0","left":"5","isLinked":""},"padding_mobile":{"unit":"%","top":"0","right":"5","bottom":"0","left":"5","isLinked":""},"margin":{"unit":"%","top":"2","right":"0","bottom":"0","left":"0","isLinked":""},"margin_tablet":{"unit":"%","top":"","right":"0","bottom":"","left":"0","isLinked":"1"},"_title":"Images Section","background_background":"classic","background_image":{"id":"13927","url":"https:\/\/library.elementor.com\/wp-content\/uploads\/2020\/06\/AboutPage-ChefSection-Shape.png"},"content_width":{"unit":"px","size":"1600","sizes":[]},"_timestamp_":"v1WjRwWEVHZkY3VVJWVEwzdFhhT0JXdz09"},"elements":[{"id":"22d2fdb0","elType":"column","settings":{"_column_size":"50","background_background":"classic","background_image":{"id":"14034","url":"https:\/\/library.elementor.com\/wp-content\/uploads\/2020\/06\/EventsPage-img_1.jpg"},"background_position":"center center","background_repeat":"no-repeat","background_size":"cover","background_size_mobile":"cover","_inline_size_tablet":"100","background_ypos_tablet":{"unit":"px","size":"-142","sizes":[]},"background_hover_position":"top center","background_hover_repeat":"no-repeat","background_hover_size":"cover","background_hover_transition":{"unit":"px","size":"0.5","sizes":[]},"margin":{"unit":"%","top":"0","right":"2","bottom":"0","left":"0","isLinked":""},"margin_tablet":{"unit":"%","top":"0","right":"0","bottom":"2","left":"0","isLinked":""}},"elements":[{"id":"2d35c2a7","elType":"widget","settings":{"space_mobile":{"unit":"vh","size":"30","sizes":[]},"space_tablet":{"unit":"vh","size":"30","sizes":[]}},"elements":[],"widgetType":"spacer"}],"isInner":""},{"id":"478226da","elType":"column","settings":{"_column_size":"50","background_background":"classic","background_image":{"id":"14035","url":"https:\/\/library.elementor.com\/wp-content\/uploads\/2020\/06\/EventsPage-img_2.jpg"},"background_position":"center center","background_repeat":"no-repeat","background_size":"cover","background_size_mobile":"cover","_inline_size_tablet":"100","background_position_tablet":"initial","background_xpos_tablet":{"unit":"%","size":"54","sizes":[]},"background_ypos_tablet":{"unit":"%","size":"20","sizes":[]},"background_hover_position":"top center","background_hover_repeat":"no-repeat","background_hover_size":"cover","background_hover_transition":{"unit":"px","size":"0.5","sizes":[]},"margin":{"unit":"%","top":"0","right":"0","bottom":"0","left":"2","isLinked":""},"margin_tablet":{"unit":"%","top":"2","right":"0","bottom":"0","left":"0","isLinked":""}},"elements":[{"id":"39b9d685","elType":"widget","settings":{"space_mobile":{"unit":"vh","size":"30","sizes":[]},"space_tablet":{"unit":"vh","size":"30","sizes":[]}},"elements":[],"widgetType":"spacer"}],"isInner":""}],"isInner":""},{"id":"d7c1283","elType":"section","settings":{"custom_height":{"unit":"vh","size":"60","sizes":[]},"padding":{"unit":"%","top":"10","right":"0","bottom":"0","left":"0","isLinked":""},"padding_mobile":{"unit":"%","top":"15","right":"5","bottom":"0","left":"5","isLinked":""},"_title":"Testimonials","background_background":"classic","background_image":{"id":"14003","url":"https:\/\/library.elementor.com\/wp-content\/uploads\/2020\/06\/EventsPage-TestimonialsSection-Shape.png"},"background_position":"center right","background_repeat":"no-repeat","height":"min-height","background_position_mobile":"top right","background_size":"auto","background_size_tablet":"initial","background_size_mobile":"initial","background_bg_width_tablet":{"unit":"%","size":"16","sizes":[]},"background_bg_width_mobile":{"unit":"%","size":"20","sizes":[]},"background_motion_fx_motion_fx_scrolling":"yes","background_motion_fx_translateY_effect":"yes","background_motion_fx_translateY_direction":"negative","background_motion_fx_devices":["desktop","tablet"],"content_width":{"unit":"px","size":"1600","sizes":[]},"_timestamp_":"v1WjRwWEVHZkY3VVJWVEwzdFhhT0JXdz09"},"elements":[{"id":"30636c18","elType":"column","settings":{"_column_size":"100","space_between_widgets_tablet":"15"},"elements":[{"id":"1d035941","elType":"widget","settings":{"title":"we love to serve our customers","align":"center","title_color":"#FEF8EE","typography_typography":"custom","typography_font_family":"Nanum Gothic","typography_font_size":{"unit":"px","size":"42","sizes":[]},"typography_font_size_tablet":{"unit":"px","size":"22","sizes":[]},"typography_font_size_mobile":{"unit":"px","size":"18","sizes":[]},"typography_font_weight":"300","typography_text_transform":"uppercase","typography_line_height":{"unit":"px","size":"64","sizes":[]},"typography_line_height_tablet":{"unit":"px","size":"22","sizes":[]},"typography_line_height_mobile":{"unit":"px","size":"18","sizes":[]},"typography_letter_spacing":{"unit":"px","size":"0.58","sizes":[]}},"elements":[],"widgetType":"heading"},{"id":"7ad7281","elType":"widget","settings":{"view":"inline","icon_list":[{"text":"","selected_icon":{"value":{"id":"13971","url":"https:\/\/library.elementor.com\/wp-content\/uploads\/2020\/06\/h2shape_7.svg"},"library":"svg"},"link":{"url":"","is_external":"","nofollow":"","custom_attributes":""},"_id":"30bd558"},{"text":"","selected_icon":{"value":{"id":"13920","url":"https:\/\/library.elementor.com\/wp-content\/uploads\/2020\/06\/h2shape_2.svg"},"library":"svg"},"link":{"url":"","is_external":"","nofollow":"","custom_attributes":""},"_id":"e13b96e"},{"text":"","selected_icon":{"value":{"id":"13929","url":"https:\/\/library.elementor.com\/wp-content\/uploads\/2020\/06\/h2shape_9.svg"},"library":"svg"},"link":{"url":"","is_external":"","nofollow":"","custom_attributes":""},"_id":"696b74a"},{"text":"","selected_icon":{"value":{"id":"13921","url":"https:\/\/library.elementor.com\/wp-content\/uploads\/2020\/06\/h2shape_1.svg"},"library":"svg"},"link":{"url":"","is_external":"","nofollow":"","custom_attributes":""},"_id":"a1c622d"},{"text":"","selected_icon":{"value":{"id":"13922","url":"https:\/\/library.elementor.com\/wp-content\/uploads\/2020\/06\/h2shape_3.svg"},"library":"svg"},"link":{"url":"","is_external":"","nofollow":"","custom_attributes":""},"_id":"7ac53fa"}],"space_between":{"unit":"px","size":"0","sizes":[]},"icon_align":"center","icon_color":"#FEF8EE","icon_size":{"unit":"px","size":"37","sizes":[]},"icon_self_align":"left","text_indent":{"unit":"px","size":"0","sizes":[]},"space_between_tablet":{"unit":"px","size":"6","sizes":[]},"space_between_mobile":{"unit":"px","size":"6","sizes":[]},"icon_size_tablet":{"unit":"px","size":"16","sizes":[]},"icon_size_mobile":{"unit":"px","size":"14","sizes":[]},"icon_typography_line_height":{"unit":"em","size":"0.5","sizes":[]},"icon_typography_line_height_tablet":{"unit":"em","size":"0.1","sizes":[]},"icon_typography_line_height_mobile":{"unit":"em","size":"0.1","sizes":[]}},"elements":[],"widgetType":"icon-list"},{"id":"35ae64a6","elType":"widget","settings":{"width":{"unit":"px","size":"42.5","sizes":[]},"align":"center","text":"Divider","color":"#CB3522","gap_tablet":{"unit":"px","size":"5","sizes":[]}},"elements":[],"widgetType":"divider"},{"id":"7ba1600b","elType":"widget","settings":{"slides":[{"content":"\u201c I have had sushi all over the world but this was by far the best. Great atmosphere and phenomenal service!\u201d","name":"Michelle Olson","title":"","image":{"url":"","id":""},"_id":"b41245a"},{"content":"\u201c I have had sushi all over the world but this was by far the best. Great atmosphere and phenomenal service!\u201d","name":"Michelle Olson","title":"","image":{"url":"","id":""},"_id":"13545a2"},{"content":"\u201c I have had sushi all over the world but this was by far the best. Great atmosphere and phenomenal service!\u201d","name":"Michelle Olson","title":"","image":{"url":"","id":""},"_id":"5913b95"}],"show_arrows":"","autoplay_speed":"3000","slide_padding":{"unit":"px","top":"0","right":"0","bottom":"0","left":"0","isLinked":"1"},"content_typography_typography":"custom","content_typography_font_size":{"unit":"px","size":"14","sizes":[]},"content_typography_font_weight":"300","content_typography_font_style":"normal","content_typography_line_height":{"unit":"px","size":"","sizes":[]},"name_color":"#FFFFFF","name_typography_typography":"custom","name_typography_font_family":"Nanum Gothic","name_typography_font_size":{"unit":"px","size":"16","sizes":[]},"name_typography_font_weight":"300","name_typography_text_transform":"uppercase","name_typography_letter_spacing":{"unit":"px","size":"0.22","sizes":[]},"pagination_color":"#CB3522","width_tablet":{"unit":"%","size":"80","sizes":[]},"width_mobile":{"unit":"%","size":"100","sizes":[]},"content_color":"#DADADA","content_typography_font_family":"Poppins","content_typography_font_size_mobile":{"unit":"px","size":"12","sizes":[]},"name_typography_font_size_mobile":{"unit":"px","size":"14","sizes":[]}},"elements":[],"widgetType":"testimonial-carousel"}],"isInner":""}],"isInner":""}],"page_settings":{"background_background":"classic","background_color":"#0B0B0B"}}