{"content":[{"id":"422c2880","elType":"section","settings":{"structure":"40","height":"min-height","custom_height":{"unit":"vh","size":"30","sizes":[]},"margin":{"unit":"%","top":"15","right":"0","bottom":"0","left":"0","isLinked":""},"padding_tablet":{"unit":"%","top":"0","right":"3","bottom":"10","left":"3","isLinked":""},"margin_mobile":{"unit":"%","top":"20","right":"0","bottom":"0","left":"0","isLinked":""},"_title":"Footer","content_width":{"unit":"px","size":"1600","sizes":[]},"_timestamp_":"v1WjRwWEVHZkY3VVJWVEwzdFhhT0JXdz09"},"elements":[{"id":"a4465d6","elType":"column","settings":{"_column_size":"25","margin":{"unit":"%","top":"","right":"","bottom":"","left":"","isLinked":"1"},"padding":{"unit":"%","top":"","right":"","bottom":"","left":"","isLinked":"1"},"_inline_size_tablet":"100","margin_tablet":{"unit":"%","top":"0","right":"0","bottom":"5","left":"0","isLinked":""}},"elements":[{"id":"3c4739bd","elType":"widget","settings":{"image":{"url":"https:\/\/library.elementor.com\/wp-content\/uploads\/2020\/06\/Resturant_Logo.png","id":14086},"image_size":"full","align":"left","link_to":"custom","width":{"unit":"px","size":"103","sizes":[]},"__dynamic__":{"link":"[elementor-tag id=\"82663c3\" name=\"site-url\" settings=\"%7B%7D\"]"}},"elements":[],"widgetType":"image"},{"id":"416c6629","elType":"widget","settings":{"editor":"Lorem ipsum dolor sit amet, consectetur adipiscing elit, sed do eiusmod tempor incididunt ut labore et dolore magna aliqua. Ut enim ad minim veniam.\u2028Lorem ipsum dolor sit amet.","text_color":"#DADADA","typography_typography":"custom","typography_font_family":"Poppins","typography_font_size":{"unit":"px","size":"14","sizes":[]},"typography_font_size_mobile":{"unit":"px","size":"12","sizes":[]},"typography_font_weight":"300","typography_line_height":{"unit":"px","size":"22","sizes":[]},"typography_letter_spacing":{"unit":"px","size":"0.76","sizes":[]},"column_gap":{"unit":"%","size":"","sizes":[]},"_margin":{"unit":"%","top":"","right":"","bottom":"","left":"","isLinked":"1"},"_margin_tablet":{"unit":"px","top":"0","right":"0","bottom":"0","left":"0","isLinked":"1"}},"elements":[],"widgetType":"text-editor"}],"isInner":""},{"id":"49690df3","elType":"column","settings":{"_column_size":"25","margin":{"unit":"%","top":"0","right":"0","bottom":"0","left":"10","isLinked":""},"_inline_size_tablet":"50","margin_tablet":{"unit":"%","top":"0","right":"0","bottom":"0","left":"0","isLinked":""},"margin_mobile":{"unit":"%","top":"0","right":"0","bottom":"5","left":"0","isLinked":""}},"elements":[{"id":"425ba77","elType":"widget","settings":{"title":"Visit Us","header_size":"h4","title_color":"#FFFFFF","typography_typography":"custom","typography_font_family":"Nanum Gothic","typography_font_size":{"unit":"px","size":"16","sizes":[]},"typography_font_size_tablet":{"unit":"px","size":"14","sizes":[]},"typography_font_weight":"300","typography_text_transform":"uppercase","typography_line_height":{"unit":"px","size":"19","sizes":[]},"typography_letter_spacing":{"unit":"px","size":"0.87","sizes":[]},"_margin":{"unit":"%","top":"","right":"","bottom":"","left":"","isLinked":"1"}},"elements":[],"widgetType":"heading"},{"id":"6c3043d5","elType":"widget","settings":{"icon_list":[{"text":"2477 Briercliff Road, New York 10001","selected_icon":{"value":"","library":""},"_id":"6093c5d","link":{"url":"","is_external":"","nofollow":"","custom_attributes":""}},{"text":"+1 212-203-7540","selected_icon":{"value":"","library":""},"_id":"7a7cc6e","link":{"url":"","is_external":"","nofollow":"","custom_attributes":""}},{"text":"Support@Okawarisushi.com","selected_icon":{"value":"","library":""},"_id":"9151491","link":{"url":"","is_external":"","nofollow":"","custom_attributes":""}}],"space_between":{"unit":"px","size":"2","sizes":[]},"text_color":"#DADADA","icon_typography_typography":"custom","icon_typography_font_family":"Poppins","icon_typography_font_size":{"unit":"px","size":"14","sizes":[]},"icon_typography_font_size_mobile":{"unit":"px","size":"12","sizes":[]},"icon_typography_font_weight":"300","icon_typography_line_height":{"unit":"px","size":"22","sizes":[]},"icon_typography_letter_spacing":{"unit":"px","size":"0.76","sizes":[]},"_margin":{"unit":"%","top":"","right":"","bottom":"","left":"","isLinked":"1"},"_margin_tablet":{"unit":"px","top":"","right":"","bottom":"","left":"","isLinked":"1"}},"elements":[],"widgetType":"icon-list"}],"isInner":""},{"id":"be490c6","elType":"column","settings":{"_column_size":"25","margin":{"unit":"%","top":"0","right":"0","bottom":"0","left":"10","isLinked":""},"_inline_size_tablet":"50","margin_tablet":{"unit":"px","top":"0","right":"0","bottom":"0","left":"0","isLinked":""}},"elements":[{"id":"7bc370fe","elType":"widget","settings":{"title":"OPENING HOURS","header_size":"h4","title_color":"#FFFFFF","typography_typography":"custom","typography_font_family":"Nanum Gothic","typography_font_size":{"unit":"px","size":"16","sizes":[]},"typography_font_size_tablet":{"unit":"px","size":"14","sizes":[]},"typography_font_weight":"300","typography_text_transform":"uppercase","typography_line_height":{"unit":"px","size":"19","sizes":[]},"typography_letter_spacing":{"unit":"px","size":"0.87","sizes":[]},"_margin":{"unit":"%","top":"","right":"","bottom":"","left":"","isLinked":"1"}},"elements":[],"widgetType":"heading"},{"id":"d7f4925","elType":"widget","settings":{"icon_list":[{"text":"Monday - Friday:","selected_icon":{"value":"","library":""},"_id":"cdd01e8","link":{"url":"","is_external":"","nofollow":"","custom_attributes":""}},{"text":"11:00AM - 3:00PM","selected_icon":{"value":"","library":""},"link":{"url":"","is_external":"","nofollow":"","custom_attributes":""},"_id":"d9c0077"},{"text":"4:30PM - 10:00PM","selected_icon":{"value":"","library":""},"link":{"url":"","is_external":"","nofollow":"","custom_attributes":""},"_id":"1b49fef"},{"text":"Saturday - Sunday:","selected_icon":{"value":"","library":""},"link":{"url":"","is_external":"","nofollow":"","custom_attributes":""},"_id":"deddee3"},{"text":"4:30PM - 10:00PM","selected_icon":{"value":"","library":""},"link":{"url":"","is_external":"","nofollow":"","custom_attributes":""},"_id":"76f7236"}],"space_between":{"unit":"px","size":"2","sizes":[]},"text_color":"#DADADA","icon_typography_typography":"custom","icon_typography_font_family":"Poppins","icon_typography_font_size":{"unit":"px","size":"14","sizes":[]},"icon_typography_font_size_mobile":{"unit":"px","size":"12","sizes":[]},"icon_typography_font_weight":"300","icon_typography_line_height":{"unit":"px","size":"22","sizes":[]},"icon_typography_letter_spacing":{"unit":"px","size":"0.76","sizes":[]},"_margin":{"unit":"%","top":"","right":"","bottom":"","left":"","isLinked":"1"},"_margin_tablet":{"unit":"px","top":"","right":"","bottom":"","left":"","isLinked":"1"}},"elements":[],"widgetType":"icon-list"}],"isInner":""},{"id":"5293728","elType":"column","settings":{"_column_size":"25","_inline_size_tablet":"100","margin_tablet":{"unit":"%","top":"5","right":"0","bottom":"0","left":"0","isLinked":""}},"elements":[{"id":"3d79e7c","elType":"widget","settings":{"title":"Join The club","header_size":"h4","title_color":"#FFFFFF","typography_typography":"custom","typography_font_family":"Nanum Gothic","typography_font_size":{"unit":"px","size":"16","sizes":[]},"typography_font_size_tablet":{"unit":"px","size":"14","sizes":[]},"typography_font_weight":"300","typography_text_transform":"uppercase","typography_line_height":{"unit":"px","size":"19","sizes":[]},"typography_letter_spacing":{"unit":"px","size":"0.87","sizes":[]},"_margin":{"unit":"%","top":"","right":"","bottom":"","left":"","isLinked":"1"}},"elements":[],"widgetType":"heading"},{"id":"283b478e","elType":"widget","settings":{"editor":"<p>Get updates on special events and receive your first drink on us!<\/p>","text_color":"#DADADA","typography_typography":"custom","typography_font_family":"Poppins","typography_font_size":{"unit":"px","size":"14","sizes":[]},"typography_font_size_mobile":{"unit":"px","size":"12","sizes":[]},"typography_font_weight":"300","typography_line_height":{"unit":"px","size":"22","sizes":[]},"typography_letter_spacing":{"unit":"px","size":"0.76","sizes":[]},"column_gap":{"unit":"%","size":"","sizes":[]},"_margin":{"unit":"%","top":"","right":"","bottom":"","left":"","isLinked":"1"},"_margin_tablet":{"unit":"px","top":"0","right":"0","bottom":"0","left":"0","isLinked":"1"}},"elements":[],"widgetType":"text-editor"},{"id":"1d848f21","elType":"widget","settings":{"form_name":"Newsletter","form_fields":[{"custom_id":"email","field_type":"email","required":"true","field_label":"Email","placeholder":"Email","width":"66","_id":"eec2eec","field_options":"","allow_multiple":"","select_size":"","inline_list":"","field_html":"","width_tablet":"","width_mobile":"","rows":"4","recaptcha_size":"normal","recaptcha_style":"light","recaptcha_badge":"bottomright","css_classes":"","field_value":"","file_sizes":"","file_types":"","allow_multiple_upload":"","max_files":"","acceptance_text":"","checked_by_default":"","field_min":"","field_max":"","min_date":"","max_date":"","use_native_date":"","use_native_time":""}],"show_labels":"","button_text":"SUBSCRIBE","button_width":"33","email_content":"[all-fields]","email_content_2":"[all-fields]","success_message":"The form was sent successfully.","error_message":"An error occured.","required_field_message":"This field is required.","invalid_message":"There's something wrong. The form is invalid.","field_background_color":"","column_gap":{"unit":"px","size":"20","sizes":[]},"button_text_padding":{"unit":"px","top":"0","right":"0","bottom":"0","left":"0","isLinked":"1"},"field_text_color":"#DADADA","field_typography_typography":"custom","field_typography_font_family":"Poppins","field_typography_font_size":{"unit":"px","size":"12","sizes":[]},"field_border_color":"#FFFFFF","field_border_width":{"unit":"px","top":"0","right":"0","bottom":"1","left":"0","isLinked":""},"field_border_radius":{"unit":"px","top":"0","right":"0","bottom":"0","left":"0","isLinked":"1"},"button_text_color":"#FFFFFF","button_typography_typography":"custom","button_typography_font_family":"Nanum Gothic","button_typography_font_size":{"unit":"px","size":"14","sizes":[]},"button_typography_font_weight":"300","button_typography_text_transform":"uppercase","button_typography_line_height":{"unit":"px","size":"16","sizes":[]},"button_typography_letter_spacing":{"unit":"px","size":"0.19","sizes":[]},"button_border_border":"solid","button_border_width":{"unit":"px","top":"0","right":"0","bottom":"1","left":"0","isLinked":""},"button_border_color":"#CB3522","button_border_radius":{"unit":"px","top":"0","right":"0","bottom":"0","left":"0","isLinked":"1"},"button_hover_color":"#CB3522","success_message_color":"#DADADA","error_message_color":"#CB3522","_margin":{"unit":"%","top":"3","right":"0","bottom":"0","left":"0","isLinked":""},"_margin_mobile":{"unit":"%","top":"5","right":"0","bottom":"0","left":"0","isLinked":""},"motion_fx_translateY_effect":"yes","motion_fx_translateY_speed":{"unit":"px","size":"1","sizes":[]},"motion_fx_translateY_affectedRange":{"unit":"%","size":"","sizes":{"start":"0","end":"50"}},"motion_fx_translateX_direction":"negative","motion_fx_translateX_affectedRange":{"unit":"%","size":"","sizes":{"start":"32","end":"50"}},"motion_fx_opacity_range":{"unit":"%","size":"","sizes":{"start":"9","end":"71"}},"motion_fx_scale_range":{"unit":"%","size":"","sizes":{"start":"20","end":"100"}},"button_background_color":"rgba(2, 1, 1, 0)"},"elements":[],"widgetType":"form"}],"isInner":""}],"isInner":""}],"page_settings":{"background_background":"classic","background_color":"#0B0B0B"}}