{"content":[{"id":"2a686813","elType":"section","settings":{"_title":"Menu","height":"min-height","custom_height":{"unit":"vh","size":"100","sizes":[]},"custom_height_tablet":{"unit":"vh","size":"","sizes":[]},"custom_height_mobile":{"unit":"vh","size":"","sizes":[]},"column_position":"stretch","content_position":"middle","_timestamp_":"v1WjRwWEVHZkY3VVJWVEwzdFhhT0JXdz09"},"elements":[{"id":"2b4d887a","elType":"column","settings":{"_column_size":"100"},"elements":[{"id":"49dd7548","elType":"widget","settings":{"selected_icon":{"value":{"id":"14071","url":"https:\/\/library.elementor.com\/wp-content\/uploads\/2020\/06\/Close.svg"},"library":"svg"},"align":"left","primary_color":"#FFFFFF","hover_primary_color":"#000000","size":{"unit":"px","size":"24","sizes":[]},"_element_width":"auto","_position":"absolute","_offset_x":{"unit":"px","size":"24","sizes":[]},"_offset_x_mobile":{"unit":"px","size":"7","sizes":[]},"_offset_y":{"unit":"px","size":"24","sizes":[]},"_offset_y_mobile":{"unit":"px","size":"23","sizes":[]},"__dynamic__":{"link":"[elementor-tag id=\"b1cec37\" name=\"popup\" settings=\"%7B%22action%22%3A%22close%22%7D\"]"},"_animation_delay":"1000"},"elements":[],"widgetType":"icon"},{"id":"b405c00","elType":"widget","settings":{"layout":"vertical","align_items":"center","pointer":"none","animation_line":"grow","dropdown":"none","menu_typography_typography":"custom","menu_typography_font_family":"Nanum Gothic","menu_typography_font_size":{"unit":"px","size":"30","sizes":[]},"menu_typography_font_weight":"300","menu_typography_text_transform":"uppercase","menu_typography_line_height":{"unit":"px","size":"0","sizes":[]},"menu_typography_letter_spacing":{"unit":"px","size":"0","sizes":[]},"color_menu_item":"#FFFFFF","color_menu_item_hover":"#090909","pointer_color_menu_item_hover":"#FFFFFF","color_menu_item_active":"#090909","pointer_width":{"unit":"px","size":"1","sizes":[]},"padding_vertical_menu_item":{"unit":"px","size":"45","sizes":[]},"padding_vertical_menu_item_mobile":{"unit":"px","size":"35","sizes":[]}},"elements":[],"widgetType":"nav-menu"}],"isInner":""}],"isInner":""}],"page_settings":{"background_background":"classic","background_color":"#D33F2C","background_image":{"url":"https:\/\/library.elementor.com\/wp-content\/uploads\/2020\/06\/PopupMenu-BG1.png","id":"14090"},"background_position":"top left","background_repeat":"no-repeat","background_size_mobile":"initial","background_bg_width_mobile":{"unit":"%","size":"26","sizes":[]},"width":{"unit":"px","size":"495","sizes":[]},"height_type":"fit_to_screen","content_position":"center","horizontal_position":"right","overlay":"","entrance_animation":"slideInRight","exit_animation":"slideInRight","box_shadow_box_shadow_type":"","close_button_horizontal":{"unit":"%","size":"88","sizes":[]},"close_button_color":"#FFFFFF","close_button_hover_color":"#090909","icon_size":{"unit":"px","size":"24","sizes":[]},"entrance_animation_duration":{"unit":"px","size":"0.6","sizes":[]},"close_button":""}}