{"content":[{"id":"43f9fb1e","elType":"section","settings":{"content_width":{"unit":"px","size":"1400","sizes":[]},"height":"min-height","custom_height":{"unit":"px","size":"110","sizes":[]},"structure":"33","margin":{"unit":"px","top":"0","right":"0","bottom":"-110","left":"0","isLinked":""},"z_index":"10","_title":"Header","padding_tablet":{"unit":"%","top":"0","right":"5","bottom":"0","left":"5","isLinked":""},"custom_height_mobile":{"unit":"px","size":"86","sizes":[]},"padding_mobile":{"unit":"%","top":"0","right":"5","bottom":"0","left":"5","isLinked":""},"margin_mobile":{"unit":"px","top":"0","right":"0","bottom":"-86","left":"0","isLinked":""},"_timestamp_":"v1WjRwWEVHZkY3VVJWVEwzdFhhT0JXdz09"},"elements":[{"id":"794c6cd3","elType":"column","settings":{"_column_size":"25","_inline_size":"20","content_position":"center","padding":{"unit":"px","top":"0","right":"0","bottom":"0","left":"0","isLinked":"1"},"_inline_size_tablet":"15","_inline_size_mobile":"30"},"elements":[{"id":"35121390","elType":"widget","settings":{"image":{"id":"14795","url":"https:\/\/library.elementor.com\/wp-content\/uploads\/2020\/07\/Logo.png"},"image_size":"full","align":"left","link_to":"custom","__dynamic__":{"link":"[elementor-tag id=\"7845981\" name=\"site-url\" settings=\"%7B%7D\"]"}},"elements":[],"widgetType":"image"}],"isInner":""},{"id":"56a8a581","elType":"column","settings":{"_column_size":"50","_inline_size":"60","content_position":"center","_inline_size_tablet":"50","_inline_size_mobile":"15","content_position_mobile":"center"},"elements":[{"id":"79a03e2e","elType":"widget","settings":{"align_items":"right","pointer":"none","menu_typography_typography":"custom","menu_typography_font_family":"Montserrat","menu_typography_font_size":{"unit":"px","size":"16","sizes":[]},"menu_typography_font_weight":"300","color_menu_item":"#A1A1A1","color_menu_item_hover":"#011640","color_menu_item_active":"#011640","menu_typography_text_transform":"capitalize","full_width":"stretch","text_align":"center","toggle_align":"right","color_dropdown_item":"#848484","background_color_dropdown_item":"#FFF7F1","color_dropdown_item_hover":"#011640","background_color_dropdown_item_hover":"#FFF7F1","color_dropdown_item_active":"#011640","background_color_dropdown_item_active":"#FFF7F1","dropdown_box_shadow_box_shadow_type":"yes","dropdown_box_shadow_box_shadow":{"horizontal":"0","vertical":"20","blur":"30","spread":"0","color":"rgba(0, 0, 0, 0.1)"},"padding_vertical_dropdown_item_tablet":{"unit":"px","size":"25","sizes":[]},"dropdown_divider_border":"solid","dropdown_divider_color":"rgba(132, 132, 132, 0.15)","dropdown_divider_width":{"unit":"px","size":"1","sizes":[]},"dropdown_top_distance_tablet":{"unit":"px","size":"20","sizes":[]},"toggle_color":"#011640","toggle_background_color":"#FFF7F1","toggle_size":{"unit":"px","size":"20","sizes":[]},"toggle_border_width":{"unit":"px","size":"0","sizes":[]},"toggle_border_radius":{"unit":"px","size":"0","sizes":[]},"_padding_tablet":{"unit":"%","top":"","right":"","bottom":"","left":"","isLinked":"1"},"dropdown_top_distance_mobile":{"unit":"px","size":"12","sizes":[]}},"elements":[],"widgetType":"nav-menu"}],"isInner":""},{"id":"3bc2f2e0","elType":"column","settings":{"_column_size":"25","_inline_size":"19.982","content_position":"center","padding":{"unit":"px","top":"0","right":"0","bottom":"0","left":"0","isLinked":"1"},"_inline_size_tablet":"35","_inline_size_mobile":"55","content_position_mobile":"center"},"elements":[{"id":"7bf1fa78","elType":"widget","settings":{"text":"+1-456-657-887","align":"right","selected_icon":{"value":"fas fa-phone-alt","library":"fa-solid"},"icon_indent":{"unit":"px","size":"10","sizes":[]},"typography_typography":"custom","typography_font_family":"Montserrat","typography_font_size":{"unit":"px","size":"16","sizes":[]},"typography_font_weight":"400","button_text_color":"#FFFFFF","background_color":"#011640","hover_color":"#011640","button_background_hover_color":"#FFD6D6","border_radius":{"unit":"px","top":"0","right":"0","bottom":"0","left":"0","isLinked":"1"},"text_padding":{"unit":"px","top":"15","right":"040","bottom":"15","left":"40","isLinked":""},"align_mobile":"right","typography_font_size_mobile":{"unit":"px","size":"15","sizes":[]},"text_padding_mobile":{"unit":"px","top":"15","right":"15","bottom":"16","left":"15","isLinked":""}},"elements":[],"widgetType":"button"}],"isInner":""}],"isInner":""}],"page_settings":[]}