{"content":[{"id":"5af796fb","elType":"section","settings":{"content_width":{"unit":"px","size":"1400","sizes":[]},"height":"min-height","custom_height":{"unit":"px","size":"600","sizes":[]},"column_position":"stretch","structure":"20","background_background":"classic","background_color":"#FFF7F1","_title":"Hero - property Name","custom_height_tablet":{"unit":"px","size":"500","sizes":[]},"padding_tablet":{"unit":"%","top":"0","right":"5","bottom":"0","left":"5","isLinked":""},"custom_height_mobile":{"unit":"vh","size":"100","sizes":[]},"_timestamp_":"v1WjRwWEVHZkY3VVJWVEwzdFhhT0JXdz09"},"elements":[{"id":"bde55ab","elType":"column","settings":{"_column_size":"50","content_position":"center","border_border":"solid","border_width":{"unit":"px","top":"0","right":"0","bottom":"0","left":"1","isLinked":""},"border_color":"rgba(1, 22, 64, 0.05)","padding":{"unit":"%","top":"0","right":"20","bottom":"0","left":"0","isLinked":""},"_inline_size_tablet":"100","border_width_tablet":{"unit":"px","top":"0","right":"1","bottom":"0","left":"1","isLinked":""},"padding_tablet":{"unit":"%","top":"15","right":"15","bottom":"0","left":"15","isLinked":""},"padding_mobile":{"unit":"%","top":"60","right":"5","bottom":"5","left":"5","isLinked":""}},"elements":[{"id":"7fed52f1","elType":"widget","settings":{"title":"The perfect property for you","title_color":"#848484","typography_typography":"custom","typography_font_family":"Montserrat","typography_font_size":{"unit":"px","size":"15","sizes":[]},"typography_font_weight":"400","typography_text_transform":"capitalize","header_size":"h3","align_tablet":"center"},"elements":[],"widgetType":"heading"},{"id":"49ceaa28","elType":"widget","settings":{"__dynamic__":{"title":"[elementor-tag id=\"\" name=\"post-title\" settings=\"%7B%22before%22%3A%22%22%2C%22after%22%3A%22%22%2C%22fallback%22%3A%22%22%7D\"]"},"title":"Add Your Heading Text Here","title_color":"#011640","typography_typography":"custom","typography_font_family":"Montserrat","typography_font_size":{"unit":"px","size":"60","sizes":[]},"typography_font_weight":"300","typography_text_transform":"uppercase","align_tablet":"center","typography_font_size_tablet":{"unit":"px","size":"50","sizes":[]},"typography_font_size_mobile":{"unit":"px","size":"35","sizes":[]}},"elements":[],"widgetType":"theme-post-title"}],"isInner":""},{"id":"86d0441","elType":"column","settings":{"_column_size":"50","content_position":"center","border_border":"solid","border_width":{"unit":"px","top":"0","right":"1","bottom":"0","left":"0","isLinked":""},"border_color":"rgba(1, 22, 64, 0.05)","padding":{"unit":"%","top":"0","right":"0","bottom":"0","left":"12","isLinked":""},"_inline_size_tablet":"100","border_width_tablet":{"unit":"px","top":"0","right":"1","bottom":"0","left":"1","isLinked":""},"padding_tablet":{"unit":"%","top":"0","right":"10","bottom":"5","left":"10","isLinked":""},"padding_mobile":{"unit":"%","top":"0","right":"5","bottom":"5","left":"5","isLinked":""}},"elements":[{"id":"5912999c","elType":"widget","settings":{"align_tablet":"center","typography_typography":"custom","typography_font_family":"Montserrat","typography_font_size":{"unit":"px","size":"16","sizes":[]},"typography_font_weight":"200","typography_line_height":{"unit":"em","size":"2","sizes":[]},"typography_line_height_tablet":{"unit":"em","size":"1.5","sizes":[]},"__dynamic__":{"editor":"[elementor-tag id=\"de23563\" name=\"post-excerpt\" settings=\"%7B%7D\"]"}},"elements":[],"widgetType":"text-editor"}],"isInner":""}],"isInner":""},{"id":"2b464243","elType":"section","settings":{"height":"min-height","custom_height":{"unit":"px","size":"500","sizes":[]},"column_position":"stretch","content_width":{"unit":"px","size":"1400","sizes":[]},"background_background":"classic","background_color":"#011640","_title":"PropertyIn Iformation","custom_height_tablet":{"unit":"px","size":"250","sizes":[]},"padding_tablet":{"unit":"%","top":"0","right":"5","bottom":"0","left":"5","isLinked":""},"_timestamp_":"v1WjRwWEVHZkY3VVJWVEwzdFhhT0JXdz09"},"elements":[{"id":"7a0b3804","elType":"column","settings":{"_column_size":"100","content_position":"top","background_color":"#011640","padding":{"unit":"px","top":"115","right":"0","bottom":"0","left":"0","isLinked":""},"border_border":"solid","border_width":{"unit":"px","top":"0","right":"1","bottom":"0","left":"1","isLinked":""},"border_color":"rgba(255, 255, 255, 0.18)","padding_tablet":{"unit":"px","top":"70","right":"0","bottom":"150","left":"0","isLinked":""}},"elements":[{"id":"71dad84","elType":"section","settings":{"content_width":{"unit":"px","size":"1400","sizes":[]},"structure":"40","height_inner":"min-height","custom_height_inner":{"unit":"px","size":"70","sizes":[]},"content_position":"middle","margin":{"unit":"px","top":"0","right":"0","bottom":"0","left":"0","isLinked":"1"}},"elements":[{"id":"7aab9c0e","elType":"column","settings":{"_column_size":"25","space_between_widgets":"5","border_color":"rgba(255, 255, 255, 0.16)","padding":{"unit":"px","top":"0","right":"0","bottom":"0","left":"0","isLinked":"1"},"_inline_size_tablet":"50"},"elements":[{"id":"3b972184","elType":"widget","settings":{"title":"Price","title_color":"#FFFFFF","typography_typography":"custom","typography_font_family":"Montserrat","typography_font_size":{"unit":"px","size":"22","sizes":[]},"typography_font_weight":"400","header_size":"h3","typography_text_transform":"capitalize","align_tablet":"center"},"elements":[],"widgetType":"heading"},{"id":"44abd9a","elType":"widget","settings":{"icon_list":[{"type":"custom","selected_icon":{"value":"far fa-user-circle","library":"fa-regular"},"_id":"11de073","date_format":"default","custom_date_format":"F j, Y","time_format":"default","custom_time_format":"g:i a","taxonomy":[],"text_prefix":"","show_avatar":"","avatar_size":{"unit":"px","size":"","sizes":[]},"avatar_size_tablet":{"unit":"px","size":"","sizes":[]},"avatar_size_mobile":{"unit":"px","size":"","sizes":[]},"comments_custom_strings":"","string_no_comments":"","string_one_comment":"","string_comments":"","custom_text":"","link":"yes","custom_url":{"url":"","is_external":"","nofollow":"","custom_attributes":""},"show_icon":"default","__dynamic__":{"custom_text":"[elementor-tag id=\"fe458b1\" name=\"post-custom-field\" settings=\"%7B%22key%22%3A%22Price%22%7D\"]"}}],"space_between":{"unit":"px","size":"0","sizes":[]},"icon_size":{"unit":"px","size":"0","sizes":[]},"text_color":"#FFFFFF","icon_typography_typography":"custom","icon_typography_font_family":"Montserrat","icon_typography_font_size":{"unit":"px","size":"18","sizes":[]},"icon_typography_font_weight":"200","icon_align_tablet":"center"},"elements":[],"widgetType":"post-info"}],"isInner":"1"},{"id":"59147bd1","elType":"column","settings":{"_column_size":"25","space_between_widgets":"5","padding":{"unit":"px","top":"0","right":"0","bottom":"0","left":"0","isLinked":"1"},"_inline_size_tablet":"50","padding_mobile":{"unit":"px","top":"30","right":"0","bottom":"0","left":"0","isLinked":""}},"elements":[{"id":"30358ee2","elType":"widget","settings":{"title":"Property Type","title_color":"#FFFFFF","typography_typography":"custom","typography_font_family":"Montserrat","typography_font_size":{"unit":"px","size":"22","sizes":[]},"typography_font_weight":"400","header_size":"h3","typography_text_transform":"capitalize","align_tablet":"center"},"elements":[],"widgetType":"heading"},{"id":"ebf5492","elType":"widget","settings":{"icon_list":[{"type":"custom","selected_icon":{"value":"far fa-user-circle","library":"fa-regular"},"_id":"11de073","date_format":"default","custom_date_format":"F j, Y","time_format":"default","custom_time_format":"g:i a","taxonomy":[],"text_prefix":"","show_avatar":"","avatar_size":{"unit":"px","size":"","sizes":[]},"avatar_size_tablet":{"unit":"px","size":"","sizes":[]},"avatar_size_mobile":{"unit":"px","size":"","sizes":[]},"comments_custom_strings":"","string_no_comments":"","string_one_comment":"","string_comments":"","custom_text":"","link":"yes","custom_url":{"url":"","is_external":"","nofollow":"","custom_attributes":""},"show_icon":"default","__dynamic__":{"custom_text":"[elementor-tag id=\"fe458b1\" name=\"post-custom-field\" settings=\"%7B%22key%22%3A%22Property%20Type%22%7D\"]"}}],"space_between":{"unit":"px","size":"0","sizes":[]},"icon_size":{"unit":"px","size":"0","sizes":[]},"text_color":"#FFFFFF","icon_typography_typography":"custom","icon_typography_font_family":"Montserrat","icon_typography_font_size":{"unit":"px","size":"18","sizes":[]},"icon_typography_font_weight":"200","icon_align_tablet":"center"},"elements":[],"widgetType":"post-info"}],"isInner":"1"},{"id":"1c6bb747","elType":"column","settings":{"_column_size":"25","space_between_widgets":"5","padding":{"unit":"px","top":"0","right":"0","bottom":"0","left":"0","isLinked":"1"},"_inline_size_tablet":"50","padding_tablet":{"unit":"px","top":"30","right":"0","bottom":"0","left":"0","isLinked":""}},"elements":[{"id":"42211fbc","elType":"widget","settings":{"title":"bedrooms","title_color":"#FFFFFF","typography_typography":"custom","typography_font_family":"Montserrat","typography_font_size":{"unit":"px","size":"22","sizes":[]},"typography_font_weight":"400","header_size":"h3","typography_text_transform":"capitalize","align_tablet":"center"},"elements":[],"widgetType":"heading"},{"id":"2a026b2d","elType":"widget","settings":{"icon_list":[{"type":"custom","selected_icon":{"value":"far fa-user-circle","library":"fa-regular"},"_id":"11de073","date_format":"default","custom_date_format":"F j, Y","time_format":"default","custom_time_format":"g:i a","taxonomy":[],"text_prefix":"","show_avatar":"","avatar_size":{"unit":"px","size":"","sizes":[]},"avatar_size_tablet":{"unit":"px","size":"","sizes":[]},"avatar_size_mobile":{"unit":"px","size":"","sizes":[]},"comments_custom_strings":"","string_no_comments":"","string_one_comment":"","string_comments":"","custom_text":"","link":"yes","custom_url":{"url":"","is_external":"","nofollow":"","custom_attributes":""},"show_icon":"default","__dynamic__":{"custom_text":"[elementor-tag id=\"fe458b1\" name=\"post-custom-field\" settings=\"%7B%22key%22%3A%22Beds%22%7D\"]"}}],"space_between":{"unit":"px","size":"0","sizes":[]},"icon_size":{"unit":"px","size":"0","sizes":[]},"text_color":"#FFFFFF","icon_typography_typography":"custom","icon_typography_font_family":"Montserrat","icon_typography_font_size":{"unit":"px","size":"18","sizes":[]},"icon_typography_font_weight":"200","icon_align_tablet":"center"},"elements":[],"widgetType":"post-info"}],"isInner":"1"},{"id":"5cac5297","elType":"column","settings":{"_column_size":"25","space_between_widgets":"5","padding":{"unit":"px","top":"0","right":"0","bottom":"0","left":"0","isLinked":"1"},"_inline_size_tablet":"50","padding_tablet":{"unit":"px","top":"30","right":"0","bottom":"0","left":"0","isLinked":""}},"elements":[{"id":"3a847f22","elType":"widget","settings":{"title":"Property Size","title_color":"#FFFFFF","typography_typography":"custom","typography_font_family":"Montserrat","typography_font_size":{"unit":"px","size":"22","sizes":[]},"typography_font_weight":"400","header_size":"h3","typography_text_transform":"capitalize","align_tablet":"center"},"elements":[],"widgetType":"heading"},{"id":"3578ff41","elType":"widget","settings":{"icon_list":[{"type":"custom","selected_icon":{"value":"far fa-user-circle","library":"fa-regular"},"_id":"11de073","date_format":"default","custom_date_format":"F j, Y","time_format":"default","custom_time_format":"g:i a","taxonomy":[],"text_prefix":"","show_avatar":"","avatar_size":{"unit":"px","size":"","sizes":[]},"avatar_size_tablet":{"unit":"px","size":"","sizes":[]},"avatar_size_mobile":{"unit":"px","size":"","sizes":[]},"comments_custom_strings":"","string_no_comments":"","string_one_comment":"","string_comments":"","custom_text":"","link":"yes","custom_url":{"url":"","is_external":"","nofollow":"","custom_attributes":""},"show_icon":"default","__dynamic__":{"custom_text":"[elementor-tag id=\"fe458b1\" name=\"post-custom-field\" settings=\"%7B%22key%22%3A%22Area%22%7D\"]"}}],"space_between":{"unit":"px","size":"0","sizes":[]},"icon_size":{"unit":"px","size":"0","sizes":[]},"text_color":"#FFFFFF","icon_typography_typography":"custom","icon_typography_font_family":"Montserrat","icon_typography_font_size":{"unit":"px","size":"18","sizes":[]},"icon_typography_font_weight":"200","icon_align_tablet":"center"},"elements":[],"widgetType":"post-info"}],"isInner":"1"}],"isInner":"1"}],"isInner":""}],"isInner":""},{"id":"3034bf6f","elType":"section","settings":{"content_width":{"unit":"px","size":"1400","sizes":[]},"structure":"20","margin":{"unit":"px","top":"-200","right":"0","bottom":"0","left":"0","isLinked":""},"_title":"Property Pic + CTA","margin_tablet":{"unit":"px","top":"-100","right":"0","bottom":"0","left":"0","isLinked":""},"padding_tablet":{"unit":"%","top":"0","right":"5","bottom":"0","left":"5","isLinked":""},"_timestamp_":"v1WjRwWEVHZkY3VVJWVEwzdFhhT0JXdz09"},"elements":[{"id":"611c8769","elType":"column","settings":{"_column_size":"50","_inline_size":"58","padding":{"unit":"px","top":"0","right":"0","bottom":"0","left":"0","isLinked":"1"},"border_border":"solid","border_width":{"unit":"px","top":"0","right":"0","bottom":"0","left":"1","isLinked":""},"border_color":"rgba(1, 22, 64, 0.05)","background_background":"classic","__dynamic__":{"background_image":"[elementor-tag id=\"34e3d4a\" name=\"post-featured-image\" settings=\"%7B%7D\"]"},"_inline_size_tablet":"100","background_position_mobile":"center center","background_repeat_mobile":"no-repeat","background_size_mobile":"cover"},"elements":[{"id":"6035a203","elType":"widget","settings":{"space_tablet":{"unit":"px","size":"600","sizes":[]},"space_mobile":{"unit":"px","size":"270","sizes":[]}},"elements":[],"widgetType":"spacer"}],"isInner":""},{"id":"4783b69","elType":"column","settings":{"_column_size":"50","_inline_size":"41.965","padding":{"unit":"px","top":"0","right":"0","bottom":"0","left":"0","isLinked":"1"},"border_border":"solid","border_width":{"unit":"px","top":"0","right":"1","bottom":"0","left":"0","isLinked":""},"border_color":"rgba(1, 22, 64, 0.05)","_inline_size_tablet":"100","align_tablet":"flex-end"},"elements":[{"id":"13742a41","elType":"section","settings":{"height_inner":"min-height","custom_height_inner":{"unit":"px","size":"515","sizes":[]},"background_background":"classic","background_color":"#FFFFFF","box_shadow_box_shadow_type":"yes","box_shadow_box_shadow":{"horizontal":"0","vertical":"15","blur":"35","spread":"0","color":"rgba(0, 0, 0, 0.1)"},"margin":{"unit":"px","top":"0","right":"0","bottom":"0","left":"0","isLinked":"1"},"custom_height_inner_tablet":{"unit":"px","size":"0","sizes":[]}},"elements":[{"id":"55b6b4d2","elType":"column","settings":{"_column_size":"100","content_position":"center","space_between_widgets":"10","padding":{"unit":"px","top":"75","right":"75","bottom":"75","left":"75","isLinked":"1"},"padding_mobile":{"unit":"%","top":"10","right":"10","bottom":"10","left":"10","isLinked":"1"}},"elements":[{"id":"121e85e4","elType":"widget","settings":{"title":"It's a perfect match","title_color":"#848484","typography_typography":"custom","typography_font_family":"Montserrat","typography_font_size":{"unit":"px","size":"15","sizes":[]},"typography_font_weight":"400","typography_text_transform":"capitalize","align":"center","header_size":"h3"},"elements":[],"widgetType":"heading"},{"id":"42be4388","elType":"widget","settings":{"title":"INTERESTED IN THIS PROPERTY? WRITE A MESSAGE OR CALL US","title_color":"#011640","typography_typography":"custom","typography_font_family":"Montserrat","typography_font_size":{"unit":"px","size":"30","sizes":[]},"typography_font_weight":"300","typography_text_transform":"uppercase","align":"center","typography_line_height":{"unit":"em","size":"1.2","sizes":[]},"typography_font_size_mobile":{"unit":"px","size":"25","sizes":[]}},"elements":[],"widgetType":"heading"},{"id":"1cfc363b","elType":"widget","settings":{"text":"Contact Us","align":"center","icon_indent":{"unit":"px","size":"10","sizes":[]},"typography_typography":"custom","typography_font_family":"Montserrat","typography_font_size":{"unit":"px","size":"16","sizes":[]},"typography_font_weight":"400","button_text_color":"#011640","background_color":"#FFD6D6","hover_color":"#FFD6D6","button_background_hover_color":"#011640","border_radius":{"unit":"px","top":"0","right":"0","bottom":"0","left":"0","isLinked":"1"},"text_padding":{"unit":"px","top":"15","right":"40","bottom":"15","left":"40","isLinked":""},"_margin":{"unit":"px","top":"40","right":"0","bottom":"0","left":"0","isLinked":""},"typography_text_transform":"capitalize"},"elements":[],"widgetType":"button"}],"isInner":"1"}],"isInner":"1"},{"id":"1a7a37e9","elType":"widget","settings":{"selected_icon":{"value":"fas fa-square-full","library":"fa-solid"},"primary_color":"#FFD6D6","size":{"unit":"px","size":"115","sizes":[]},"_element_width":"auto","_element_custom_width":{"unit":"px","size":"90","sizes":[]},"_margin":{"unit":"px","top":"0","right":"0","bottom":"-6","left":"0","isLinked":""},"_offset_orientation_h":"end","_offset_x":{"unit":"px","size":"-41","sizes":[]},"_offset_x_end":{"size":"613","unit":"px"},"_offset_orientation_v":"end","_offset_y":{"unit":"px","size":"429","sizes":[]},"_offset_y_end":{"size":"224","unit":"px"},"size_mobile":{"unit":"px","size":"75","sizes":[]}},"elements":[],"widgetType":"icon"}],"isInner":""}],"isInner":""},{"id":"170aac16","elType":"section","settings":{"content_width":{"unit":"px","size":"1400","sizes":[]},"margin":{"unit":"px","top":"","right":"0","bottom":"","left":"0","isLinked":"1"},"_title":"Property\u00a0Content","padding_tablet":{"unit":"%","top":"0","right":"5","bottom":"0","left":"5","isLinked":""},"_timestamp_":"v1WjRwWEVHZkY3VVJWVEwzdFhhT0JXdz09"},"elements":[{"id":"56b3e9d2","elType":"column","settings":{"_column_size":"100","border_border":"solid","border_width":{"unit":"px","top":"0","right":"1","bottom":"0","left":"1","isLinked":""},"border_color":"rgba(1, 22, 64, 0.05)","padding":{"unit":"px","top":"0","right":"0","bottom":"0","left":"0","isLinked":"1"}},"elements":[{"id":"3c13151b","elType":"section","settings":{"content_width":{"unit":"px","size":"980","sizes":[]},"margin":{"unit":"px","top":"200","right":"0","bottom":"0","left":"0","isLinked":""},"margin_tablet":{"unit":"%","top":"15","right":"0","bottom":"15","left":"0","isLinked":""},"margin_mobile":{"unit":"%","top":"30","right":"0","bottom":"0","left":"0","isLinked":""}},"elements":[{"id":"4e46e591","elType":"column","settings":{"_column_size":"100","padding":{"unit":"px","top":"0","right":"0","bottom":"0","left":"0","isLinked":"1"}},"elements":[{"id":"1a678adb","elType":"widget","settings":{"text_color":"#848484","typography_typography":"custom","typography_font_family":"Montserrat","typography_font_size":{"unit":"px","size":"16","sizes":[]},"typography_font_weight":"300","align_tablet":"center"},"elements":[],"widgetType":"theme-post-content"}],"isInner":"1"}],"isInner":"1"},{"id":"737a2477","elType":"widget","settings":{"selected_icon":{"value":{"id":"14725","url":"https:\/\/library.elementor.com\/wp-content\/uploads\/2020\/07\/Shape.svg"},"library":"svg"},"primary_color":"rgba(1, 22, 64, 0.05)","rotate":{"unit":"deg","size":"90","sizes":[]},"_element_width":"auto","_position":"absolute","_offset_y":{"size":"110","unit":"px"},"_offset_x":{"size":"-1","unit":"px"},"_offset_x_tablet":{"size":"0","unit":"px"},"_offset_y_tablet":{"size":"0","unit":"px"}},"elements":[],"widgetType":"icon"}],"isInner":""}],"isInner":""},{"id":"5bec73bd","elType":"section","settings":{"content_width":{"unit":"px","size":"1400","sizes":[]},"margin":{"unit":"%","top":"","right":"0","bottom":"","left":"0","isLinked":"1"},"padding":{"unit":"%","top":"","right":"","bottom":"","left":"","isLinked":"1"},"_title":"Explore Properties","padding_tablet":{"unit":"%","top":"0","right":"5","bottom":"0","left":"5","isLinked":""},"_timestamp_":"v1WjRwWEVHZkY3VVJWVEwzdFhhT0JXdz09"},"elements":[{"id":"7367b3d","elType":"column","settings":{"_column_size":"100","border_border":"solid","border_width":{"unit":"px","top":"0","right":"1","bottom":"0","left":"1","isLinked":""},"border_color":"rgba(1, 22, 64, 0.05)","padding":{"unit":"px","top":"0","right":"0","bottom":"200","left":"0","isLinked":""},"padding_tablet":{"unit":"%","top":"0","right":"0","bottom":"15","left":"0","isLinked":""}},"elements":[{"id":"2f1145fb","elType":"widget","settings":{"selected_icon":{"value":{"id":"14725","url":"https:\/\/library.elementor.com\/wp-content\/uploads\/2020\/07\/Shape.svg"},"library":"svg"},"primary_color":"rgba(1, 22, 64, 0.05)","rotate":{"unit":"deg","size":"270","sizes":[]},"_element_width":"auto","_position":"absolute","_offset_y":{"size":"0","unit":"px"},"_offset_x":{"size":"-51","unit":"px"},"_offset_x_tablet":{"size":"0","unit":"px"},"_offset_y_tablet":{"size":"2","unit":"px"},"_offset_x_mobile":{"size":"0","unit":"px"},"_offset_y_mobile":{"size":"70","unit":"px"}},"elements":[],"widgetType":"icon"},{"id":"2167f49a","elType":"section","settings":{"content_width":{"unit":"px","size":"1400","sizes":[]},"margin":{"unit":"px","top":"0","right":"0","bottom":"80","left":"0","isLinked":""},"padding":{"unit":"%","top":"10","right":"0","bottom":"0","left":"0","isLinked":""},"structure":"20","margin_mobile":{"unit":"%","top":"30","right":"0","bottom":"0","left":"0","isLinked":""}},"elements":[{"id":"5f46d4de","elType":"column","settings":{"_column_size":"50","space_between_widgets":"10","content_position":"center","padding":{"unit":"px","top":"0","right":"0","bottom":"0","left":"0","isLinked":"1"},"_inline_size_tablet":"100"},"elements":[{"id":"5afea76c","elType":"widget","settings":{"title":"We'll Find You A Home\n","title_color":"#848484","typography_typography":"custom","typography_font_family":"Montserrat","typography_font_size":{"unit":"px","size":"15","sizes":[]},"typography_font_weight":"400","typography_text_transform":"capitalize","align":"left","header_size":"h3","align_tablet":"center"},"elements":[],"widgetType":"heading"},{"id":"11b64824","elType":"widget","settings":{"title":"Explore More Properties","title_color":"#011640","typography_typography":"custom","typography_font_family":"Montserrat","typography_font_size":{"unit":"px","size":"30","sizes":[]},"typography_font_weight":"300","typography_text_transform":"capitalize","align":"left","typography_line_height":{"unit":"em","size":"1.2","sizes":[]},"align_tablet":"center"},"elements":[],"widgetType":"heading"}],"isInner":"1"},{"id":"6acac3f5","elType":"column","settings":{"_column_size":"50","space_between_widgets":"0","content_position":"center","padding":{"unit":"%","top":"0","right":"10","bottom":"0","left":"5","isLinked":""},"_inline_size_tablet":"100","padding_mobile":{"unit":"%","top":"10","right":"5","bottom":"5","left":"5","isLinked":""}},"elements":[{"id":"69bdfbff","elType":"widget","settings":{"editor":"Lorem ipsum dolor sit amet, consectetur adipiscing elit, sed do eiusmod tempor incid idunt ut labore ellt dolore magna the alora aliqua alora the tolda on  fouter.","align":"left","text_color":"#848484","typography_typography":"custom","typography_font_family":"Montserrat","typography_font_size":{"unit":"px","size":"16","sizes":[]},"typography_font_weight":"200","typography_line_height":{"unit":"em","size":"1.8","sizes":[]},"align_tablet":"center"},"elements":[],"widgetType":"text-editor"}],"isInner":"1"}],"isInner":"1"},{"id":"13c0672c","elType":"widget","settings":{"classic_meta_separator":"\/\/\/","classic_read_more_text":"Property Details","cards_meta_separator":"","cards_read_more_text":"Read More \u00bb","full_content_meta_separator":"\/\/\/","pagination_page_limit":"5","pagination_prev_label":"&laquo; Previous","pagination_next_label":"Next &raquo;","classic_columns":"2","classic_posts_per_page":"2","classic_thumbnail_size_size":"full","classic_item_ratio":{"unit":"px","size":"0.77","sizes":[]},"classic_meta_data":[],"cards_columns":"2","cards_posts_per_page":"4","cards_thumbnail_size_size":"full","cards_item_ratio":{"unit":"px","size":"0.77","sizes":[]},"cards_meta_data":[],"cards_show_read_more":"","cards_show_badge":"","cards_show_avatar":"","classic_column_gap":{"unit":"px","size":"50","sizes":[]},"classic_row_gap":{"unit":"px","size":"50","sizes":[]},"classic_content_padding":{"unit":"px","top":"0","right":"50","bottom":"0","left":"50","isLinked":""},"classic_box_bg_color":"#FFF7F1","classic_image_spacing":{"unit":"px","size":"30","sizes":[]},"classic_title_color":"#011640","classic_title_typography_typography":"custom","classic_title_typography_font_family":"Montserrat","classic_title_typography_font_size":{"unit":"px","size":"20","sizes":[]},"classic_title_typography_font_weight":"400","classic_title_spacing":{"unit":"px","size":"10","sizes":[]},"classic_excerpt_color":"#848484","classic_excerpt_typography_typography":"custom","classic_excerpt_typography_font_family":"Montserrat","classic_excerpt_typography_font_size":{"unit":"px","size":"18","sizes":[]},"classic_excerpt_typography_font_weight":"300","classic_excerpt_spacing":{"unit":"px","size":"25","sizes":[]},"cards_card_bg_color":"#FFF7F1","cards_box_shadow_box_shadow_type":"","posts_include":[],"posts_include_term_ids":["5"],"classic_show_excerpt":"","classic_read_more_color":"#848484","classic_read_more_typography_typography":"custom","classic_read_more_typography_font_family":"Montserrat","classic_read_more_typography_font_size":{"unit":"px","size":"18","sizes":[]},"classic_read_more_typography_font_weight":"300","classic_read_more_spacing":{"unit":"px","size":"30","sizes":[]},"classic_title_typography_text_transform":"capitalize","classic_title_typography_font_size_tablet":{"unit":"px","size":"18","sizes":[]},"classic_title_typography_line_height_tablet":{"unit":"em","size":"1.4","sizes":[]},"_margin_tablet":{"unit":"%","top":"0","right":"0","bottom":"15","left":"0","isLinked":""},"_margin_mobile":{"unit":"%","top":"10","right":"0","bottom":"30","left":"0","isLinked":""},"_padding":{"unit":"%","top":"","right":"","bottom":"","left":"","isLinked":"1"},"classic_box_shadow_hover_box_shadow_type":"yes","classic_box_shadow_hover_box_shadow":{"horizontal":"0","vertical":"10","blur":"35","spread":"0","color":"rgba(0, 0, 0, 0.1)"},"posts_exclude":["current_post"]},"elements":[],"widgetType":"posts"}],"isInner":""}],"isInner":""}],"page_settings":[]}