{"content":[{"id":"295c9130","elType":"section","settings":{"height":"min-height","column_position":"stretch","structure":"20","_title":"Popup","custom_height":{"unit":"vh","size":"100","sizes":[]},"_timestamp_":"v1WjRwWEVHZkY3VVJWVEwzdFhhT0JXdz09"},"elements":[{"id":"187c0cff","elType":"column","settings":{"_column_size":"50","_inline_size":"10","padding":{"unit":"px","top":"0","right":"0","bottom":"0","left":"0","isLinked":"1"}},"elements":[{"id":"b7d6c6c","elType":"widget","settings":{"text":"","align":"right","selected_icon":{"value":{"id":"14832","url":"https:\/\/library.elementor.com\/wp-content\/uploads\/2020\/07\/CloseMenu.svg"},"library":"svg"},"icon_indent":{"unit":"px","size":"0","sizes":[]},"button_text_color":"#011640","background_color":"#FFD6D6","hover_color":"#FFD6D6","button_background_hover_color":"#011640","border_radius":{"unit":"px","top":"0","right":"0","bottom":"0","left":"0","isLinked":"1"},"text_padding":{"unit":"px","top":"20","right":"30","bottom":"20","left":"25","isLinked":""},"_offset_x":{"size":"-40","unit":"px"},"_offset_y":{"size":"-27","unit":"px"},"__dynamic__":{"link":"[elementor-tag id=\"04067e3\" name=\"popup\" settings=\"%7B%22action%22%3A%22close%22%7D\"]"}},"elements":[],"widgetType":"button"}],"isInner":""},{"id":"62ccfc06","elType":"column","settings":{"_column_size":"50","_inline_size":"90","content_position":"top","background_background":"classic","background_color":"#FFFFFF","padding":{"unit":"%","top":"5","right":"5","bottom":"5","left":"5","isLinked":"1"},"content_position_tablet":"center","padding_mobile":{"unit":"%","top":"5","right":"5","bottom":"15","left":"5","isLinked":""}},"elements":[{"id":"1e92b537","elType":"widget","settings":{"carousel":[{"id":"14833","url":"https:\/\/library.elementor.com\/wp-content\/uploads\/2020\/07\/Popup-pic-1.png"},{"id":"14834","url":"https:\/\/library.elementor.com\/wp-content\/uploads\/2020\/07\/Popup-pic-3.png"},{"id":"14835","url":"https:\/\/library.elementor.com\/wp-content\/uploads\/2020\/07\/Popup-pic-2.png"},{"id":"14836","url":"https:\/\/library.elementor.com\/wp-content\/uploads\/2020\/07\/Popup-pic-4.png"}],"thumbnail_size":"full","slides_to_show":"1","navigation":"dots","dots_size":{"unit":"px","size":"5","sizes":[]},"dots_color":"#011640","pause_on_hover":"no","pause_on_interaction":"no"},"elements":[],"widgetType":"image-carousel"},{"id":"260f77ca","elType":"widget","settings":{"title":"We have exclusive properties just for you, Leave your details and we'll talk soon.","title_color":"#011640","typography_typography":"custom","typography_font_family":"Montserrat","typography_font_size":{"unit":"px","size":"28","sizes":[]},"typography_font_weight":"300","typography_text_transform":"uppercase","typography_line_height":{"unit":"em","size":"1.2","sizes":[]},"align":"left","align_mobile":"center","typography_font_size_mobile":{"unit":"px","size":"25","sizes":[]},"_margin":{"unit":"px","top":"10","right":"0","bottom":"0","left":"0","isLinked":""},"_margin_tablet":{"unit":"px","top":"0","right":"0","bottom":"0","left":"0","isLinked":""}},"elements":[],"widgetType":"heading"},{"id":"ecfae62","elType":"widget","settings":{"editor":"Lorem ipsum dolor sit amet, consectetur adipiscing elit, sed do eiusmod tempor incid idunt ut labore ellt dolore.","align":"left","text_color":"#848484","typography_typography":"custom","typography_font_family":"Montserrat","typography_font_size":{"unit":"px","size":"16","sizes":[]},"typography_font_weight":"200","typography_line_height":{"unit":"em","size":"1.8","sizes":[]},"align_mobile":"center"},"elements":[],"widgetType":"text-editor"},{"id":"736ee3ab","elType":"widget","settings":{"form_name":"PopUp Form","form_fields":[{"custom_id":"email","field_type":"text","required":"true","field_label":"Full Name","placeholder":"Full Name","width":"33","_id":"f4461d3","field_options":"","allow_multiple":"","select_size":"","inline_list":"","field_html":"","width_tablet":"100","width_mobile":"","rows":"4","recaptcha_size":"normal","recaptcha_style":"light","recaptcha_badge":"bottomright","css_classes":"","field_value":"","selected_icon":{"value":"fas fa-star","library":"fa-solid"},"file_sizes":"","file_types":"","allow_multiple_upload":"","max_files":"","acceptance_text":"","checked_by_default":"","field_min":"","field_max":"","min_date":"","max_date":"","use_native_date":"","use_native_time":"","previous_button":"","next_button":""},{"custom_id":"field_cf17f0c","field_type":"tel","required":"true","field_label":"Phone","placeholder":"Phone","width":"33","field_options":"","allow_multiple":"","select_size":"","inline_list":"","field_html":"","width_tablet":"100","width_mobile":"","rows":"4","recaptcha_size":"normal","recaptcha_style":"light","recaptcha_badge":"bottomright","css_classes":"","field_value":"","_id":"cf17f0c","selected_icon":{"value":"fas fa-star","library":"fa-solid"},"file_sizes":"","file_types":"","allow_multiple_upload":"","max_files":"","acceptance_text":"","checked_by_default":"","field_min":"","field_max":"","min_date":"","max_date":"","use_native_date":"","use_native_time":"","previous_button":"","next_button":""}],"show_labels":"","button_text":"Send","button_width":"33","email_content":"[all-fields]","email_content_2":"[all-fields]","success_message":"The form was sent successfully.","error_message":"An error occured.","required_field_message":"This field is required.","invalid_message":"There's something wrong. The form is invalid.","column_gap":{"unit":"px","size":"20","sizes":[]},"field_text_color":"rgba(1, 22, 64, 0.47)","field_typography_typography":"custom","field_typography_font_family":"Montserrat","field_typography_font_size":{"unit":"px","size":"15","sizes":[]},"field_background_color":"","field_border_color":"rgba(1, 22, 64, 0.21)","field_border_width":{"unit":"px","top":"1","right":"1","bottom":"1","left":"1","isLinked":"1"},"field_border_radius":{"unit":"px","top":"0","right":"0","bottom":"0","left":"0","isLinked":"1"},"button_background_color":"#011640","button_text_color":"#FFF7F1","button_typography_typography":"custom","button_typography_font_family":"Montserrat","button_typography_font_size":{"unit":"px","size":"16","sizes":[]},"button_typography_font_weight":"300","button_typography_text_transform":"capitalize","button_border_radius":{"unit":"px","top":"0","right":"0","bottom":"0","left":"0","isLinked":"1"},"button_background_hover_color":"#FFD6D6","button_hover_color":"#011640","_margin":{"unit":"px","top":"20","right":"0","bottom":"0","left":"0","isLinked":""},"field_typography_text_transform":"capitalize","message_typography_typography":"custom","message_typography_font_family":"Montserrat","message_typography_font_size":{"unit":"px","size":"16","sizes":[]},"message_typography_font_weight":"300","success_message_color":"#011640","error_message_color":"#011640","inline_message_color":"#011640","button_width_tablet":"100","step_next_label":"Next","step_previous_label":"Previous"},"elements":[],"widgetType":"form"}],"isInner":""}],"isInner":""}],"page_settings":{"width":{"unit":"px","size":"650","sizes":[]},"horizontal_position":"right","close_button":"","entrance_animation":"fadeInRight","exit_animation":"fadeInRight","background_background":"classic","background_color":"rgba(2, 1, 1, 0)","box_shadow_box_shadow_type":"","close_button_vertical":{"unit":"%","size":"0.5","sizes":[]},"close_button_horizontal":{"unit":"%","size":"3.6","sizes":[]},"close_button_color":"#011640","height":{"unit":"vh","size":"100","sizes":[]}}}