{"content":[{"id":"30667ce8","elType":"section","settings":{"layout":"full_width","gap":"no","height":"min-height","custom_height":{"unit":"vh","size":"60","sizes":[]},"column_position":"stretch","content_position":"bottom","structure":"32","_title":"Hero","_timestamp_":"v1bnVUUHJ2THdCOGhycjdXanhqVEJXdz09"},"elements":[{"id":"60794d23","elType":"column","settings":{"_column_size":"50","_inline_size":"70","background_background":"classic","background_color":"#6C7C69","padding":{"unit":"%","top":"0","right":"25","bottom":"15","left":"10","isLinked":""},"_inline_size_tablet":"88","margin_tablet":{"unit":"%","top":"","right":"","bottom":"","left":"","isLinked":"1"},"padding_tablet":{"unit":"%","top":"25","right":"5","bottom":"45","left":"10","isLinked":""},"padding_mobile":{"unit":"%","top":"30","right":"5","bottom":"30","left":"10","isLinked":""}},"elements":[{"id":"23c63a82","elType":"widget","settings":{"title":"Gallery","header_size":"h1","title_color":"#FFFFFF","typography_typography":"custom","typography_font_family":"Playfair Display","typography_font_size":{"unit":"px","size":"80","sizes":[]},"typography_font_size_tablet":{"unit":"px","size":"56","sizes":[]},"typography_font_size_mobile":{"unit":"px","size":"38","sizes":[]},"typography_font_weight":"700","typography_text_transform":"capitalize","typography_line_height":{"unit":"px","size":"80","sizes":[]},"typography_line_height_tablet":{"unit":"px","size":"56","sizes":[]},"typography_line_height_mobile":{"unit":"px","size":"42","sizes":[]},"typography_letter_spacing":{"unit":"px","size":"-2.25","sizes":[]}},"elements":[],"widgetType":"heading"},{"id":"5a8103ed","elType":"widget","settings":{"title":"Get inspired by our beautiful flooring projects","header_size":"h6","_margin":{"unit":"%","top":"1","right":"0","bottom":"0","left":"0","isLinked":""},"title_color":"#FFFFFF","typography_typography":"custom","typography_font_family":"Helvetica","typography_font_size":{"unit":"px","size":"18","sizes":[]},"typography_font_size_tablet":{"unit":"px","size":"16","sizes":[]},"typography_font_size_mobile":{"unit":"px","size":"14","sizes":[]},"typography_font_weight":"300","typography_line_height":{"unit":"px","size":"22","sizes":[]},"typography_letter_spacing":{"unit":"px","size":"1.5","sizes":[]}},"elements":[],"widgetType":"heading"}],"isInner":""},{"id":"52f1ec61","elType":"column","settings":{"_column_size":"25","_inline_size":"23","margin":{"unit":"%","top":"0","right":"10","bottom":"0","left":"0","isLinked":""},"_inline_size_tablet":"100","margin_tablet":{"unit":"%","top":"0","right":"5","bottom":"0","left":"0","isLinked":""},"margin_mobile":{"unit":"%","top":"0","right":"5","bottom":"0","left":"0","isLinked":""},"padding_tablet":{"unit":"%","top":"","right":"","bottom":"","left":"","isLinked":"1"},"padding":{"unit":"%","top":"","right":"","bottom":"","left":"","isLinked":"1"}},"elements":[{"id":"1486e301","elType":"widget","settings":{"image":{"id":"14968","url":"https:\/\/library.elementor.com\/wp-content\/uploads\/2020\/08\/GalleryPage-Hero.jpg"},"image_size":"full","_margin":{"unit":"%","top":"0","right":"0","bottom":"-35","left":"-130","isLinked":""},"_margin_tablet":{"unit":"%","top":"-30","right":"0","bottom":"0","left":"22","isLinked":""},"_margin_mobile":{"unit":"%","top":"-20","right":"0","bottom":"0","left":"15","isLinked":""}},"elements":[],"widgetType":"image"}],"isInner":""},{"id":"428b6695","elType":"column","settings":{"_column_size":"25","_inline_size":"7","_inline_size_tablet":"100","align_tablet":"flex-end","margin":{"unit":"%","top":"","right":"","bottom":"","left":"","isLinked":"1"},"margin_tablet":{"unit":"%","top":"5","right":"0","bottom":"0","left":"0","isLinked":""},"padding":{"unit":"%","top":"","right":"","bottom":"","left":"","isLinked":"1"}},"elements":[{"id":"34a30ab","elType":"widget","settings":{"space":{"unit":"px","size":"328","sizes":[]},"_background_background":"classic","_background_color":"#6C7C69","_element_custom_width":{"unit":"px","size":"138","sizes":[]},"_offset_x":{"unit":"%","size":"0","sizes":[]},"_offset_y":{"unit":"%","size":"","sizes":[]},"_element_custom_width_tablet":{"unit":"px","size":"36","sizes":[]},"_offset_orientation_v":"end","_element_width_mobile":"initial","_element_custom_width_mobile":{"unit":"px","size":"30","sizes":[]},"space_tablet":{"unit":"px","size":"180","sizes":[]},"space_mobile":{"unit":"px","size":"55","sizes":[]},"_margin":{"unit":"%","top":"0","right":"0","bottom":"-280","left":"0","isLinked":""},"_margin_mobile":{"unit":"%","top":"","right":"","bottom":"","left":"","isLinked":"1"},"_animation":"fadeInRight","animation_duration":"slow","_element_width_tablet":"initial","_offset_orientation_h":"end","_offset_x_end":{"unit":"%","size":"0","sizes":[]}},"elements":[],"widgetType":"spacer"}],"isInner":""}],"isInner":""},{"id":"6e894636","elType":"section","settings":{"layout":"full_width","gap":"no","margin":{"unit":"%","top":"20","right":"0","bottom":"15","left":"0","isLinked":""},"margin_tablet":{"unit":"%","top":"20","right":"0","bottom":"20","left":"0","isLinked":"1"},"margin_mobile":{"unit":"%","top":"35","right":"0","bottom":"35","left":"0","isLinked":"1"},"padding":{"unit":"%","top":"0","right":"11","bottom":"0","left":"11","isLinked":""},"padding_tablet":{"unit":"%","top":"0","right":"7","bottom":"0","left":"7","isLinked":""},"_title":"Gallery","_timestamp_":"v1bnVUUHJ2THdCOGhycjdXanhqVEJXdz09"},"elements":[{"id":"6e34e1f7","elType":"column","settings":{"_column_size":"100"},"elements":[{"id":"52697b29","elType":"widget","settings":{"gallery_type":"multiple","gallery":[{"id":"14957","url":"https:\/\/library.elementor.com\/wp-content\/uploads\/2020\/08\/ServicesPage-Vinyl_Tile_Flooring.jpg"},{"id":"14955","url":"https:\/\/library.elementor.com\/wp-content\/uploads\/2020\/08\/ServicesPage-Laminate_Flooring.jpg"},{"id":"14950","url":"https:\/\/library.elementor.com\/wp-content\/uploads\/2020\/08\/ServicesPage-Hero.jpg"},{"id":"14954","url":"https:\/\/library.elementor.com\/wp-content\/uploads\/2020\/08\/ServicesPage-Hardwood_Flooring.jpg"},{"id":"14959","url":"https:\/\/library.elementor.com\/wp-content\/uploads\/2020\/08\/ServicesPage-Concrete_Flooring.jpg"},{"id":"14956","url":"https:\/\/library.elementor.com\/wp-content\/uploads\/2020\/08\/ServicesPage-Ceramic_Tyle_Flooring.jpg"},{"id":"14958","url":"https:\/\/library.elementor.com\/wp-content\/uploads\/2020\/08\/ServicesPage-Carpet_Flooring.jpg"},{"id":"14969","url":"https:\/\/library.elementor.com\/wp-content\/uploads\/2020\/08\/404Page-Hero.jpg"},{"id":"14970","url":"https:\/\/library.elementor.com\/wp-content\/uploads\/2020\/08\/SinglePost_9-News-Image-3.jpg"},{"id":"14971","url":"https:\/\/library.elementor.com\/wp-content\/uploads\/2020\/08\/SinglePost_9-News-Image-2.jpg"},{"id":"14972","url":"https:\/\/library.elementor.com\/wp-content\/uploads\/2020\/08\/SinglePost_9-News-Image-1.jpg"},{"id":"14973","url":"https:\/\/library.elementor.com\/wp-content\/uploads\/2020\/08\/SinglePost_8-News-Image-3.jpg"},{"id":"14974","url":"https:\/\/library.elementor.com\/wp-content\/uploads\/2020\/08\/SinglePost_8-News-Image-2.jpg"}],"galleries":[{"gallery_title":"Hardwood","_id":"b739f33","multiple_gallery":[{"id":"14975","url":"https:\/\/library.elementor.com\/wp-content\/uploads\/2020\/08\/Gallery-img_1.jpg"},{"id":"14976","url":"https:\/\/library.elementor.com\/wp-content\/uploads\/2020\/08\/Gallery-img_13.jpg"},{"id":"14977","url":"https:\/\/library.elementor.com\/wp-content\/uploads\/2020\/08\/Gallery-img_14.jpg"}]},{"gallery_title":"Laminate","multiple_gallery":[{"id":"14978","url":"https:\/\/library.elementor.com\/wp-content\/uploads\/2020\/08\/Gallery-img_2.png"},{"id":"14979","url":"https:\/\/library.elementor.com\/wp-content\/uploads\/2020\/08\/Gallery-img_4.jpg"},{"id":"14980","url":"https:\/\/library.elementor.com\/wp-content\/uploads\/2020\/08\/Gallery-img_8.png"}],"_id":"7844985"},{"gallery_title":"Ceramic Tile","multiple_gallery":[{"id":"14981","url":"https:\/\/library.elementor.com\/wp-content\/uploads\/2020\/08\/Gallery-img_7.png"},{"id":"14982","url":"https:\/\/library.elementor.com\/wp-content\/uploads\/2020\/08\/Gallery-img_6.png"},{"id":"14983","url":"https:\/\/library.elementor.com\/wp-content\/uploads\/2020\/08\/Gallery-img_12.png"}],"_id":"f67dd3a"},{"gallery_title":"Vinyl Tile","multiple_gallery":[{"id":"14984","url":"https:\/\/library.elementor.com\/wp-content\/uploads\/2020\/08\/Gallery-img_15.jpg"},{"id":"14985","url":"https:\/\/library.elementor.com\/wp-content\/uploads\/2020\/08\/Gallery-img_16.jpg"},{"id":"14986","url":"https:\/\/library.elementor.com\/wp-content\/uploads\/2020\/08\/Gallery-img_17.jpg"}],"_id":"5751603"},{"gallery_title":"Carpeted","multiple_gallery":[{"id":"14987","url":"https:\/\/library.elementor.com\/wp-content\/uploads\/2020\/08\/Gallery-img_18.jpg"},{"id":"14988","url":"https:\/\/library.elementor.com\/wp-content\/uploads\/2020\/08\/Gallery-img_9.png"},{"id":"14989","url":"https:\/\/library.elementor.com\/wp-content\/uploads\/2020\/08\/Gallery-img_19.jpg"}],"_id":"6ba034b"},{"gallery_title":"Concrete","multiple_gallery":[{"id":"14990","url":"https:\/\/library.elementor.com\/wp-content\/uploads\/2020\/08\/Gallery-img_3.png"},{"id":"14992","url":"https:\/\/library.elementor.com\/wp-content\/uploads\/2020\/08\/Gallery-img_20-1.jpg"},{"id":"14993","url":"https:\/\/library.elementor.com\/wp-content\/uploads\/2020\/08\/Gallery-img_21.jpg"}],"_id":"192a686"}],"columns":"3","gap":{"unit":"px","size":"40","sizes":[]},"aspect_ratio":"1:1","thumbnail_image_size":"full","show_all_galleries_label":"All","overlay_background_hover_color":"rgba(0, 0, 0, 0.3)","galleries_title_color_normal":"rgba(0, 0, 0, 0.34901960784313724)","galleries_titles_typography_typography":"custom","galleries_titles_typography_font_family":"Playfair Display","galleries_titles_typography_font_size":{"unit":"px","size":"18","sizes":[]},"galleries_titles_typography_font_size_tablet":{"unit":"px","size":"16","sizes":[]},"galleries_titles_typography_font_size_mobile":{"unit":"px","size":"14","sizes":[]},"galleries_titles_typography_font_weight":"400","galleries_titles_typography_text_transform":"capitalize","galleries_titles_typography_line_height":{"unit":"px","size":"20","sizes":[]},"galleries_titles_typography_letter_spacing":{"unit":"px","size":"-0.51","sizes":[]},"galleries_title_color_hover":"#6C7C69","galleries_title_color_active":"#6C7C69","galleries_titles_space_between":{"unit":"%","size":"3","sizes":[]},"galleries_titles_gap":{"unit":"%","size":"8","sizes":[]},"pointer_width":{"unit":"px","size":"0","sizes":[]},"pointer":"none"},"elements":[],"widgetType":"gallery"}],"isInner":""}],"isInner":""}],"page_settings":{"background_background":"classic","background_color":"#FFFAF5"}}