{"content":[{"id":"6fb3b054","elType":"section","settings":{"layout":"full_width","gap":"no","height":"min-height","custom_height":{"unit":"vh","size":"70","sizes":[]},"column_position":"stretch","content_position":"bottom","structure":"32","_title":"Hero","_timestamp_":"v1bnVUUHJ2THdCOGhycjdXanhqVEJXdz09"},"elements":[{"id":"605f4cf9","elType":"column","settings":{"_column_size":"50","_inline_size":"70","background_background":"classic","background_color":"#6C7C69","padding":{"unit":"%","top":"0","right":"25","bottom":"10","left":"10","isLinked":""},"_inline_size_tablet":"88","margin_tablet":{"unit":"%","top":"","right":"","bottom":"","left":"","isLinked":"1"},"padding_tablet":{"unit":"%","top":"25","right":"5","bottom":"45","left":"10","isLinked":""},"padding_mobile":{"unit":"%","top":"30","right":"5","bottom":"30","left":"10","isLinked":""}},"elements":[{"id":"461f7928","elType":"widget","settings":{"title":"404","header_size":"h1","typography_typography":"custom","typography_font_size":{"unit":"px","size":"150","sizes":[]},"typography_line_height":{"unit":"px","size":"80","sizes":[]},"typography_letter_spacing":{"unit":"px","size":"-4.22","sizes":[]},"title_color":"#FFFAF5","typography_font_family":"Playfair Display","typography_font_weight":"700","typography_text_transform":"capitalize"},"elements":[],"widgetType":"heading"},{"id":"48381445","elType":"widget","settings":{"title":"Page not found.<br> \nWe couldn't find the page you were looking for. \n","header_size":"h6","_margin":{"unit":"%","top":"7","right":"0","bottom":"0","left":"0","isLinked":""},"title_color":"#FFFFFF","typography_typography":"custom","typography_font_family":"Helvetica","typography_font_size":{"unit":"px","size":"18","sizes":[]},"typography_font_size_tablet":{"unit":"px","size":"16","sizes":[]},"typography_font_size_mobile":{"unit":"px","size":"14","sizes":[]},"typography_font_weight":"300","typography_line_height":{"unit":"px","size":"22","sizes":[]},"typography_letter_spacing":{"unit":"px","size":"1.5","sizes":[]}},"elements":[],"widgetType":"heading"},{"id":"4513be33","elType":"widget","settings":{"text":"Back to Homepage","button_text_color":"#FFFAF5","border_width":{"unit":"px","top":"2","right":"2","bottom":"2","left":"2","isLinked":"1"},"hover_color":"#6C7C69","button_background_hover_color":"#FFFBF6","border_color":"#FFFAF5","_margin":{"unit":"%","top":"2","right":"0","bottom":"0","left":"0","isLinked":""},"border_border":"solid","__dynamic__":{"link":"[elementor-tag id=\"734e457\" name=\"site-url\" settings=\"%7B%7D\"]"},"typography_typography":"custom","typography_font_family":"Helvetica","typography_font_size":{"unit":"px","size":"14","sizes":[]},"typography_font_weight":"700","typography_text_transform":"capitalize","typography_letter_spacing":{"unit":"px","size":"-0.45","sizes":[]},"border_radius":{"unit":"px","top":"0","right":"0","bottom":"0","left":"0","isLinked":"1"},"text_padding":{"unit":"px","top":"18","right":"43","bottom":"18","left":"43","isLinked":""},"text_padding_mobile":{"unit":"px","top":"15","right":"36","bottom":"15","left":"36","isLinked":""},"background_color":"rgba(2, 1, 1, 0)"},"elements":[],"widgetType":"button"}],"isInner":""},{"id":"7afb8870","elType":"column","settings":{"_column_size":"25","_inline_size":"23","margin":{"unit":"%","top":"0","right":"10","bottom":"0","left":"0","isLinked":""},"_inline_size_tablet":"100","margin_tablet":{"unit":"%","top":"0","right":"5","bottom":"0","left":"0","isLinked":""},"margin_mobile":{"unit":"%","top":"0","right":"5","bottom":"0","left":"0","isLinked":""},"padding_tablet":{"unit":"%","top":"","right":"","bottom":"","left":"","isLinked":"1"},"padding":{"unit":"%","top":"","right":"","bottom":"","left":"","isLinked":"1"}},"elements":[{"id":"29ef8125","elType":"widget","settings":{"image":{"id":"14969","url":"https:\/\/library.elementor.com\/wp-content\/uploads\/2020\/08\/404Page-Hero.jpg"},"image_size":"full","_margin":{"unit":"%","top":"0","right":"0","bottom":"-20","left":"-130","isLinked":""},"_margin_tablet":{"unit":"%","top":"-30","right":"0","bottom":"0","left":"22","isLinked":""},"_margin_mobile":{"unit":"%","top":"-20","right":"0","bottom":"0","left":"15","isLinked":""},"_z_index":"2"},"elements":[],"widgetType":"image"},{"id":"567a6756","elType":"widget","settings":{"space":{"unit":"px","size":"200","sizes":[]},"_background_background":"classic","_background_color":"#F2EAE3","_element_width":"initial","_element_custom_width":{"unit":"px","size":"220","sizes":[]},"_position":"absolute","_offset_x":{"unit":"px","size":"","sizes":[]},"_offset_y":{"unit":"px","size":"130","sizes":[]},"_offset_orientation_h":"end","_offset_x_end":{"unit":"px","size":"-20","sizes":[]},"space_tablet":{"unit":"px","size":"186","sizes":[]},"_element_width_tablet":"initial","_element_custom_width_tablet":{"unit":"px","size":"184","sizes":[]},"_offset_x_end_tablet":{"unit":"px","size":"-15","sizes":[]},"_offset_x_end_mobile":{"unit":"px","size":"-10","sizes":[]},"_offset_y_tablet":{"unit":"px","size":"-260","sizes":[]},"space_mobile":{"unit":"px","size":"114","sizes":[]},"_element_width_mobile":"initial","_element_custom_width_mobile":{"unit":"px","size":"117","sizes":[]},"_offset_y_mobile":{"unit":"px","size":"-92","sizes":[]}},"elements":[],"widgetType":"spacer"}],"isInner":""},{"id":"300d921","elType":"column","settings":{"_column_size":"25","_inline_size":"7","_inline_size_tablet":"100","align_tablet":"flex-end","margin":{"unit":"%","top":"","right":"","bottom":"","left":"","isLinked":"1"},"margin_tablet":{"unit":"%","top":"5","right":"0","bottom":"0","left":"0","isLinked":""},"padding":{"unit":"%","top":"","right":"","bottom":"","left":"","isLinked":"1"}},"elements":[{"id":"52762395","elType":"widget","settings":{"space":{"unit":"px","size":"328","sizes":[]},"_background_background":"classic","_background_color":"#6C7C69","_element_custom_width":{"unit":"px","size":"138","sizes":[]},"_offset_x":{"unit":"%","size":"0","sizes":[]},"_offset_y":{"unit":"%","size":"","sizes":[]},"_element_custom_width_tablet":{"unit":"px","size":"36","sizes":[]},"_offset_orientation_v":"end","_element_width_mobile":"initial","_element_custom_width_mobile":{"unit":"px","size":"30","sizes":[]},"space_tablet":{"unit":"px","size":"180","sizes":[]},"space_mobile":{"unit":"px","size":"55","sizes":[]},"_margin":{"unit":"%","top":"0","right":"0","bottom":"-120","left":"0","isLinked":""},"_margin_mobile":{"unit":"%","top":"","right":"","bottom":"","left":"","isLinked":"1"},"_animation":"fadeInRight","animation_duration":"slow","_element_width_tablet":"initial","_offset_orientation_h":"end","_offset_x_end":{"unit":"%","size":"0","sizes":[]}},"elements":[],"widgetType":"spacer"}],"isInner":""}],"isInner":""},{"id":"4abd918b","elType":"section","settings":{"margin":{"unit":"%","top":"15","right":"0","bottom":"15","left":"0","isLinked":"1"},"padding_tablet":{"unit":"%","top":"0","right":"4","bottom":"0","left":"4","isLinked":""},"margin_tablet":{"unit":"%","top":"15","right":"0","bottom":"20","left":"0","isLinked":""},"_title":"Our Projects","margin_mobile":{"unit":"%","top":"15","right":"0","bottom":"35","left":"0","isLinked":""},"structure":"30","content_width":{"unit":"px","size":"1400","sizes":[]},"_timestamp_":"v1bnVUUHJ2THdCOGhycjdXanhqVEJXdz09"},"elements":[{"id":"30489af1","elType":"column","settings":{"_column_size":"33","margin":{"unit":"%","top":"25","right":"0","bottom":"0","left":"0","isLinked":""},"_inline_size_tablet":"25","margin_tablet":{"unit":"%","top":"65","right":"0","bottom":"0","left":"0","isLinked":""},"margin_mobile":{"unit":"%","top":"10","right":"0","bottom":"0","left":"25","isLinked":""}},"elements":[{"id":"19c6b646","elType":"widget","settings":{"image":{"id":"14920","url":"https:\/\/library.elementor.com\/wp-content\/uploads\/2020\/08\/HomePage-OurProjects-img_1.jpg"},"image_size":"full","align":"right","_z_index":"2","_margin_mobile":{"unit":"%","top":"","right":"","bottom":"","left":"","isLinked":"1"}},"elements":[],"widgetType":"image"},{"id":"5df18cd2","elType":"widget","settings":{"space":{"unit":"px","size":"288","sizes":[]},"_background_background":"classic","_background_color":"#6C7C69","_element_width":"initial","_element_custom_width":{"unit":"px","size":"315","sizes":[]},"_position":"absolute","_offset_y":{"unit":"px","size":"-65","sizes":[]},"space_tablet":{"unit":"px","size":"128","sizes":[]},"_element_width_tablet":"initial","_element_custom_width_tablet":{"unit":"px","size":"148","sizes":[]},"_offset_x_tablet":{"unit":"px","size":"-15","sizes":[]},"_offset_x_mobile":{"unit":"px","size":"-30","sizes":[]},"_offset_y_tablet":{"unit":"px","size":"-40","sizes":[]}},"elements":[],"widgetType":"spacer"}],"isInner":""},{"id":"3ad9f496","elType":"column","settings":{"_column_size":"33","_inline_size_tablet":"50"},"elements":[{"id":"6ef38a61","elType":"widget","settings":{"image":{"id":"15040","url":"https:\/\/library.elementor.com\/wp-content\/uploads\/2020\/08\/404_2.jpg"},"image_size":"full","_z_index":"2","_animation":"fadeInUp","animation_duration":"slow"},"elements":[],"widgetType":"image"}],"isInner":""},{"id":"35ba01bd","elType":"column","settings":{"_column_size":"33","margin":{"unit":"%","top":"35","right":"0","bottom":"0","left":"0","isLinked":""},"_inline_size_tablet":"25","margin_tablet":{"unit":"%","top":"83","right":"0","bottom":"0","left":"0","isLinked":""},"margin_mobile":{"unit":"%","top":"20","right":"25","bottom":"0","left":"0","isLinked":""}},"elements":[{"id":"54b7c8d7","elType":"widget","settings":{"image":{"id":"14922","url":"https:\/\/library.elementor.com\/wp-content\/uploads\/2020\/08\/HomePage-OurProjects-img_3.jpg"},"image_size":"full","align":"left","_z_index":"2"},"elements":[],"widgetType":"image"},{"id":"3f4788b7","elType":"widget","settings":{"space":{"unit":"px","size":"326","sizes":[]},"_background_background":"classic","_background_color":"#F2EAE3","_element_width":"initial","_element_custom_width":{"unit":"px","size":"267","sizes":[]},"_position":"absolute","_offset_x":{"unit":"px","size":"","sizes":[]},"_offset_y":{"unit":"px","size":"-60","sizes":[]},"_offset_orientation_h":"end","_offset_x_end":{"unit":"px","size":"60","sizes":[]},"space_tablet":{"unit":"px","size":"186","sizes":[]},"_element_width_tablet":"initial","_element_custom_width_tablet":{"unit":"px","size":"128","sizes":[]},"_offset_x_end_tablet":{"unit":"px","size":"-15","sizes":[]},"_offset_x_end_mobile":{"unit":"px","size":"-30","sizes":[]},"_offset_y_tablet":{"unit":"px","size":"-40","sizes":[]}},"elements":[],"widgetType":"spacer"}],"isInner":""}],"isInner":""}],"page_settings":[]}