{"content":[{"id":"3d4e50df","elType":"section","settings":{"layout":"full_width","gap":"no","height":"min-height","custom_height":{"unit":"vh","size":"90","sizes":[]},"column_position":"stretch","content_position":"middle","overflow":"hidden","structure":"20","padding":{"unit":"%","top":"","right":"","bottom":"","left":"","isLinked":"1"},"_title":"Hero","custom_height_tablet":{"unit":"vh","size":"90","sizes":[]},"reverse_order_mobile":"reverse-mobile","reverse_order_tablet":"reverse-tablet","_timestamp_":"v1bnVUUHJ2THdCOGhycjdXanhqVEJXdz09"},"elements":[{"id":"388d29c4","elType":"column","settings":{"_column_size":"50","padding":{"unit":"%","top":"0","right":"0","bottom":"0","left":"15.8","isLinked":""},"space_between_widgets":"0","_inline_size_tablet":"100","padding_tablet":{"unit":"%","top":"8","right":"0","bottom":"0","left":"7","isLinked":""},"padding_mobile":{"unit":"%","top":"12","right":"7","bottom":"13","left":"7","isLinked":""}},"elements":[{"id":"7d3e900c","elType":"widget","settings":{"title":"Janet Parker, PhD","header_size":"h1","_padding":{"unit":"%","top":"0","right":"8","bottom":"2","left":"0","isLinked":""},"_margin":{"unit":"px","top":"0","right":"0","bottom":"0","left":"-3","isLinked":""},"_padding_tablet":{"unit":"%","top":"0","right":"0","bottom":"2","left":"0","isLinked":""},"_padding_mobile":{"unit":"%","top":"0","right":"0","bottom":"4","left":"0","isLinked":""},"align_mobile":"left","typography_text_transform":"capitalize","_animation":"fadeIn","animation_duration":"fast","title_color":"#65768B","typography_typography":"custom","typography_font_family":"Prompt","typography_font_size":{"unit":"px","size":"80","sizes":[]},"typography_font_size_tablet":{"unit":"px","size":"48","sizes":[]},"typography_font_size_mobile":{"unit":"px","size":"36","sizes":[]},"typography_font_weight":"100","typography_line_height":{"unit":"px","size":"82","sizes":[]},"typography_line_height_tablet":{"unit":"px","size":"56","sizes":[]},"typography_line_height_mobile":{"unit":"px","size":"44","sizes":[]},"typography_letter_spacing_tablet":{"unit":"px","size":"-1","sizes":[]}},"elements":[],"widgetType":"heading"},{"id":"64d833aa","elType":"widget","settings":{"title":"Licensed Clinical Psychologist","header_size":"h4","_padding":{"unit":"%","top":"0","right":"0","bottom":"5","left":"0","isLinked":""},"_padding_mobile":{"unit":"%","top":"0","right":"0","bottom":"8","left":"0","isLinked":""},"_animation":"fadeIn","title_color":"#65768B","typography_typography":"custom","typography_font_family":"Prompt","typography_font_size":{"unit":"px","size":"16","sizes":[]},"typography_font_size_tablet":{"unit":"px","size":"15","sizes":[]},"typography_font_size_mobile":{"unit":"px","size":"14","sizes":[]},"typography_font_weight":"400","typography_text_transform":"uppercase","typography_line_height":{"unit":"px","size":"24","sizes":[]},"typography_line_height_tablet":{"unit":"px","size":"23","sizes":[]},"typography_line_height_mobile":{"unit":"px","size":"22","sizes":[]},"typography_letter_spacing":{"unit":"px","size":"1.33","sizes":[]},"typography_letter_spacing_tablet":{"unit":"px","size":"1.2","sizes":[]},"typography_letter_spacing_mobile":{"unit":"px","size":"1.1","sizes":[]}},"elements":[],"widgetType":"heading"},{"id":"5c47db0f","elType":"widget","settings":{"editor":"Lorem ipsum dolor sit amet, consectet adipiscing\u00a0elit,sed do eiusm por incididunt ut labore et dolore magna aliqua. Ut enim ad minim veniam, quis nostrud exercitation ullamco laboris nisi ut aliquip ex ea sint occaecat cupidatat non proident, sunt in culpa qui officia mollit natoque consequat massa quis enim. Donec pede justo, fringilla vitae, eleifend acer sem neque sed ipsum. Nam quam nunc, blandit vel, ridiculus mus. ","_padding":{"unit":"%","top":"0","right":"24","bottom":"5","left":"0","isLinked":""},"_padding_tablet":{"unit":"%","top":"0","right":"8","bottom":"14","left":"0","isLinked":""},"_padding_mobile":{"unit":"%","top":"0","right":"0","bottom":"16","left":"0","isLinked":""},"align_mobile":"left","_animation":"fadeIn","text_color":"#5F5B5B","typography_typography":"custom","typography_font_family":"Prompt","typography_font_size":{"unit":"px","size":"16","sizes":[]},"typography_font_size_tablet":{"unit":"px","size":"15","sizes":[]},"typography_font_size_mobile":{"unit":"px","size":"14","sizes":[]},"typography_font_weight":"300","typography_line_height":{"unit":"px","size":"22","sizes":[]},"typography_line_height_tablet":{"unit":"px","size":"21","sizes":[]},"typography_line_height_mobile":{"unit":"px","size":"20","sizes":[]}},"elements":[],"widgetType":"text-editor"},{"id":"7a36be6b","elType":"widget","settings":{"selected_icon":{"value":{"id":"15149","url":"https:\/\/library.elementor.com\/wp-content\/uploads\/2020\/09\/scroll-down-icon.svg"},"library":"svg"},"view":"stacked","shape":"square","link":{"url":"#credentials","is_external":"","nofollow":"","custom_attributes":""},"primary_color":"#CBD2DB","hover_primary_color":"#9AA8BA","size":{"unit":"px","size":"30","sizes":[]},"_margin":{"unit":"px","top":"0","right":"0","bottom":"-6","left":"0","isLinked":""},"_element_width":"auto","_position":"absolute","_offset_orientation_h":"end","_offset_x_end":{"unit":"%","size":"0","sizes":[]},"_offset_orientation_v":"end","_offset_y_end":{"unit":"%","size":"0","sizes":[]},"hide_mobile":"hidden-phone","_animation":"fadeInDown","animation_duration":"slow","_animation_delay":"500","_offset_x_end_mobile":{"unit":"%","size":"-7","sizes":[]},"_offset_y_end_mobile":{"unit":"%","size":"-13","sizes":[]}},"elements":[],"widgetType":"icon"}],"isInner":""},{"id":"220604e1","elType":"column","settings":{"_column_size":"50","background_background":"classic","background_image":{"id":"15161","url":"https:\/\/library.elementor.com\/wp-content\/uploads\/2020\/09\/about-hero-pic.jpg"},"background_position":"center center","background_repeat":"no-repeat","background_size":"cover","_inline_size_tablet":"100","background_position_tablet":"top center"},"elements":[{"id":"2c2b6523","elType":"widget","settings":{"space_mobile":{"unit":"px","size":"270","sizes":[]},"space_tablet":{"unit":"px","size":"480","sizes":[]}},"elements":[],"widgetType":"spacer"}],"isInner":""}],"isInner":""},{"id":"27252ff7","elType":"section","settings":{"gap":"no","custom_height":{"unit":"vh","size":"70","sizes":[]},"column_position":"stretch","content_position":"bottom","overflow":"hidden","padding":{"unit":"%","top":"0","right":"4","bottom":"14","left":"4","isLinked":""},"_title":"Professional Credentials","custom_height_tablet":{"unit":"vh","size":"75","sizes":[]},"content_width":{"unit":"px","size":"1350","sizes":[]},"padding_tablet":{"unit":"%","top":"7","right":"7","bottom":"14","left":"7","isLinked":""},"height":"min-height","_element_id":"credentials","padding_mobile":{"unit":"%","top":"0","right":"7","bottom":"28","left":"7","isLinked":""},"_timestamp_":"v1bnVUUHJ2THdCOGhycjdXanhqVEJXdz09"},"elements":[{"id":"91f2d07","elType":"column","settings":{"_column_size":"100","padding":{"unit":"%","top":"","right":"","bottom":"","left":"","isLinked":"1"},"space_between_widgets":"0","background_background":"classic","_inline_size_tablet":"100","padding_tablet":{"unit":"%","top":"","right":"","bottom":"","left":"","isLinked":"1"},"padding_mobile":{"unit":"%","top":"","right":"","bottom":"","left":"","isLinked":"1"}},"elements":[{"id":"2ab4b110","elType":"widget","settings":{"title":"Professional Credentials","_padding":{"unit":"%","top":"0","right":"0","bottom":"5","left":"0","isLinked":""},"_padding_tablet":{"unit":"%","top":"0","right":"0","bottom":"8","left":"0","isLinked":""},"_padding_mobile":{"unit":"%","top":"0","right":"0","bottom":"12","left":"0","isLinked":""},"align":"center","typography_text_transform":"capitalize","align_mobile":"left","_animation":"fadeInUp","_animation_mobile":"none","title_color":"#9AA8BA","typography_typography":"custom","typography_font_family":"Prompt","typography_font_size":{"unit":"px","size":"40","sizes":[]},"typography_font_size_tablet":{"unit":"px","size":"36","sizes":[]},"typography_font_size_mobile":{"unit":"px","size":"24","sizes":[]},"typography_font_weight":"100","typography_line_height":{"unit":"px","size":"44","sizes":[]},"typography_line_height_tablet":{"unit":"px","size":"40","sizes":[]},"typography_line_height_mobile":{"unit":"px","size":"30","sizes":[]},"typography_letter_spacing_mobile":{"unit":"px","size":"-0.5","sizes":[]},"motion_fx_translateY_speed":{"unit":"px","size":"0.4","sizes":[]},"motion_fx_devices":["desktop","tablet"],"align_tablet":"left"},"elements":[],"widgetType":"heading"},{"id":"1d59e56b","elType":"section","settings":{"gap":"no","structure":"30","padding":{"unit":"%","top":"0","right":"0","bottom":"0","left":"0","isLinked":""},"padding_tablet":{"unit":"%","top":"0","right":"0","bottom":"8","left":"0","isLinked":""},"padding_mobile":{"unit":"%","top":"0","right":"0","bottom":"0","left":"0","isLinked":""},"layout":"full_width"},"elements":[{"id":"51a93341","elType":"column","settings":{"_column_size":"33","_inline_size_mobile":"100","padding_mobile":{"unit":"%","top":"0","right":"0","bottom":"16","left":"0","isLinked":""},"space_between_widgets":"0","padding":{"unit":"%","top":"0","right":"18","bottom":"0","left":"0","isLinked":""},"_inline_size_tablet":"100","padding_tablet":{"unit":"%","top":"0","right":"0","bottom":"8","left":"0","isLinked":""},"animation":"fadeIn","animation_duration":"fast","animation_delay":"200","animation_mobile":"none"},"elements":[{"id":"1ae0c14c","elType":"widget","settings":{"title":"Licenses &amp; Certifications","header_size":"h3","align_tablet":"left","align_mobile":"left","title_color":"#5F5B5B","typography_typography":"custom","typography_font_family":"Prompt","typography_font_size":{"unit":"px","size":"22","sizes":[]},"typography_font_weight":"300","typography_text_transform":"capitalize","typography_line_height":{"unit":"px","size":"26","sizes":[]},"_padding":{"unit":"%","top":"0","right":"0","bottom":"2","left":"0","isLinked":""}},"elements":[],"widgetType":"heading"},{"id":"1a72452e","elType":"widget","settings":{"text":"Divider","color":"#9AA8BA","gap":{"unit":"px","size":"0","sizes":[]},"_padding":{"unit":"px","top":"8","right":"0","bottom":"18","left":"0","isLinked":""},"align_tablet":"center"},"elements":[],"widgetType":"divider"},{"id":"3aefd78a","elType":"widget","settings":{"editor":"<ul><li>Lorem ipsum dolor sit Lorem ipsum dolor sit amet, consectet elit,sed do eiusm por incididunt Aenean commodo ligula eget dolor<br \/><br \/><\/li><li>Lorem ipsum dolor sit Lorem ipsum dolor sit amet, consectet elit,sed do eiusm por incididunt Aenean commodo ligula eget dolor<br \/><br \/><\/li><li>Lorem ipsum dolor sit Lorem ipsum dolor sit amet, consectet elit,sed do eiusm por incididunt Aenean commodo ligula eget dolor<\/li><\/ul>","typography_line_height":{"unit":"px","size":"22","sizes":[]},"_margin":{"unit":"px","top":"0","right":"0","bottom":"0","left":"-22","isLinked":""},"align_mobile":"left","text_color":"#5F5B5B","typography_typography":"custom","typography_font_family":"Prompt","typography_font_size":{"unit":"px","size":"16","sizes":[]},"typography_font_size_tablet":{"unit":"px","size":"15","sizes":[]},"typography_font_size_mobile":{"unit":"px","size":"14","sizes":[]},"typography_font_weight":"300","typography_line_height_tablet":{"unit":"px","size":"21","sizes":[]},"typography_line_height_mobile":{"unit":"px","size":"20","sizes":[]},"_padding":{"unit":"%","top":"0","right":"0","bottom":"0","left":"0","isLinked":""},"_padding_tablet":{"unit":"%","top":"0","right":"0","bottom":"0","left":"0","isLinked":""},"_padding_mobile":{"unit":"%","top":"0","right":"0","bottom":"0","left":"0","isLinked":""},"_animation":"fadeIn"},"elements":[],"widgetType":"text-editor"}],"isInner":"1"},{"id":"67d6bfd3","elType":"column","settings":{"_column_size":"33","_inline_size_mobile":"100","padding_mobile":{"unit":"%","top":"0","right":"0","bottom":"16","left":"0","isLinked":""},"space_between_widgets":"0","padding":{"unit":"%","top":"0","right":"9","bottom":"0","left":"9","isLinked":""},"_inline_size_tablet":"50","padding_tablet":{"unit":"%","top":"0","right":"10","bottom":"0","left":"0","isLinked":""},"animation":"fadeIn","animation_duration":"fast","animation_delay":"400","animation_mobile":"none"},"elements":[{"id":"5fbd1785","elType":"widget","settings":{"title":"education background","header_size":"h3","align_tablet":"left","align_mobile":"left","title_color":"#5F5B5B","typography_typography":"custom","typography_font_family":"Prompt","typography_font_size":{"unit":"px","size":"22","sizes":[]},"typography_font_weight":"300","typography_text_transform":"capitalize","typography_line_height":{"unit":"px","size":"26","sizes":[]},"_padding":{"unit":"%","top":"0","right":"0","bottom":"2","left":"0","isLinked":""}},"elements":[],"widgetType":"heading"},{"id":"3934a226","elType":"widget","settings":{"text":"Divider","color":"#9AA8BA","gap":{"unit":"px","size":"0","sizes":[]},"_padding":{"unit":"px","top":"8","right":"0","bottom":"18","left":"0","isLinked":""}},"elements":[],"widgetType":"divider"},{"id":"b2b48dd","elType":"widget","settings":{"editor":"<ul><li>Lorem ipsum dolor sit Lorem ipsum dolor sit amet, consectet elit,sed do eiusm por incididunt Aenean commodo ligula eget dolor<br \/><br \/><\/li><li>Lorem ipsum dolor sit Lorem ipsum dolor sit amet, consectet elit,sed do eiusm por incididunt Aenean commodo ligula eget dolor<br \/><br \/><\/li><li>Lorem ipsum dolor sit Lorem ipsum dolor sit amet, consectet elit,sed do eiusm por incididunt Aenean commodo ligula eget dolor<\/li><\/ul>","typography_line_height":{"unit":"px","size":"22","sizes":[]},"_margin":{"unit":"px","top":"0","right":"0","bottom":"0","left":"-22","isLinked":""},"align_mobile":"left","text_color":"#5F5B5B","typography_typography":"custom","typography_font_family":"Prompt","typography_font_size":{"unit":"px","size":"16","sizes":[]},"typography_font_size_tablet":{"unit":"px","size":"15","sizes":[]},"typography_font_size_mobile":{"unit":"px","size":"14","sizes":[]},"typography_font_weight":"300","typography_line_height_tablet":{"unit":"px","size":"21","sizes":[]},"typography_line_height_mobile":{"unit":"px","size":"20","sizes":[]},"_padding":{"unit":"%","top":"0","right":"0","bottom":"0","left":"0","isLinked":""},"_padding_tablet":{"unit":"%","top":"0","right":"0","bottom":"0","left":"0","isLinked":""},"_padding_mobile":{"unit":"%","top":"0","right":"0","bottom":"0","left":"0","isLinked":""},"_animation":"fadeIn"},"elements":[],"widgetType":"text-editor"}],"isInner":"1"},{"id":"c406fb5","elType":"column","settings":{"_column_size":"33","_inline_size_mobile":"100","space_between_widgets":"0","padding":{"unit":"%","top":"0","right":"0","bottom":"0","left":"18","isLinked":""},"padding_mobile":{"unit":"px","top":"0","right":"0","bottom":"0","left":"0","isLinked":""},"_inline_size_tablet":"50","padding_tablet":{"unit":"%","top":"0","right":"0","bottom":"0","left":"5","isLinked":""},"animation":"fadeIn","animation_duration":"fast","animation_delay":"600","animation_mobile":"none"},"elements":[{"id":"6437fedb","elType":"widget","settings":{"title":"Professional Experience","header_size":"h3","align_tablet":"left","align_mobile":"left","title_color":"#5F5B5B","typography_typography":"custom","typography_font_family":"Prompt","typography_font_size":{"unit":"px","size":"22","sizes":[]},"typography_font_weight":"300","typography_text_transform":"capitalize","typography_line_height":{"unit":"px","size":"26","sizes":[]},"_padding":{"unit":"%","top":"0","right":"0","bottom":"2","left":"0","isLinked":""}},"elements":[],"widgetType":"heading"},{"id":"33153fb6","elType":"widget","settings":{"text":"Divider","color":"#9AA8BA","gap":{"unit":"px","size":"0","sizes":[]},"_padding":{"unit":"px","top":"8","right":"0","bottom":"18","left":"0","isLinked":""}},"elements":[],"widgetType":"divider"},{"id":"4c8f2266","elType":"widget","settings":{"editor":"<ul><li>Lorem ipsum dolor sit Lorem ipsum dolor sit amet, consectet elit,sed do eiusm por incididunt Aenean commodo ligula eget dolor<br \/><br \/><\/li><li>Lorem ipsum dolor sit Lorem ipsum dolor sit amet, consectet elit,sed do eiusm por incididunt Aenean commodo ligula eget dolor<br \/><br \/><\/li><li>Lorem ipsum dolor sit Lorem ipsum dolor sit amet, consectet elit,sed do eiusm por incididunt Aenean commodo ligula eget dolor<\/li><\/ul>","typography_line_height":{"unit":"px","size":"22","sizes":[]},"_margin":{"unit":"px","top":"0","right":"0","bottom":"0","left":"-22","isLinked":""},"_padding_tablet":{"unit":"%","top":"0","right":"0","bottom":"0","left":"0","isLinked":""},"align_mobile":"left","text_color":"#5F5B5B","typography_typography":"custom","typography_font_family":"Prompt","typography_font_size":{"unit":"px","size":"16","sizes":[]},"typography_font_size_tablet":{"unit":"px","size":"15","sizes":[]},"typography_font_size_mobile":{"unit":"px","size":"14","sizes":[]},"typography_font_weight":"300","typography_line_height_tablet":{"unit":"px","size":"21","sizes":[]},"typography_line_height_mobile":{"unit":"px","size":"20","sizes":[]},"_padding":{"unit":"%","top":"0","right":"0","bottom":"0","left":"0","isLinked":""},"_padding_mobile":{"unit":"%","top":"0","right":"0","bottom":"0","left":"0","isLinked":""},"_animation":"fadeIn"},"elements":[],"widgetType":"text-editor"}],"isInner":"1"}],"isInner":"1"}],"isInner":""}],"isInner":""}],"page_settings":{"background_background":"classic","background_color":"#E5E9EF"}}