{"content":[{"id":"3169b3d6","elType":"section","settings":{"layout":"full_width","gap":"no","height":"min-height","custom_height":{"unit":"vh","size":"10","sizes":[]},"content_position":"middle","overflow":"hidden","structure":"20","padding":{"unit":"%","top":"0","right":"8","bottom":"0","left":"8","isLinked":""},"background_background":"classic","background_color":"#FFFFFF","box_shadow_box_shadow_type":"yes","box_shadow_box_shadow":{"horizontal":"0","vertical":"9","blur":"10","spread":"0","color":"rgba(0, 0, 0, 0.05)"},"sticky":"top","padding_tablet":{"unit":"%","top":"0","right":"7","bottom":"0","left":"7","isLinked":""},"padding_mobile":{"unit":"%","top":"","right":"","bottom":"","left":"","isLinked":"1"},"html_tag":"header","_title":"Header","_timestamp_":"v1bnVUUHJ2THdCOGhycjdXanhqVEJXdz09"},"elements":[{"id":"5fd2207b","elType":"column","settings":{"_column_size":"50","_inline_size_mobile":"80"},"elements":[{"id":"54f079ca","elType":"widget","settings":{"image":{"id":"15282","url":"https:\/\/library.elementor.com\/wp-content\/uploads\/2020\/09\/Dr.-Parker-logo-v2.svg"},"align":"left","width":{"unit":"px","size":"320","sizes":[]},"css_filters_hover_css_filter":"custom","css_filters_hover_brightness":{"unit":"px","size":"60","sizes":[]},"css_filters_hover_saturate":{"unit":"px","size":"0","sizes":[]},"background_hover_transition":{"unit":"px","size":"0.5","sizes":[]},"width_mobile":{"unit":"px","size":"230","sizes":[]},"_margin":{"unit":"px","top":"-3","right":"0","bottom":"-1","left":"0","isLinked":""},"link_to":"custom","__dynamic__":{"link":"[elementor-tag id=\"de9d029\" name=\"site-url\" settings=\"%7B%7D\"]"}},"elements":[],"widgetType":"image"}],"isInner":""},{"id":"74ae0730","elType":"column","settings":{"_column_size":"50","_inline_size_mobile":"20"},"elements":[{"id":"3890e757","elType":"widget","settings":{"selected_icon":{"value":{"id":"15235","url":"https:\/\/library.elementor.com\/wp-content\/uploads\/2020\/09\/Hamburger.svg"},"library":"svg"},"align":"right","primary_color":"rgba(101, 118, 139, 0.8)","hover_primary_color":"#9AA8BA","size":{"unit":"px","size":"30","sizes":[]},"size_mobile":{"unit":"px","size":"20","sizes":[]},"_margin":{"unit":"px","top":"0","right":"0","bottom":"-6","left":"0","isLinked":""},"__dynamic__":{"link":"[elementor-tag id=\"78625bb\" name=\"popup\" settings=\"%7B%22popup%22%3A%2276%22%7D\"]"}},"elements":[],"widgetType":"icon"}],"isInner":""}],"isInner":""}],"page_settings":[]}