{"content":[{"id":"759a7134","elType":"section","settings":{"layout":"full_width","gap":"no","height":"min-height","custom_height":{"unit":"px","size":"700","sizes":[]},"column_position":"stretch","content_position":"middle","overflow":"hidden","structure":"20","padding":{"unit":"%","top":"","right":"","bottom":"","left":"","isLinked":"1"},"_title":"Hero","custom_height_tablet":{"unit":"vh","size":"75","sizes":[]},"reverse_order_mobile":"reverse-mobile","reverse_order_tablet":"reverse-tablet","_timestamp_":"v1bnVUUHJ2THdCOGhycjdXanhqVEJXdz09"},"elements":[{"id":"781463f4","elType":"column","settings":{"_column_size":"50","padding":{"unit":"%","top":"0","right":"0","bottom":"0","left":"13","isLinked":""},"space_between_widgets":"0","_inline_size_tablet":"100","padding_tablet":{"unit":"%","top":"8","right":"0","bottom":"0","left":"7","isLinked":""},"padding_mobile":{"unit":"%","top":"12","right":"7","bottom":"13","left":"7","isLinked":""},"_inline_size":"60.638"},"elements":[{"id":"7dec6b2f","elType":"widget","settings":{"text":"back to all","typography_typography":"custom","typography_text_decoration":"underline","button_text_color":"#9AA8BA","background_color":"rgba(2, 1, 1, 0)","hover_color":"#5F5B5B","border_border":"solid","border_width":{"unit":"px","top":"0","right":"0","bottom":"0","left":"0","isLinked":"1"},"border_radius":{"unit":"px","top":"0","right":"0","bottom":"0","left":"0","isLinked":"1"},"text_padding":{"unit":"px","top":"0","right":"0","bottom":"0","left":"0","isLinked":""},"_padding":{"unit":"%","top":"0","right":"0","bottom":"5","left":"0","isLinked":""},"_padding_tablet":{"unit":"%","top":"0","right":"0","bottom":"6","left":"0","isLinked":""},"_padding_mobile":{"unit":"%","top":"0","right":"0","bottom":"10","left":"0","isLinked":""},"_animation":"fadeIn","_animation_delay":"200","typography_font_family":"Prompt","typography_font_size":{"unit":"px","size":"12","sizes":[]},"typography_text_transform":"uppercase","typography_letter_spacing":{"unit":"px","size":"1","sizes":[]},"_margin":{"unit":"px","top":"0","right":"0","bottom":"0","left":"0","isLinked":""},"motion_fx_translateY_speed":{"unit":"px","size":"0.2","sizes":[]},"_animation_mobile":"none"},"elements":[],"widgetType":"button"},{"id":"3c01a04b","elType":"widget","settings":{"title":"","header_size":"h1","_padding":{"unit":"%","top":"0","right":"12","bottom":"6","left":"0","isLinked":""},"_margin":{"unit":"px","top":"0","right":"0","bottom":"0","left":"-3","isLinked":""},"_padding_tablet":{"unit":"%","top":"0","right":"28","bottom":"6","left":"0","isLinked":""},"_padding_mobile":{"unit":"%","top":"0","right":"0","bottom":"10","left":"0","isLinked":""},"align_mobile":"left","typography_text_transform":"capitalize","__dynamic__":{"title":"[elementor-tag id=\"0e5c81d\" name=\"post-title\" settings=\"%7B%7D\"]"},"_animation":"fadeIn","animation_duration":"fast","title_color":"#65768B","typography_typography":"custom","typography_font_family":"Prompt","typography_font_size":{"unit":"px","size":"80","sizes":[]},"typography_font_size_tablet":{"unit":"px","size":"48","sizes":[]},"typography_font_size_mobile":{"unit":"px","size":"36","sizes":[]},"typography_font_weight":"100","typography_line_height":{"unit":"px","size":"82","sizes":[]},"typography_line_height_tablet":{"unit":"px","size":"56","sizes":[]},"typography_line_height_mobile":{"unit":"px","size":"44","sizes":[]},"typography_letter_spacing_tablet":{"unit":"px","size":"-1","sizes":[]}},"elements":[],"widgetType":"heading"},{"id":"352b5be6","elType":"widget","settings":{"icon_list":[{"type":"date","selected_icon":{"value":"fas fa-calendar","library":"fa-solid"},"_id":"9ab8179","date_format":"default","custom_date_format":"F j, Y","time_format":"default","custom_time_format":"g:i a","taxonomy":[],"text_prefix":"","show_avatar":"","avatar_size":{"unit":"px","size":"","sizes":[]},"avatar_size_tablet":{"unit":"px","size":"","sizes":[]},"avatar_size_mobile":{"unit":"px","size":"","sizes":[]},"comments_custom_strings":"","string_no_comments":"","string_one_comment":"","string_comments":"","custom_text":"","link":"","custom_url":{"url":"","is_external":"","nofollow":"","custom_attributes":""},"show_icon":"none"}],"_animation":"fadeIn","_padding_tablet":{"unit":"%","top":"0","right":"0","bottom":"10","left":"0","isLinked":""},"text_color":"#5F5B5B","icon_typography_typography":"custom","icon_typography_font_family":"Prompt","icon_typography_font_size":{"unit":"px","size":"16","sizes":[]},"icon_typography_font_size_tablet":{"unit":"px","size":"15","sizes":[]},"icon_typography_font_size_mobile":{"unit":"px","size":"14","sizes":[]},"icon_typography_font_weight":"300","icon_typography_line_height":{"unit":"px","size":"22","sizes":[]},"icon_typography_line_height_tablet":{"unit":"px","size":"21","sizes":[]},"icon_typography_line_height_mobile":{"unit":"px","size":"20","sizes":[]}},"elements":[],"widgetType":"post-info"},{"id":"2393ab8b","elType":"widget","settings":{"selected_icon":{"value":{"id":"15149","url":"https:\/\/library.elementor.com\/wp-content\/uploads\/2020\/09\/scroll-down-icon.svg"},"library":"svg"},"view":"stacked","shape":"square","link":{"url":"#postcontent","is_external":"","nofollow":"","custom_attributes":""},"primary_color":"#CBD2DB","hover_primary_color":"#9AA8BA","size":{"unit":"px","size":"30","sizes":[]},"_margin":{"unit":"px","top":"0","right":"0","bottom":"-6","left":"0","isLinked":""},"_element_width":"auto","_position":"absolute","_offset_orientation_h":"end","_offset_x_end":{"unit":"%","size":"0","sizes":[]},"_offset_orientation_v":"end","_offset_y_end":{"unit":"%","size":"0","sizes":[]},"hide_mobile":"hidden-phone","_animation":"fadeInDown","animation_duration":"slow","_animation_delay":"500","_offset_x_end_mobile":{"unit":"%","size":"-7","sizes":[]},"_offset_y_end_mobile":{"unit":"%","size":"-13","sizes":[]}},"elements":[],"widgetType":"icon"}],"isInner":""},{"id":"62cc4ecf","elType":"column","settings":{"_column_size":"50","background_background":"classic","background_position":"center center","background_repeat":"no-repeat","background_size":"cover","_inline_size_tablet":"100","background_position_tablet":"center center","_inline_size":"39.362","__dynamic__":{"background_image":"[elementor-tag id=\"9da2d6f\" name=\"post-featured-image\" settings=\"%7B%7D\"]"}},"elements":[{"id":"56bd26a0","elType":"widget","settings":{"space_mobile":{"unit":"px","size":"238","sizes":[]},"space_tablet":{"unit":"px","size":"360","sizes":[]}},"elements":[],"widgetType":"spacer"}],"isInner":""}],"isInner":""},{"id":"c5d2032","elType":"section","settings":{"content_width":{"unit":"px","size":"787","sizes":[]},"gap":"no","overflow":"hidden","background_background":"classic","background_color":"#FFFFFF","padding":{"unit":"%","top":"12","right":"0","bottom":"12","left":"0","isLinked":""},"padding_tablet":{"unit":"%","top":"5","right":"7","bottom":"10","left":"7","isLinked":""},"_element_id":"postcontent","padding_mobile":{"unit":"%","top":"14","right":"7","bottom":"14","left":"7","isLinked":""},"_title":"Post Content","_timestamp_":"v1bnVUUHJ2THdCOGhycjdXanhqVEJXdz09"},"elements":[{"id":"1ad169c9","elType":"column","settings":{"_column_size":"100","space_between_widgets":"0","padding":{"unit":"%","top":"0","right":"0","bottom":"0","left":"0","isLinked":""}},"elements":[{"id":"598c903f","elType":"widget","settings":{"icon_list":[{"type":"author","selected_icon":{"value":"fas fa-calendar","library":"fa-solid"},"_id":"9ab8179","date_format":"default","custom_date_format":"F j, Y","time_format":"default","custom_time_format":"g:i a","taxonomy":[],"text_prefix":"","show_avatar":"yes","avatar_size":{"unit":"px","size":"64","sizes":[]},"avatar_size_tablet":{"unit":"px","size":"","sizes":[]},"avatar_size_mobile":{"unit":"px","size":"","sizes":[]},"comments_custom_strings":"","string_no_comments":"","string_one_comment":"","string_comments":"","custom_text":"","link":"","custom_url":{"url":"","is_external":"","nofollow":"","custom_attributes":""},"show_icon":"none"}],"text_indent":{"unit":"px","size":"40","sizes":[]},"_padding":{"unit":"%","top":"0","right":"0","bottom":"6","left":"0","isLinked":""},"_animation":"fadeIn","animation_duration":"fast","text_color":"#5F5B5B","icon_typography_typography":"custom","icon_typography_font_family":"Prompt","icon_typography_font_size":{"unit":"px","size":"16","sizes":[]},"icon_typography_font_size_tablet":{"unit":"px","size":"15","sizes":[]},"icon_typography_font_size_mobile":{"unit":"px","size":"14","sizes":[]},"icon_typography_font_weight":"300","icon_typography_line_height":{"unit":"px","size":"22","sizes":[]},"icon_typography_line_height_tablet":{"unit":"px","size":"21","sizes":[]},"icon_typography_line_height_mobile":{"unit":"px","size":"20","sizes":[]}},"elements":[],"widgetType":"post-info"},{"id":"439f9146","elType":"widget","settings":{"text_color":"#5F5B5B","typography_typography":"custom","typography_font_family":"Prompt","typography_font_size":{"unit":"px","size":"16","sizes":[]},"typography_font_size_tablet":{"unit":"px","size":"15","sizes":[]},"typography_font_size_mobile":{"unit":"px","size":"14","sizes":[]},"typography_font_weight":"300","typography_line_height":{"unit":"px","size":"22","sizes":[]},"typography_line_height_tablet":{"unit":"px","size":"21","sizes":[]},"typography_line_height_mobile":{"unit":"px","size":"20","sizes":[]}},"elements":[],"widgetType":"theme-post-content"},{"id":"6314f82a","elType":"widget","settings":{"prev_label":"Previous Article","next_label":"Next Article","show_arrow":"","show_title":"","show_borders":"","in_same_term":["post"],"label_typography_typography":"custom","label_typography_font_size":{"unit":"px","size":"12","sizes":[]},"label_typography_text_decoration":"underline","_padding":{"unit":"px","top":"38","right":"0","bottom":"0","left":"0","isLinked":""},"_border_border":"solid","_border_width":{"unit":"px","top":"1","right":"0","bottom":"0","left":"0","isLinked":""},"_border_color":"#9AA8BA","post_taxonomy":"category","label_color":"#9AA8BA","label_typography_font_family":"Prompt","label_typography_font_weight":"300","label_typography_text_transform":"uppercase","label_typography_letter_spacing":{"unit":"px","size":"1","sizes":[]}},"elements":[],"widgetType":"post-navigation"}],"isInner":""}],"isInner":""},{"id":"608494a1","elType":"section","settings":{"layout":"full_width","gap":"no","custom_height":{"unit":"vh","size":"75","sizes":[]},"column_position":"stretch","content_position":"bottom","overflow":"hidden","padding":{"unit":"%","top":"2","right":"8","bottom":"14","left":"8","isLinked":""},"_title":"Related Articles","custom_height_tablet":{"unit":"vh","size":"50","sizes":[]},"padding_tablet":{"unit":"%","top":"10","right":"6","bottom":"14","left":"6","isLinked":""},"padding_mobile":{"unit":"%","top":"14","right":"7","bottom":"14","left":"7","isLinked":""},"height":"min-height","_timestamp_":"v1bnVUUHJ2THdCOGhycjdXanhqVEJXdz09"},"elements":[{"id":"68527a03","elType":"column","settings":{"_column_size":"100","padding":{"unit":"%","top":"0","right":"0","bottom":"0","left":"0","isLinked":""},"space_between_widgets":"0","background_background":"classic","_inline_size_tablet":"100","padding_tablet":{"unit":"%","top":"0","right":"0","bottom":"0","left":"0","isLinked":""},"padding_mobile":{"unit":"%","top":"0","right":"0","bottom":"0","left":"0","isLinked":""}},"elements":[{"id":"5103db6f","elType":"widget","settings":{"title":"Related Articles","_padding":{"unit":"%","top":"0","right":"0","bottom":"4","left":"0","isLinked":""},"_padding_tablet":{"unit":"%","top":"0","right":"0","bottom":"6","left":"0","isLinked":""},"_padding_mobile":{"unit":"%","top":"0","right":"0","bottom":"8","left":"0","isLinked":""},"_animation":"fadeInUp","title_color":"#9AA8BA","typography_typography":"custom","typography_font_family":"Prompt","typography_font_size":{"unit":"px","size":"40","sizes":[]},"typography_font_size_tablet":{"unit":"px","size":"36","sizes":[]},"typography_font_size_mobile":{"unit":"px","size":"24","sizes":[]},"typography_font_weight":"100","typography_text_transform":"capitalize","typography_line_height":{"unit":"px","size":"44","sizes":[]},"typography_line_height_tablet":{"unit":"px","size":"40","sizes":[]},"typography_line_height_mobile":{"unit":"px","size":"30","sizes":[]},"typography_letter_spacing_mobile":{"unit":"px","size":"-0.5","sizes":[]}},"elements":[],"widgetType":"heading"},{"id":"31768889","elType":"section","settings":{"gap":"no","structure":"20","padding":{"unit":"%","top":"0","right":"0","bottom":"0","left":"0","isLinked":""},"layout":"full_width","padding_tablet":{"unit":"%","top":"0","right":"0","bottom":"8","left":"0","isLinked":""},"padding_mobile":{"unit":"%","top":"0","right":"0","bottom":"12","left":"0","isLinked":""}},"elements":[{"id":"2fc5c322","elType":"column","settings":{"_column_size":"50","_inline_size_mobile":"100","padding_mobile":{"unit":"%","top":"0","right":"0","bottom":"12","left":"0","isLinked":""},"_inline_size_tablet":"100","padding_tablet":{"unit":"%","top":"0","right":"0","bottom":"8","left":"0","isLinked":""},"animation":"fadeIn","animation_delay":"200","animation_mobile":"none"},"elements":[{"id":"f64abff","elType":"widget","settings":{"classic_columns":"1","classic_posts_per_page":"1","classic_meta_separator":"\/\/\/","classic_read_more_text":"Read More","cards_meta_separator":"\u2022","cards_read_more_text":"Read More \u00bb","full_content_meta_separator":"\/\/\/","posts_avoid_duplicates":"yes","pagination_page_limit":"5","pagination_prev_label":"&laquo; Previous","pagination_next_label":"Next &raquo;","classic_thumbnail_size_size":"large","classic_item_ratio":{"unit":"px","size":"0.42","sizes":[]},"classic_show_excerpt":"","classic_meta_data":[],"classic_box_border_width":{"unit":"px","top":"0","right":"0","bottom":"0","left":"0","isLinked":"1"},"classic_image_spacing":{"unit":"px","size":"44","sizes":[]},"classic_title_color":"#5F5B5B","classic_title_typography_typography":"custom","classic_title_typography_font_size":{"unit":"px","size":"22","sizes":[]},"classic_title_typography_font_weight":"200","classic_title_typography_text_transform":"none","classic_title_typography_line_height":{"unit":"px","size":"26","sizes":[]},"classic_title_spacing":{"unit":"px","size":"40","sizes":[]},"classic_read_more_typography_typography":"custom","classic_read_more_typography_font_weight":"300","classic_read_more_typography_text_decoration":"underline","classic_columns_tablet":"1","classic_item_ratio_tablet":{"unit":"px","size":"0.43","sizes":[]},"classic_thumbnail_hover_filters_css_filter":"custom","classic_thumbnail_hover_filters_brightness":{"unit":"px","size":"80","sizes":[]},"posts_include":[],"posts_include_term_ids":["3"],"posts_order":"asc","posts_exclude":["current_post"],"classic_title_typography_font_family":"Prompt","classic_read_more_color":"#9AA8BA","classic_read_more_typography_font_family":"Prompt","classic_read_more_typography_font_size":{"unit":"px","size":"12","sizes":[]},"classic_read_more_typography_text_transform":"uppercase","classic_read_more_typography_line_height":{"unit":"px","size":"22","sizes":[]},"classic_read_more_typography_letter_spacing":{"unit":"px","size":"1","sizes":[]}},"elements":[],"widgetType":"posts"}],"isInner":"1"},{"id":"4eec85ea","elType":"column","settings":{"_column_size":"50","_inline_size_mobile":"100","padding":{"unit":"px","top":"0","right":"0","bottom":"0","left":"62","isLinked":""},"_inline_size_tablet":"100","padding_tablet":{"unit":"px","top":"0","right":"0","bottom":"0","left":"0","isLinked":""},"animation":"fadeIn","animation_delay":"400","animation_mobile":"none"},"elements":[{"id":"cbc8654","elType":"widget","settings":{"classic_columns":"2","classic_posts_per_page":"2","classic_meta_separator":"\/\/\/","classic_read_more_text":"Read More","cards_meta_separator":"\u2022","cards_read_more_text":"Read More \u00bb","full_content_meta_separator":"\/\/\/","posts_avoid_duplicates":"yes","pagination_page_limit":"5","pagination_prev_label":"&laquo; Previous","pagination_next_label":"Next &raquo;","classic_thumbnail_size_size":"large","classic_item_ratio":{"unit":"px","size":"0.99","sizes":[]},"classic_show_excerpt":"","classic_meta_data":[],"classic_box_border_width":{"unit":"px","top":"0","right":"0","bottom":"0","left":"0","isLinked":"1"},"classic_image_spacing":{"unit":"px","size":"44","sizes":[]},"classic_title_color":"#5F5B5B","classic_title_typography_typography":"custom","classic_title_typography_font_size":{"unit":"px","size":"22","sizes":[]},"classic_title_typography_font_weight":"200","classic_title_typography_text_transform":"none","classic_title_typography_line_height":{"unit":"px","size":"26","sizes":[]},"classic_title_spacing":{"unit":"px","size":"40","sizes":[]},"classic_read_more_typography_typography":"custom","classic_read_more_typography_font_weight":"300","classic_read_more_typography_text_decoration":"underline","classic_column_gap":{"unit":"px","size":"62","sizes":[]},"classic_thumbnail_hover_filters_css_filter":"custom","classic_thumbnail_hover_filters_brightness":{"unit":"px","size":"80","sizes":[]},"posts_include":[],"posts_include_term_ids":["3"],"posts_order":"asc","posts_exclude":["current_post"],"classic_title_typography_font_family":"Prompt","classic_read_more_color":"#9AA8BA","classic_read_more_typography_font_family":"Prompt","classic_read_more_typography_font_size":{"unit":"px","size":"12","sizes":[]},"classic_read_more_typography_text_transform":"uppercase","classic_read_more_typography_line_height":{"unit":"px","size":"22","sizes":[]},"classic_read_more_typography_letter_spacing":{"unit":"px","size":"1","sizes":[]}},"elements":[],"widgetType":"posts"}],"isInner":"1"}],"isInner":"1"}],"isInner":""}],"isInner":""}],"page_settings":{"background_background":"classic","background_color":"#E5E9EF"}}