{"content":[{"id":"2ed7aa79","elType":"section","settings":{"layout":"full_width","gap":"no","custom_height":{"unit":"vh","size":"90","sizes":[]},"column_position":"stretch","content_position":"middle","overflow":"hidden","structure":"20","padding":{"unit":"%","top":"","right":"","bottom":"","left":"","isLinked":"1"},"_title":"Hero","custom_height_tablet":{"unit":"vh","size":"56","sizes":[]},"reverse_order_mobile":"reverse-mobile","margin":{"unit":"%","top":"0","right":"0","bottom":"0","left":"0","isLinked":""},"margin_tablet":{"unit":"px","top":"","right":"0","bottom":"","left":"0","isLinked":"1"},"reverse_order_tablet":"reverse-tablet","_timestamp_":"v1bnVUUHJ2THdCOGhycjdXanhqVEJXdz09"},"elements":[{"id":"7330634a","elType":"column","settings":{"_column_size":"50","padding":{"unit":"%","top":"12","right":"15","bottom":"16","left":"15.8","isLinked":""},"space_between_widgets":"0","_inline_size_tablet":"100","padding_tablet":{"unit":"%","top":"10","right":"7","bottom":"12","left":"7","isLinked":""},"padding_mobile":{"unit":"%","top":"18","right":"7","bottom":"18","left":"7","isLinked":""}},"elements":[{"id":"660aa16","elType":"widget","settings":{"text":"back to all","typography_typography":"custom","typography_text_decoration":"underline","button_text_color":"#9AA8BA","background_color":"rgba(2, 1, 1, 0)","hover_color":"#5F5B5B","border_border":"solid","border_width":{"unit":"px","top":"0","right":"0","bottom":"0","left":"0","isLinked":"1"},"border_radius":{"unit":"px","top":"0","right":"0","bottom":"0","left":"0","isLinked":"1"},"text_padding":{"unit":"px","top":"0","right":"0","bottom":"0","left":"0","isLinked":""},"_padding":{"unit":"%","top":"0","right":"0","bottom":"5","left":"0","isLinked":""},"_padding_tablet":{"unit":"%","top":"0","right":"0","bottom":"6","left":"0","isLinked":""},"_padding_mobile":{"unit":"%","top":"0","right":"0","bottom":"8","left":"0","isLinked":""},"_animation":"fadeIn","_animation_delay":"200","typography_font_family":"Prompt","typography_font_size":{"unit":"px","size":"12","sizes":[]},"typography_text_transform":"uppercase","typography_letter_spacing":{"unit":"px","size":"1","sizes":[]},"_margin":{"unit":"px","top":"0","right":"0","bottom":"0","left":"0","isLinked":""},"motion_fx_translateY_speed":{"unit":"px","size":"0.2","sizes":[]},"_animation_mobile":"none"},"elements":[],"widgetType":"button"},{"id":"71c2794b","elType":"widget","settings":{"title":"","header_size":"h1","_padding":{"unit":"%","top":"0","right":"0","bottom":"8","left":"0","isLinked":""},"_margin":{"unit":"px","top":"0","right":"0","bottom":"0","left":"-3","isLinked":""},"_padding_tablet":{"unit":"%","top":"0","right":"0","bottom":"8","left":"0","isLinked":""},"_padding_mobile":{"unit":"%","top":"0","right":"0","bottom":"12","left":"0","isLinked":""},"align_mobile":"left","typography_text_transform":"capitalize","__dynamic__":{"title":"[elementor-tag id=\"cf7e78c\" name=\"post-title\" settings=\"%7B%7D\"]"},"_animation":"fadeIn","title_color":"#65768B","typography_typography":"custom","typography_font_family":"Prompt","typography_font_size":{"unit":"px","size":"80","sizes":[]},"typography_font_size_tablet":{"unit":"px","size":"48","sizes":[]},"typography_font_size_mobile":{"unit":"px","size":"36","sizes":[]},"typography_font_weight":"100","typography_line_height":{"unit":"px","size":"82","sizes":[]},"typography_line_height_tablet":{"unit":"px","size":"56","sizes":[]},"typography_line_height_mobile":{"unit":"px","size":"44","sizes":[]},"typography_letter_spacing_tablet":{"unit":"px","size":"-1","sizes":[]},"animation_duration":"fast"},"elements":[],"widgetType":"heading"},{"id":"6465a332","elType":"widget","settings":{"text_color":"#5F5B5B","typography_typography":"custom","typography_font_family":"Prompt","typography_font_size":{"unit":"px","size":"16","sizes":[]},"typography_font_size_tablet":{"unit":"px","size":"15","sizes":[]},"typography_font_size_mobile":{"unit":"px","size":"14","sizes":[]},"typography_font_weight":"300","typography_line_height":{"unit":"px","size":"22","sizes":[]},"typography_line_height_tablet":{"unit":"px","size":"21","sizes":[]},"typography_line_height_mobile":{"unit":"px","size":"20","sizes":[]}},"elements":[],"widgetType":"theme-post-content"}],"isInner":""},{"id":"69267984","elType":"column","settings":{"_column_size":"50","background_background":"classic","background_position":"center center","background_repeat":"no-repeat","background_size":"cover","_inline_size_tablet":"100","background_position_tablet":"top center","content_position":"top","__dynamic__":[]},"elements":[{"id":"1151710","elType":"widget","settings":{"skin":"cover","bg_image":{"url":"","id":""},"title":" ","description":"","button":"","min-height":{"unit":"vh","size":"100","sizes":[]},"transformation":"","overlay_color_hover":"rgba(2, 1, 1, 0)","_margin":{"unit":"%","top":"0","right":"0","bottom":"0","left":"0","isLinked":""},"sticky":"top","__dynamic__":{"bg_image":"[elementor-tag id=\"377fe18\" name=\"post-featured-image\" settings=\"%7B%7D\"]"},"min-height_tablet":{"unit":"px","size":"470","sizes":[]},"sticky_on":["desktop"],"sticky_parent":"yes","min-height_mobile":{"unit":"px","size":"260","sizes":[]},"_z_index":"0","graphic_image":{"id":"12826","url":"https:\/\/library.elementor.com\/wp-content\/uploads\/2020\/02\/placeholder.png"}},"elements":[],"widgetType":"call-to-action"}],"isInner":""}],"isInner":""}],"page_settings":{"background_background":"classic","background_color":"#E5E9EF"}}