{"content":[{"id":"15753d71","elType":"section","settings":{"gap":"no","custom_height":{"unit":"px","size":800},"content_position":"middle","structure":"20","padding":{"unit":"px","top":"100","right":"0","bottom":"100","left":"0","isLinked":false},"padding_tablet":{"unit":"px","top":"100","right":"25","bottom":"100","left":"25","isLinked":false},"padding_mobile":{"unit":"px","top":"50","right":"20","bottom":"50","left":"20","isLinked":false}},"elements":[{"id":"d14ee1f","elType":"column","settings":{"_column_size":50,"_inline_size":null,"padding":{"unit":"px","top":"0","right":"40","bottom":"0","left":"0","isLinked":false},"padding_mobile":{"unit":"px","top":"0","right":"0","bottom":"30","left":"0","isLinked":false}},"elements":[{"id":"7543687","elType":"widget","settings":{"title":"About the company","header_size":"h4","title_color":"#000000","typography_typography":"custom","typography_font_size":{"unit":"px","size":45}},"elements":[],"widgetType":"heading"},{"id":"08a2d01","elType":"widget","settings":{"editor":"<p>It is a long established fact that a reader will be distracted by the readable content of a page when looking at its layout. The point of using Lorem Ipsum is that it has a more-or-less normal distribution of letters, as opposed to using 'Content here, content here', making it look like readable English. Many desktop<\/p>","text_color":"#bfbfbf","typography_typography":"custom","typography_font_size":{"unit":"px","size":16},"typography_font_weight":"300","typography_line_height":{"unit":"em","size":1.7}},"elements":[],"widgetType":"text-editor"}],"isInner":false},{"id":"672d0ef5","elType":"column","settings":{"_column_size":50,"_inline_size":null},"elements":[{"id":"68662ac3","elType":"widget","settings":{"link":"https:\/\/www.youtube.com\/watch?v=9uOETcuFjbE","vimeo_link":"https:\/\/vimeo.com\/235215203","image_overlay":{"id":"1172","url":"https:\/\/library.elementor.com\/wp-content\/uploads\/2017\/03\/placeholder-1.png"},"youtube_url":"https:\/\/www.youtube.com\/watch?v=9uOETcuFjbE"},"elements":[],"widgetType":"video"}],"isInner":false}],"isInner":false}],"page_settings":[]}