{"content":[{"id":"6f57663e","elType":"section","settings":{"content_width":{"unit":"px","size":700},"gap":"no","custom_height":{"unit":"px","size":900},"content_position":"middle","padding":{"unit":"px","top":"100","right":"0","bottom":"100","left":"0","isLinked":false},"padding_tablet":{"unit":"px","top":"100","right":"25","bottom":"100","left":"25","isLinked":false},"padding_mobile":{"unit":"px","top":"50","right":"20","bottom":"50","left":"20","isLinked":false}},"elements":[{"id":"1bfddd48","elType":"column","settings":{"_column_size":100},"elements":[{"id":"5da9366e","elType":"widget","settings":{"title":"Our company is a collective of amazing people striving to build delightful products.","align":"center","title_color":"#000000","typography_typography":"custom","typography_font_size":{"unit":"px","size":45},"typography_font_weight":"600","typography_line_height":{"unit":"em","size":1.4},"typography_font_size_mobile":{"unit":"px","size":30},"header_size":"h4"},"elements":[],"widgetType":"heading"},{"id":"3da83b63","elType":"widget","settings":{"editor":"It is a long established fact that a reader will be distracted by the readable content of a page when looking at its layout. The point of using Lorem Ipsum is that it has a more-or-less normal. It is a long established fact that a reader will be distracted by the readable content of a page when looking at its layout. The point of using Lorem Ipsum is that it has a more-or-less normal distribution of letters, as opposed to using.<\/p>","align":"center","text_color":"#bfbfbf","typography_typography":"custom","typography_font_size":{"unit":"px","size":16},"typography_font_weight":"300","typography_line_height":{"unit":"em","size":2}},"elements":[],"widgetType":"text-editor"},{"id":"58bcaaeb","elType":"section","settings":{"content_width":{"unit":"px","size":1000},"gap":"no","content_position":"middle"},"elements":[{"id":"11f843c8","elType":"column","settings":{"_column_size":100,"_inline_size":null},"elements":[{"id":"3e6e457a","elType":"widget","settings":{"text":"Read More","typography_typography":"custom","typography_font_size":{"unit":"px","size":14},"typography_font_weight":"600","typography_text_transform":"uppercase","typography_letter_spacing":{"unit":"px","size":3},"button_text_color":"#000000","background_color":"rgba(0,0,0,0)","hover_color":"#00ce1b","button_hover_border_color":"#00ce1b","hover_animation":"grow","border_border":"solid","border_width":{"unit":"px","top":"0","right":"0","bottom":"1","left":"0","isLinked":false},"border_color":"#000000","border_radius":{"unit":"px","top":"0","right":"0","bottom":"0","left":"0","isLinked":true},"text_padding":{"unit":"px","top":"0","right":"0","bottom":"10","left":"0","isLinked":false},"_padding":{"unit":"px","top":"15","right":"0","bottom":"0","left":"0","isLinked":false},"align":"center"},"elements":[],"widgetType":"button"}],"isInner":true}],"isInner":true}],"isInner":false}],"isInner":false}],"page_settings":[]}