{"content":[{"id":"4b56f655","elType":"section","settings":{"gap":"no","custom_height":{"unit":"px","size":900},"content_position":"middle","background_background":"classic","background_color":"#000000","padding":{"unit":"px","top":"100","right":"0","bottom":"100","left":"0","isLinked":false},"padding_tablet":{"unit":"px","top":"100","right":"25","bottom":"100","left":"25","isLinked":false},"padding_mobile":{"unit":"px","top":"50","right":"20","bottom":"50","left":"20","isLinked":false},"content_width":{"unit":"px","size":900}},"elements":[{"id":"be7dfe5","elType":"column","settings":{"_column_size":100},"elements":[{"id":"73e9577e","elType":"widget","settings":{"title":"FAQ","align":"center","title_color":"#ffffff","typography_typography":"custom","typography_font_size":{"unit":"px","size":45},"typography_font_weight":"600","typography_line_height":{"unit":"em","size":1.2}},"elements":[],"widgetType":"heading"},{"id":"62b4cd7b","elType":"section","settings":{"gap":"no","content_position":"middle","structure":"20","padding":{"unit":"px","top":"55","right":"0","bottom":"0","left":"0","isLinked":false}},"elements":[{"id":"72047682","elType":"column","settings":{"_column_size":50,"_inline_size":null,"padding":{"unit":"%","top":"0","right":"10","bottom":"0","left":"0","isLinked":false}},"elements":[{"id":"12d0c95f","elType":"widget","settings":{"title":"Can i edit the files ?","header_size":"h4","title_color":"#ffffff","typography_typography":"custom","typography_font_size":{"unit":"px","size":16},"typography_font_weight":"900","typography_text_transform":"uppercase"},"elements":[],"widgetType":"heading"},{"id":"ba3cb50","elType":"widget","settings":{"color":"#00ce1b","width":{"unit":"%","size":5},"gap":{"unit":"px","size":2},"weight":{"unit":"px","size":2},"width_tablet":{"unit":"%","size":15}},"elements":[],"widgetType":"divider"},{"id":"8d64730","elType":"widget","settings":{"editor":"<p>Lorem Ipsum\u00a0is simply dummy text of the printing and typesetting industry. Lorem Ipsum has been the industry's standard&lt;\/p&gt;","text_color":"#686868","typography_typography":"custom","typography_font_size":{"unit":"px","size":16},"typography_font_weight":"300","_margin":{"unit":"px","top":"-5","right":"0","bottom":"0","left":"0","isLinked":false},"typography_line_height":{"unit":"em","size":1.8}},"elements":[],"widgetType":"text-editor"}],"isInner":true},{"id":"2e110f93","elType":"column","settings":{"_column_size":50,"_inline_size":null,"padding":{"unit":"%","top":"0","right":"0","bottom":"0","left":"10","isLinked":false},"padding_mobile":{"unit":"px","top":"15","right":"0","bottom":"0","left":"0","isLinked":false}},"elements":[{"id":"61bc5d2c","elType":"widget","settings":{"title":"Is it Layered ?","header_size":"h4","title_color":"#ffffff","typography_typography":"custom","typography_font_size":{"unit":"px","size":16},"typography_font_weight":"900","typography_text_transform":"uppercase"},"elements":[],"widgetType":"heading"},{"id":"2e6faaa9","elType":"widget","settings":{"color":"#00ce1b","width":{"unit":"%","size":5},"gap":{"unit":"px","size":2},"weight":{"unit":"px","size":2},"width_tablet":{"unit":"%","size":15}},"elements":[],"widgetType":"divider"},{"id":"1f7faac2","elType":"widget","settings":{"editor":"</p><p>It is a long established fact that a reader will be distracted by the readable content of a page when looking at its layout.&lt;\/p&gt;","text_color":"#686868","typography_typography":"custom","typography_font_size":{"unit":"px","size":16},"typography_font_weight":"300","_margin":{"unit":"px","top":"-5","right":"0","bottom":"0","left":"0","isLinked":false},"typography_line_height":{"unit":"em","size":1.8}},"elements":[],"widgetType":"text-editor"}],"isInner":true}],"isInner":true},{"id":"61bd0519","elType":"section","settings":{"gap":"no","content_position":"middle","structure":"20","padding":{"unit":"px","top":"25","right":"0","bottom":"0","left":"0","isLinked":false},"padding_mobile":{"unit":"px","top":"15","right":"0","bottom":"0","left":"0","isLinked":false}},"elements":[{"id":"5a2334fc","elType":"column","settings":{"_column_size":50,"_inline_size":null,"padding":{"unit":"%","top":"0","right":"10","bottom":"0","left":"0","isLinked":false}},"elements":[{"id":"3bb4bd25","elType":"widget","settings":{"title":"How can i edit the masks ?","header_size":"h4","title_color":"#ffffff","typography_typography":"custom","typography_font_size":{"unit":"px","size":16},"typography_font_weight":"900","typography_text_transform":"uppercase"},"elements":[],"widgetType":"heading"},{"id":"645d97f1","elType":"widget","settings":{"color":"#00ce1b","width":{"unit":"%","size":5},"gap":{"unit":"px","size":2},"weight":{"unit":"px","size":2},"width_tablet":{"unit":"%","size":15}},"elements":[],"widgetType":"divider"},{"id":"5dde44fe","elType":"widget","settings":{"editor":"</p><p>Contrary to popular belief, Lorem Ipsum is not simply random text. It has roots in a piece of classical&lt;\/p&gt;","text_color":"#686868","typography_typography":"custom","typography_font_size":{"unit":"px","size":16},"typography_font_weight":"300","_margin":{"unit":"px","top":"-5","right":"0","bottom":"0","left":"0","isLinked":false},"typography_line_height":{"unit":"em","size":1.8}},"elements":[],"widgetType":"text-editor"}],"isInner":true},{"id":"5547e15","elType":"column","settings":{"_column_size":50,"_inline_size":null,"padding":{"unit":"%","top":"0","right":"0","bottom":"0","left":"10","isLinked":false},"padding_mobile":{"unit":"px","top":"15","right":"0","bottom":"0","left":"0","isLinked":false}},"elements":[{"id":"2c7a7eaa","elType":"widget","settings":{"title":"What do i need to open the files ?","header_size":"h4","title_color":"#ffffff","typography_typography":"custom","typography_font_size":{"unit":"px","size":16},"typography_font_weight":"900","typography_text_transform":"uppercase"},"elements":[],"widgetType":"heading"},{"id":"335cf321","elType":"widget","settings":{"color":"#00ce1b","width":{"unit":"%","size":5},"gap":{"unit":"px","size":2},"weight":{"unit":"px","size":2},"width_tablet":{"unit":"%","size":15}},"elements":[],"widgetType":"divider"},{"id":"169b10e6","elType":"widget","settings":{"editor":"</p><p>There are many variations of passages of Lorem Ipsum available, but the majority have suffered alteration&lt;\/p&gt;","text_color":"#686868","typography_typography":"custom","typography_font_size":{"unit":"px","size":16},"typography_font_weight":"300","_margin":{"unit":"px","top":"-5","right":"0","bottom":"0","left":"0","isLinked":false},"typography_line_height":{"unit":"em","size":1.8}},"elements":[],"widgetType":"text-editor"}],"isInner":true}],"isInner":true},{"id":"48feb61a","elType":"section","settings":{"gap":"no","content_position":"middle","structure":"20","padding":{"unit":"px","top":"25","right":"0","bottom":"0","left":"0","isLinked":false},"padding_mobile":{"unit":"px","top":"15","right":"0","bottom":"0","left":"0","isLinked":false}},"elements":[{"id":"b151154","elType":"column","settings":{"_column_size":50,"_inline_size":null},"elements":[{"id":"340a6873","elType":"widget","settings":{"title":"Is the font free ?","header_size":"h4","title_color":"#ffffff","typography_typography":"custom","typography_font_size":{"unit":"px","size":16},"typography_font_weight":"900","typography_text_transform":"uppercase"},"elements":[],"widgetType":"heading"},{"id":"1ef55621","elType":"widget","settings":{"color":"#00ce1b","width":{"unit":"%","size":5},"gap":{"unit":"px","size":2},"weight":{"unit":"px","size":2},"width_tablet":{"unit":"%","size":15}},"elements":[],"widgetType":"divider"},{"id":"2be279d8","elType":"widget","settings":{"editor":"</p><p>Lorem Ipsum\u00a0is simply dummy text of the printing and typesetting industry. It has been the industry's standard&lt;\/p&gt;","text_color":"#686868","typography_typography":"custom","typography_font_size":{"unit":"px","size":16},"typography_font_weight":"300","_margin":{"unit":"px","top":"-5","right":"0","bottom":"0","left":"0","isLinked":false},"typography_line_height":{"unit":"em","size":1.8}},"elements":[],"widgetType":"text-editor"}],"isInner":true},{"id":"c61ca1c","elType":"column","settings":{"_column_size":50,"_inline_size":null,"padding":{"unit":"%","top":"0","right":"0","bottom":"0","left":"10","isLinked":false},"padding_mobile":{"unit":"px","top":"15","right":"0","bottom":"0","left":"0","isLinked":false}},"elements":[{"id":"2d0af5d9","elType":"widget","settings":{"title":"How can i edit smart objects ?","header_size":"h4","title_color":"#ffffff","typography_typography":"custom","typography_font_size":{"unit":"px","size":16},"typography_font_weight":"900","typography_text_transform":"uppercase"},"elements":[],"widgetType":"heading"},{"id":"3e98e738","elType":"widget","settings":{"color":"#00ce1b","width":{"unit":"%","size":5},"gap":{"unit":"px","size":2},"weight":{"unit":"px","size":2},"width_tablet":{"unit":"%","size":15}},"elements":[],"widgetType":"divider"},{"id":"32dc248b","elType":"widget","settings":{"editor":"</p><p>Yes, in fact that a reader will be distracted by the readable content of a page when looking at its layout.&lt;\/p&gt;","text_color":"#686868","typography_typography":"custom","typography_font_size":{"unit":"px","size":16},"typography_font_weight":"300","_margin":{"unit":"px","top":"-5","right":"0","bottom":"0","left":"0","isLinked":false},"typography_line_height":{"unit":"em","size":1.8}},"elements":[],"widgetType":"text-editor"}],"isInner":true}],"isInner":true}],"isInner":false}],"isInner":false}],"page_settings":[]}