{"content":[{"id":"6c467b51","elType":"section","settings":{"gap":"no","custom_height":{"unit":"px","size":1200},"content_position":"middle","padding":{"unit":"px","top":"100","right":"0","bottom":"100","left":"0","isLinked":false},"padding_tablet":{"unit":"px","top":"100","right":"25","bottom":"100","left":"25","isLinked":false},"padding_mobile":{"unit":"px","top":"50","right":"20","bottom":"50","left":"20","isLinked":false}},"elements":[{"id":"3f884e7e","elType":"column","settings":{"_column_size":100},"elements":[{"id":"5ddc4354","elType":"widget","settings":{"title":"FAQ","align":"center","title_color":"#000000","typography_typography":"custom","typography_font_size":{"unit":"px","size":45},"typography_font_weight":"600","typography_line_height":{"unit":"em","size":1.2},"_margin":{"unit":"px","top":"0","right":"0","bottom":"0","left":"0","isLinked":true},"header_size":"h4"},"elements":[],"widgetType":"heading"},{"id":"6e3258c4","elType":"widget","settings":{"title":"Most frequent questions and answers","header_size":"h5","align":"center","title_color":"#bfbfbf","typography_typography":"custom","typography_font_size":{"unit":"px","size":15},"typography_font_weight":"300","_margin":{"unit":"px","top":"-10","right":"0","bottom":"0","left":"0","isLinked":false}},"elements":[],"widgetType":"heading"},{"id":"76e889c2","elType":"section","settings":{"structure":"20","padding":{"unit":"px","top":"45","right":"0","bottom":"0","left":"0","isLinked":false},"content_position":"middle","padding_tablet":{"unit":"px","top":"15","right":"0","bottom":"0","left":"0","isLinked":false},"padding_mobile":{"unit":"px","top":"15","right":"0","bottom":"0","left":"0","isLinked":false}},"elements":[{"id":"7a71ede5","elType":"column","settings":{"_column_size":50,"_inline_size":null,"margin":{"unit":"px","top":"0","right":"15","bottom":"0","left":"0","isLinked":false},"padding":{"unit":"px","top":"15","right":"15","bottom":"15","left":"15","isLinked":false},"box_shadow_hover_box_shadow_type":"yes","box_shadow_hover_box_shadow":{"horizontal":0,"vertical":0,"blur":25,"spread":0,"color":"rgba(0,0,0,0.24)"},"border_hover_transition":{"unit":"px","size":1},"margin_mobile":{"unit":"px","top":"0","right":"0","bottom":"0","left":"0","isLinked":true}},"elements":[{"id":"2293248f","elType":"widget","settings":{"tabs":[{"tab_title":"Can I edit the files ?","tab_content":"<p>I am item content. Click edit button to change this text. Lorem ipsum dolor sit amet, consectetur adipiscing elit. Ut elit tellus, luctus nec ullamcorper mattis, pulvinar dapibus leo.&lt;\/p&gt;","_id":"8917714"}],"icon":"fa fa-arrow-circle-o-right","icon_active":"fa fa-arrow-circle-o-right","border_width":{"unit":"px","size":0},"title_color":"#000000","tab_active_color":"#00ce1b","title_typography_typography":"custom","title_typography_font_size":{"unit":"px","size":18},"title_typography_font_weight":"600","title_typography_text_transform":"uppercase","icon_align":"right","icon_color":"#000000","icon_active_color":"#00ce1b","icon_space":{"unit":"px","size":0},"content_color":"#bfbfbf","content_typography_typography":"custom","content_typography_font_size":{"unit":"px","size":16},"content_typography_font_weight":"300","title_typography_line_height_tablet":{"unit":"em","size":1.4}},"elements":[],"widgetType":"accordion"}],"isInner":true},{"id":"7ffbf1fc","elType":"column","settings":{"_column_size":50,"_inline_size":null,"margin":{"unit":"px","top":"0","right":"0","bottom":"0","left":"15","isLinked":false},"padding":{"unit":"px","top":"15","right":"15","bottom":"15","left":"15","isLinked":false},"box_shadow_hover_box_shadow_type":"yes","box_shadow_hover_box_shadow":{"horizontal":0,"vertical":0,"blur":25,"spread":0,"color":"rgba(0,0,0,0.24)"},"border_hover_transition":{"unit":"px","size":1},"margin_mobile":{"unit":"px","top":"15","right":"0","bottom":"0","left":"0","isLinked":false}},"elements":[{"id":"3d01786c","elType":"widget","settings":{"tabs":[{"tab_title":"Is it Layered ?","tab_content":"</p><p>I am item content. Click edit button to change this text. Lorem ipsum dolor sit amet, consectetur adipiscing elit. Ut elit tellus, luctus nec ullamcorper mattis, pulvinar dapibus leo.&lt;\/p&gt;","_id":"8917714"}],"icon":"fa fa-arrow-circle-o-right","icon_active":"fa fa-arrow-circle-o-right","border_width":{"unit":"px","size":0},"title_color":"#000000","tab_active_color":"#00ce1b","title_typography_typography":"custom","title_typography_font_size":{"unit":"px","size":18},"title_typography_font_weight":"600","title_typography_text_transform":"uppercase","icon_align":"right","icon_color":"#000000","icon_active_color":"#00ce1b","icon_space":{"unit":"px","size":0},"content_color":"#bfbfbf","content_typography_typography":"custom","content_typography_font_size":{"unit":"px","size":16},"content_typography_font_weight":"300","title_typography_line_height_tablet":{"unit":"px","size":1.4}},"elements":[],"widgetType":"accordion"}],"isInner":true}],"isInner":true},{"id":"9ffb06","elType":"section","settings":{"structure":"20","padding":{"unit":"px","top":"45","right":"0","bottom":"0","left":"0","isLinked":false},"content_position":"middle","padding_mobile":{"unit":"px","top":"15","right":"0","bottom":"0","left":"0","isLinked":false}},"elements":[{"id":"78841df2","elType":"column","settings":{"_column_size":50,"_inline_size":null,"margin":{"unit":"px","top":"0","right":"15","bottom":"0","left":"0","isLinked":false},"padding":{"unit":"px","top":"15","right":"15","bottom":"15","left":"15","isLinked":false},"box_shadow_hover_box_shadow_type":"yes","box_shadow_hover_box_shadow":{"horizontal":0,"vertical":0,"blur":25,"spread":0,"color":"rgba(0,0,0,0.24)"},"border_hover_transition":{"unit":"px","size":1},"margin_mobile":{"unit":"px","top":"0","right":"0","bottom":"0","left":"0","isLinked":true}},"elements":[{"id":"2a7691ea","elType":"widget","settings":{"tabs":[{"tab_title":"How can I edit the masks","tab_content":"</p><p>I am item content. Click edit button to change this text. Lorem ipsum dolor sit amet, consectetur adipiscing elit. Ut elit tellus, luctus nec ullamcorper mattis, pulvinar dapibus leo.&lt;\/p&gt;","_id":"8917714"}],"icon":"fa fa-arrow-circle-o-right","icon_active":"fa fa-arrow-circle-o-right","border_width":{"unit":"px","size":0},"title_color":"#000000","tab_active_color":"#00ce1b","title_typography_typography":"custom","title_typography_font_size":{"unit":"px","size":18},"title_typography_font_weight":"600","title_typography_text_transform":"uppercase","icon_align":"right","icon_color":"#000000","icon_active_color":"#00ce1b","icon_space":{"unit":"px","size":0},"content_color":"#bfbfbf","content_typography_typography":"custom","content_typography_font_size":{"unit":"px","size":16},"content_typography_font_weight":"300","title_typography_line_height_tablet":{"unit":"em","size":1.4}},"elements":[],"widgetType":"accordion"}],"isInner":true},{"id":"7e12235d","elType":"column","settings":{"_column_size":50,"_inline_size":null,"margin":{"unit":"px","top":"0","right":"0","bottom":"0","left":"15","isLinked":false},"padding":{"unit":"px","top":"15","right":"15","bottom":"15","left":"15","isLinked":false},"box_shadow_hover_box_shadow_type":"yes","box_shadow_hover_box_shadow":{"horizontal":0,"vertical":0,"blur":25,"spread":0,"color":"rgba(0,0,0,0.24)"},"border_hover_transition":{"unit":"px","size":1},"margin_mobile":{"unit":"px","top":"15","right":"0","bottom":"0","left":"0","isLinked":false}},"elements":[{"id":"486d55f9","elType":"widget","settings":{"tabs":[{"tab_title":"what do I need to open the files ?","tab_content":"</p><p>I am item content. Click edit button to change this text. Lorem ipsum dolor sit amet, consectetur adipiscing elit. Ut elit tellus, luctus nec ullamcorper mattis, pulvinar dapibus leo.&lt;\/p&gt;","_id":"8917714"}],"icon":"fa fa-arrow-circle-o-right","icon_active":"fa fa-arrow-circle-o-right","border_width":{"unit":"px","size":0},"title_color":"#000000","tab_active_color":"#00ce1b","title_typography_typography":"custom","title_typography_font_size":{"unit":"px","size":18},"title_typography_font_weight":"600","title_typography_text_transform":"uppercase","icon_align":"right","icon_color":"#000000","icon_active_color":"#00ce1b","icon_space":{"unit":"px","size":0},"content_color":"#bfbfbf","content_typography_typography":"custom","content_typography_font_size":{"unit":"px","size":16},"content_typography_font_weight":"300","title_typography_line_height_tablet":{"unit":"em","size":1.4}},"elements":[],"widgetType":"accordion"}],"isInner":true}],"isInner":true},{"id":"11d5d961","elType":"section","settings":{"structure":"20","padding":{"unit":"px","top":"45","right":"0","bottom":"0","left":"0","isLinked":false},"content_position":"middle","padding_mobile":{"unit":"px","top":"0","right":"0","bottom":"0","left":"0","isLinked":false}},"elements":[{"id":"511e19b5","elType":"column","settings":{"_column_size":50,"_inline_size":null,"margin":{"unit":"px","top":"0","right":"15","bottom":"0","left":"0","isLinked":false},"padding":{"unit":"px","top":"15","right":"15","bottom":"15","left":"15","isLinked":false},"box_shadow_hover_box_shadow_type":"yes","box_shadow_hover_box_shadow":{"horizontal":0,"vertical":0,"blur":25,"spread":0,"color":"rgba(0,0,0,0.24)"},"border_hover_transition":{"unit":"px","size":1},"margin_mobile":{"unit":"px","top":"0","right":"0","bottom":"0","left":"0","isLinked":true}},"elements":[{"id":"5d140ddc","elType":"widget","settings":{"tabs":[{"tab_title":"Is the font free ?","tab_content":"</p><p>I am item content. Click edit button to change this text. Lorem ipsum dolor sit amet, consectetur adipiscing elit. Ut elit tellus, luctus nec ullamcorper mattis, pulvinar dapibus leo.&lt;\/p&gt;","_id":"8917714"}],"icon":"fa fa-arrow-circle-o-right","icon_active":"fa fa-arrow-circle-o-right","border_width":{"unit":"px","size":0},"title_color":"#000000","tab_active_color":"#00ce1b","title_typography_typography":"custom","title_typography_font_size":{"unit":"px","size":18},"title_typography_font_weight":"600","title_typography_text_transform":"uppercase","icon_align":"right","icon_color":"#000000","icon_active_color":"#00ce1b","icon_space":{"unit":"px","size":0},"content_color":"#bfbfbf","content_typography_typography":"custom","content_typography_font_size":{"unit":"px","size":16},"content_typography_font_weight":"300","title_typography_line_height_tablet":{"unit":"em","size":1.4}},"elements":[],"widgetType":"accordion"}],"isInner":true},{"id":"42bdea31","elType":"column","settings":{"_column_size":50,"_inline_size":null,"margin":{"unit":"px","top":"0","right":"0","bottom":"0","left":"15","isLinked":false},"padding":{"unit":"px","top":"15","right":"15","bottom":"15","left":"15","isLinked":false},"box_shadow_hover_box_shadow_type":"yes","box_shadow_hover_box_shadow":{"horizontal":0,"vertical":0,"blur":25,"spread":0,"color":"rgba(0,0,0,0.24)"},"border_hover_transition":{"unit":"px","size":1},"margin_mobile":{"unit":"px","top":"15","right":"0","bottom":"0","left":"0","isLinked":false}},"elements":[{"id":"8f6c665","elType":"widget","settings":{"tabs":[{"tab_title":"How I can edit smart objects ?","tab_content":"</p><p>I am item content. Click edit button to change this text. Lorem ipsum dolor sit amet, consectetur adipiscing elit. Ut elit tellus, luctus nec ullamcorper mattis, pulvinar dapibus leo.&lt;\/p&gt;","_id":"8917714"}],"icon":"fa fa-arrow-circle-o-right","icon_active":"fa fa-arrow-circle-o-right","border_width":{"unit":"px","size":0},"title_color":"#000000","tab_active_color":"#00ce1b","title_typography_typography":"custom","title_typography_font_size":{"unit":"px","size":18},"title_typography_font_weight":"600","title_typography_text_transform":"uppercase","icon_align":"right","icon_color":"#000000","icon_active_color":"#00ce1b","icon_space":{"unit":"px","size":0},"content_typography_typography":"custom","content_typography_font_size":{"unit":"px","size":16},"content_typography_font_weight":"300","title_typography_line_height_tablet":{"unit":"em","size":1.4}},"elements":[],"widgetType":"accordion"}],"isInner":true}],"isInner":true}],"isInner":false}],"isInner":false}],"page_settings":[]}