{"content":[{"id":"66a0c66a","elType":"section","settings":{"gap":"no","custom_height":{"unit":"px","size":""},"content_position":"middle","background_background":"classic","background_color":"#000000","padding":{"unit":"px","top":"100","right":"0","bottom":"100","left":"0","isLinked":false},"padding_tablet":{"unit":"px","top":"100","right":"25","bottom":"100","left":"25","isLinked":false},"padding_mobile":{"unit":"px","top":"50","right":"20","bottom":"50","left":"20","isLinked":false}},"elements":[{"id":"3883191f","elType":"column","settings":{"_column_size":100},"elements":[{"id":"9a20909","elType":"widget","settings":{"title":"Frequently asked questions","align":"center","title_color":"#ffffff","typography_typography":"custom","typography_font_size":{"unit":"px","size":45},"typography_font_weight":"600","typography_line_height":{"unit":"em","size":1.2},"typography_font_size_mobile":{"unit":"px","size":35},"header_size":"h4"},"elements":[],"widgetType":"heading"},{"id":"3d5af94f","elType":"widget","settings":{"title":"Most frequent questions and answers","header_size":"h5","align":"center","title_color":"#686868","typography_typography":"custom","typography_font_size":{"unit":"px","size":15},"typography_font_weight":"300","_margin":{"unit":"px","top":"-10","right":"0","bottom":"0","left":"0","isLinked":false}},"elements":[],"widgetType":"heading"},{"id":"5bcc9e62","elType":"section","settings":{"gap":"no","content_position":"top","structure":"20","padding":{"unit":"px","top":"55","right":"0","bottom":"0","left":"0","isLinked":false},"padding_mobile":{"unit":"px","top":"20","right":"0","bottom":"0","left":"0","isLinked":false}},"elements":[{"id":"72b0d348","elType":"column","settings":{"_column_size":50,"_inline_size":null,"border_width":{"unit":"px","top":"0","right":"0","bottom":"1","left":"0","isLinked":false},"border_color":"#000000","border_radius":{"unit":"px","top":"0","right":"0","bottom":"0","left":"0","isLinked":true},"margin":{"unit":"px","top":"0","right":"25","bottom":"0","left":"0","isLinked":false},"padding":{"unit":"px","top":"0","right":"0","bottom":"25","left":"0","isLinked":false},"margin_mobile":{"unit":"px","top":"0","right":"0","bottom":"0","left":"0","isLinked":true}},"elements":[{"id":"53db59d8","elType":"widget","settings":{"title":"Can I edit the files ?","header_size":"h4","title_color":"#ffffff","typography_typography":"custom","typography_font_size":{"unit":"px","size":20},"typography_font_weight":"600"},"elements":[],"widgetType":"heading"},{"id":"5e20b579","elType":"widget","settings":{"editor":"<p>I am text block. Click edit button to change this text. Lorem ipsum dolor sit amet, consectetur adipiscing elit. Ut elit tellus, luctus nec ullamcorper mattis, pulvinar dapibus leo.&lt;\/p&gt;","text_color":"#686868","typography_typography":"custom","typography_font_size":{"unit":"px","size":16},"typography_font_weight":"300","typography_line_height":{"unit":"em","size":2},"_padding":{"unit":"px","top":"10","right":"0","bottom":"0","left":"0","isLinked":false},"_border_border":"solid","_border_width":{"unit":"px","top":"0","right":"0","bottom":"1","left":"0","isLinked":false},"_border_color":"#686868"},"elements":[],"widgetType":"text-editor"}],"isInner":true},{"id":"1aa977eb","elType":"column","settings":{"_column_size":50,"_inline_size":null,"border_width":{"unit":"px","top":"0","right":"0","bottom":"1","left":"0","isLinked":false},"border_color":"#000000","border_radius":{"unit":"px","top":"0","right":"0","bottom":"0","left":"0","isLinked":true},"margin":{"unit":"px","top":"0","right":"0","bottom":"0","left":"25","isLinked":false},"padding":{"unit":"px","top":"0","right":"0","bottom":"25","left":"0","isLinked":false},"margin_mobile":{"unit":"px","top":"25","right":"0","bottom":"0","left":"0","isLinked":false}},"elements":[{"id":"6865f385","elType":"widget","settings":{"title":"Is it Layered ?","header_size":"h4","title_color":"#ffffff","typography_typography":"custom","typography_font_size":{"unit":"px","size":20},"typography_font_weight":"600"},"elements":[],"widgetType":"heading"},{"id":"403962c7","elType":"widget","settings":{"editor":"</p><p>There are many variations of passages of Lorem Ipsum available, but the majority have suffered alteration in some form, by injected humour, or randomised words which don't look even slightly believable. If you are going to use a passage of Lorem Ipsum, you need to be sure there isn't anything embarrassing hidden in the middle of text.&lt;\/p&gt;","text_color":"#686868","typography_typography":"custom","typography_font_size":{"unit":"px","size":16},"typography_font_weight":"300","typography_line_height":{"unit":"em","size":2},"_padding":{"unit":"px","top":"10","right":"0","bottom":"0","left":"0","isLinked":false},"_border_border":"solid","_border_width":{"unit":"px","top":"0","right":"0","bottom":"1","left":"0","isLinked":false},"_border_color":"#686868"},"elements":[],"widgetType":"text-editor"}],"isInner":true}],"isInner":true},{"id":"6aada036","elType":"section","settings":{"gap":"no","content_position":"top","structure":"20","padding":{"unit":"px","top":"15","right":"0","bottom":"0","left":"0","isLinked":false},"padding_mobile":{"unit":"px","top":"0","right":"0","bottom":"0","left":"0","isLinked":true}},"elements":[{"id":"563ad375","elType":"column","settings":{"_column_size":50,"_inline_size":null,"border_width":{"unit":"px","top":"0","right":"0","bottom":"1","left":"0","isLinked":false},"border_color":"#000000","border_radius":{"unit":"px","top":"0","right":"0","bottom":"0","left":"0","isLinked":true},"margin":{"unit":"px","top":"-60","right":"25","bottom":"0","left":"0","isLinked":false},"padding":{"unit":"px","top":"0","right":"0","bottom":"25","left":"0","isLinked":false},"margin_tablet":{"unit":"px","top":"-60","right":"0","bottom":"0","left":"0","isLinked":false},"margin_mobile":{"unit":"px","top":"25","right":"0","bottom":"0","left":"0","isLinked":false}},"elements":[{"id":"11d01d5d","elType":"widget","settings":{"title":"How can I edit the masks ?","header_size":"h4","title_color":"#ffffff","typography_typography":"custom","typography_font_size":{"unit":"px","size":20},"typography_font_weight":"600"},"elements":[],"widgetType":"heading"},{"id":"4598cf8a","elType":"widget","settings":{"editor":"</p><p>All the Lorem Ipsum generators on the Internet tend to repeat predefined chunks as necessary, making this the first true generator on the Internet. It uses a dictionary of over 200 Latin words, combined with a handful of model sentence structures, to generate Lorem Ipsum which looks reasonable. The generated Lorem Ipsum is therefore always free from repetition, injected humour, or non-characteristic words etc.&lt;\/p&gt;","text_color":"#686868","typography_typography":"custom","typography_font_size":{"unit":"px","size":16},"typography_font_weight":"300","typography_line_height":{"unit":"em","size":2},"_padding":{"unit":"px","top":"10","right":"0","bottom":"0","left":"0","isLinked":false},"_border_border":"solid","_border_width":{"unit":"px","top":"0","right":"0","bottom":"1","left":"0","isLinked":false},"_border_color":"#686868"},"elements":[],"widgetType":"text-editor"}],"isInner":true},{"id":"3ddc49d6","elType":"column","settings":{"_column_size":50,"_inline_size":null,"border_width":{"unit":"px","top":"0","right":"0","bottom":"1","left":"0","isLinked":false},"border_color":"#000000","border_radius":{"unit":"px","top":"0","right":"0","bottom":"0","left":"0","isLinked":true},"margin":{"unit":"px","top":"0","right":"0","bottom":"0","left":"25","isLinked":false},"padding":{"unit":"px","top":"0","right":"0","bottom":"25","left":"0","isLinked":false},"margin_mobile":{"unit":"px","top":"25","right":"0","bottom":"0","left":"0","isLinked":false}},"elements":[{"id":"186b8adf","elType":"widget","settings":{"title":"What do I need to open the files ?","header_size":"h4","title_color":"#ffffff","typography_typography":"custom","typography_font_size":{"unit":"px","size":20},"typography_font_weight":"600"},"elements":[],"widgetType":"heading"},{"id":"7c5ddc47","elType":"widget","settings":{"editor":"</p><p>Contrary to popular belief, Lorem Ipsum is not simply random text. It has roots in a piece of classical Latin literature from 45 BC, making it over 2000 years old. Richard McClintock, a Latin professor at Hampden-Sydney College in Virginia, looked up one of the more obscure Latin words&lt;\/p&gt;","text_color":"#686868","typography_typography":"custom","typography_font_size":{"unit":"px","size":16},"typography_font_weight":"300","typography_line_height":{"unit":"em","size":2},"_padding":{"unit":"px","top":"10","right":"0","bottom":"0","left":"0","isLinked":false},"_border_border":"solid","_border_width":{"unit":"px","top":"0","right":"0","bottom":"1","left":"0","isLinked":false},"_border_color":"#686868"},"elements":[],"widgetType":"text-editor"}],"isInner":true}],"isInner":true},{"id":"43db00ab","elType":"section","settings":{"gap":"no","content_position":"top","structure":"20","padding":{"unit":"px","top":"15","right":"0","bottom":"0","left":"0","isLinked":false},"padding_mobile":{"unit":"px","top":"0","right":"0","bottom":"0","left":"0","isLinked":true}},"elements":[{"id":"331121b7","elType":"column","settings":{"_column_size":50,"_inline_size":null,"border_width":{"unit":"px","top":"0","right":"0","bottom":"1","left":"0","isLinked":false},"border_color":"#000000","border_radius":{"unit":"px","top":"0","right":"0","bottom":"0","left":"0","isLinked":true},"margin":{"unit":"px","top":"0","right":"25","bottom":"0","left":"0","isLinked":false},"padding":{"unit":"px","top":"0","right":"0","bottom":"25","left":"0","isLinked":false},"margin_mobile":{"unit":"px","top":"25","right":"0","bottom":"0","left":"0","isLinked":false}},"elements":[{"id":"6c0aa0b6","elType":"widget","settings":{"title":"How can I edit smart objects ?","header_size":"h4","title_color":"#ffffff","typography_typography":"custom","typography_font_size":{"unit":"px","size":20},"typography_font_weight":"600"},"elements":[],"widgetType":"heading"},{"id":"73451d9b","elType":"widget","settings":{"editor":"</p><p>The standard chunk of Lorem Ipsum used since the 1500s is reproduced below for those interested. Sections 1.10.32 and 1.10.33 from \"de Finibus Bonorum et Malorum\" by Cicero are also reproduced in their exact original form, accompanied by English versions from the 1914 translation&lt;\/p&gt;","text_color":"#686868","typography_typography":"custom","typography_font_size":{"unit":"px","size":16},"typography_font_weight":"300","typography_line_height":{"unit":"em","size":2},"_padding":{"unit":"px","top":"10","right":"0","bottom":"0","left":"0","isLinked":false},"_border_border":"solid","_border_width":{"unit":"px","top":"0","right":"0","bottom":"1","left":"0","isLinked":false},"_border_color":"#686868"},"elements":[],"widgetType":"text-editor"}],"isInner":true},{"id":"63ae7ba4","elType":"column","settings":{"_column_size":50,"_inline_size":null,"border_width":{"unit":"px","top":"0","right":"0","bottom":"1","left":"0","isLinked":false},"border_color":"#000000","border_radius":{"unit":"px","top":"0","right":"0","bottom":"0","left":"0","isLinked":true},"margin":{"unit":"px","top":"0","right":"0","bottom":"0","left":"25","isLinked":false},"padding":{"unit":"px","top":"0","right":"0","bottom":"25","left":"0","isLinked":false},"margin_mobile":{"unit":"px","top":"25","right":"0","bottom":"0","left":"0","isLinked":false}},"elements":[{"id":"67a3a013","elType":"widget","settings":{"title":"Is the font free ?","header_size":"h4","title_color":"#ffffff","typography_typography":"custom","typography_font_size":{"unit":"px","size":20},"typography_font_weight":"600"},"elements":[],"widgetType":"heading"},{"id":"5eeca475","elType":"widget","settings":{"editor":"</p><p>Contrary to popular belief, Lorem Ipsum is not simply random text. It has roots in a piece of classical Latin literature from 45 BC, making it over 2000 years old. Richard McClintock, a Latin professor at Hampden-Sydney College in Virginia, looked up one of the more obscure Latin words, consectetur&lt;\/p&gt;","text_color":"#686868","typography_typography":"custom","typography_font_size":{"unit":"px","size":16},"typography_font_weight":"300","typography_line_height":{"unit":"em","size":2},"_padding":{"unit":"px","top":"10","right":"0","bottom":"0","left":"0","isLinked":false},"_border_border":"solid","_border_width":{"unit":"px","top":"0","right":"0","bottom":"1","left":"0","isLinked":false},"_border_color":"#686868"},"elements":[],"widgetType":"text-editor"}],"isInner":true}],"isInner":true}],"isInner":false}],"isInner":false}],"page_settings":[]}