{"content":[{"id":"4c8a7a71","elType":"section","settings":{"height":"min-height","custom_height":{"unit":"vh","size":100},"column_position":"bottom","background_background":"classic","background_image":{"id":5775,"url":"https:\/\/library.elementor.com\/wp-content\/uploads\/2018\/03\/header1.jpg"},"background_position":"center center","background_size":"cover","gap":"no","background_overlay_background":"classic","background_overlay_color":"#000000","custom_height_tablet":{"unit":"px","size":800},"custom_height_mobile":{"unit":"px","size":612},"padding_tablet":{"unit":"px","top":"0","right":"25","bottom":"0","left":"25","isLinked":false},"padding_mobile":{"unit":"px","top":"0","right":"20","bottom":"0","left":"20","isLinked":false}},"elements":[{"id":"376d9749","elType":"column","settings":{"_column_size":100,"_inline_size":null},"elements":[{"id":"18fd278d","elType":"widget","settings":{"editor":"<p>We design all in one tech solution for the complex needs of the <strong>capital management&lt;\/strong&gt; industry.&lt;\/p&gt;","text_color":"#ffffff","typography_typography":"custom","typography_font_size":{"unit":"px","size":48},"typography_font_weight":"100","typography_line_height":{"unit":"em","size":1.3},"align":"center","typography_font_size_mobile":{"unit":"px","size":25}},"elements":[],"widgetType":"text-editor"},{"id":"30370f5e","elType":"widget","settings":{"space":{"unit":"px","size":220},"space_tablet":{"unit":"px","size":90},"space_mobile":{"unit":"px","size":115}},"elements":[],"widgetType":"spacer"},{"id":"4732b5dd","elType":"widget","settings":{"slides":[{"image":{"id":"4094","url":"https:\/\/library.elementor.com\/wp-content\/uploads\/2018\/02\/bolier.png"},"_id":"de70e37","type":"image","image_link_to_type":"","image_link_to":{"url":"","is_external":"","nofollow":""},"video":{"url":"","is_external":"","nofollow":""}},{"image":{"id":"4092","url":"https:\/\/library.elementor.com\/wp-content\/uploads\/2018\/02\/digit.png"},"_id":"733ce0f","type":"image","image_link_to_type":"","image_link_to":{"url":"","is_external":"","nofollow":""},"video":{"url":"","is_external":"","nofollow":""}},{"image":{"id":"4093","url":"https:\/\/library.elementor.com\/wp-content\/uploads\/2018\/02\/darkside.png"},"_id":"a4614e2","type":"image","image_link_to_type":"","image_link_to":{"url":"","is_external":"","nofollow":""},"video":{"url":"","is_external":"","nofollow":""}},{"image":{"id":"4090","url":"https:\/\/library.elementor.com\/wp-content\/uploads\/2018\/02\/fifthflour.png"},"_id":"64bad42","type":"image","image_link_to_type":"","image_link_to":{"url":"","is_external":"","nofollow":""},"video":{"url":"","is_external":"","nofollow":""}},{"image":{"id":"4095","url":"https:\/\/library.elementor.com\/wp-content\/uploads\/2018\/02\/bastil.png"},"_id":"f0470e1","type":"image","image_link_to_type":"","image_link_to":{"url":"","is_external":"","nofollow":""},"video":{"url":"","is_external":"","nofollow":""}},{"type":"image","image":{"id":"5372","url":"https:\/\/library.elementor.com\/wp-content\/uploads\/2018\/03\/Modal...png"},"image_link_to_type":"","image_link_to":{"url":"","is_external":"","nofollow":""},"video":{"url":"","is_external":"","nofollow":""},"_id":"5ed4f8b"},{"type":"image","image":{"id":"5373","url":"https:\/\/library.elementor.com\/wp-content\/uploads\/2018\/03\/Kos...png"},"image_link_to_type":"","image_link_to":{"url":"","is_external":"","nofollow":""},"video":{"url":"","is_external":"","nofollow":""},"_id":"edeb1e9"}],"slides_per_view":"5","height":{"unit":"px","size":137},"width":{"unit":"%","size":100},"show_arrows":"","space_between":{"unit":"px","size":50},"slide_border_radius":{"unit":"px","size":0},"arrows_size":{"unit":"px","size":10},"arrows_color":"#ffffff","pagination_size":{"unit":"px","size":6},"pagination_color":"#ffffff","_padding":{"unit":"px","top":"0","right":"0","bottom":"65","left":"0","isLinked":false},"height_tablet":{"unit":"px","size":155},"height_mobile":{"unit":"px","size":100},"width_tablet":{"unit":"px","size":400},"width_mobile":{"unit":"px","size":160}},"elements":[],"widgetType":"media-carousel"}],"isInner":false}],"isInner":false}],"page_settings":[]}