{"content":[{"id":"43878f9","elType":"section","settings":{"gap":"no","custom_height":{"unit":"px","size":""},"content_position":"middle","background_background":"classic","background_color":"#000000","padding":{"unit":"px","top":"100","right":"0","bottom":"100","left":"0","isLinked":false},"padding_tablet":{"unit":"px","top":"100","right":"25","bottom":"100","left":"25","isLinked":false},"padding_mobile":{"unit":"px","top":"50","right":"20","bottom":"50","left":"20","isLinked":false}},"elements":[{"id":"3e3e25d","elType":"column","settings":{"_column_size":100,"padding":{"unit":"px","top":"0","right":"250","bottom":"0","left":"250","isLinked":false},"padding_tablet":{"unit":"px","top":"0","right":"100","bottom":"0","left":"100","isLinked":false},"padding_mobile":{"unit":"px","top":"0","right":"0","bottom":"0","left":"0","isLinked":true}},"elements":[{"id":"2e9bb996","elType":"widget","settings":{"testimonial_content":"\" I\u2019m very picky with whom I give my energy to. I prefer to reserve my time, intensity and spirit exclusively to those who reflect sincerity.  \"","testimonial_name":"Tommy Rivers","testimonial_job":"UI \/ UX Designer","testimonial_image":{"id":"4708","url":"https:\/\/library.elementor.com\/wp-content\/uploads\/2018\/03\/y12.png"},"content_content_color":"#ffffff","content_typography_typography":"custom","content_typography_font_size":{"unit":"px","size":45},"content_typography_font_weight":"600","content_typography_line_height":{"unit":"em","size":1.1},"image_size":{"unit":"px","size":55},"image_border_border":"solid","image_border_width":{"unit":"px","top":"2","right":"2","bottom":"2","left":"2","isLinked":true},"image_border_color":"#686868","name_text_color":"#686868","name_typography_typography":"custom","name_typography_font_size":{"unit":"px","size":20},"job_text_color":"#ffffff","job_typography_typography":"custom","job_typography_font_size":{"unit":"px","size":15},"job_typography_font_weight":"300","job_typography_text_transform":"uppercase","job_typography_line_height":{"unit":"em","size":1.1},"content_typography_font_size_mobile":{"unit":"px","size":28},"content_typography_line_height_mobile":{"unit":"em","size":1.3}},"elements":[],"widgetType":"testimonial"}],"isInner":false}],"isInner":false}],"page_settings":[]}