{"content":[{"id":"571b0121","elType":"section","settings":{"gap":"no","custom_height":{"unit":"px","size":800},"content_position":"middle","padding":{"unit":"px","top":"100","right":"0","bottom":"100","left":"0","isLinked":false},"padding_tablet":{"unit":"px","top":"100","right":"25","bottom":"100","left":"25","isLinked":false},"padding_mobile":{"unit":"px","top":"50","right":"20","bottom":"50","left":"20","isLinked":false}},"elements":[{"id":"290648d2","elType":"column","settings":{"_column_size":100,"padding":{"unit":"%","top":"0","right":"20","bottom":"0","left":"20","isLinked":false},"padding_mobile":{"unit":"px","top":"0","right":"0","bottom":"0","left":"0","isLinked":true}},"elements":[{"id":"28840bb8","elType":"widget","settings":{"title":"Tommy Rivers","header_size":"h4","align":"center","title_color":"#000000","typography_typography":"custom","typography_font_size":{"unit":"px","size":45},"typography_font_size_mobile":{"unit":"px","size":35}},"elements":[],"widgetType":"heading"},{"id":"521536c9","elType":"widget","settings":{"editor":"<p>CEO \/ Founder<\/p>","align":"center","text_color":"#bfbfbf","typography_typography":"custom","typography_font_size":{"unit":"px","size":15},"typography_font_weight":"300","typography_text_transform":"uppercase","_margin":{"unit":"px","top":"-10","right":"0","bottom":"0","left":"0","isLinked":false}},"elements":[],"widgetType":"text-editor"},{"id":"47f66338","elType":"widget","settings":{"color":"#00ce1b","width":{"unit":"%","size":6},"align":"center","gap":{"unit":"px","size":2}},"elements":[],"widgetType":"divider"},{"id":"1698db0c","elType":"widget","settings":{"editor":"<p>If you're not having fun with what you're doing then you're doing it wrong<\/p>","align":"center","text_color":"#000000","typography_typography":"custom","typography_font_size":{"unit":"px","size":30},"typography_font_weight":"100","typography_line_height":{"unit":"em","size":1.3},"typography_font_size_mobile":{"unit":"px","size":25}},"elements":[],"widgetType":"text-editor"},{"id":"3719a5f8","elType":"widget","settings":{"image":{"id":5923,"url":"https:\/\/library.elementor.com\/wp-content\/uploads\/2018\/03\/y5.jpg"},"image_size":"full","space":{"unit":"%","size":45},"space_tablet":{"unit":"%","size":55}},"elements":[],"widgetType":"image"}],"isInner":false}],"isInner":false}],"page_settings":[]}