{"content":[{"id":"5b84df68","elType":"section","settings":{"gap":"no","content_position":"middle","background_background":"classic","background_image":{"id":5965,"url":"https:\/\/library.elementor.com\/wp-content\/uploads\/2018\/03\/y8.jpg"},"background_position":"center center","background_size":"cover","padding_tablet":{"unit":"px","top":"0","right":"0","bottom":"0","left":"0","isLinked":true}},"elements":[{"id":"59c3b226","elType":"column","settings":{"_column_size":100},"elements":[{"id":"38ca3467","elType":"widget","settings":{"space":{"unit":"px","size":307},"space_tablet":{"unit":"px","size":150},"space_mobile":{"unit":"px","size":120}},"elements":[],"widgetType":"spacer"}],"isInner":false}],"isInner":false},{"id":"30eadb8d","elType":"section","settings":{"gap":"no","custom_height":{"unit":"px","size":300},"content_position":"middle","structure":"30","padding":{"unit":"px","top":"50","right":"0","bottom":"50","left":"0","isLinked":false},"padding_tablet":{"unit":"px","top":"25","right":"25","bottom":"25","left":"25","isLinked":false},"padding_mobile":{"unit":"px","top":"25","right":"20","bottom":"50","left":"20","isLinked":false}},"elements":[{"id":"4511eb1b","elType":"column","settings":{"_column_size":33,"_inline_size":null,"padding":{"unit":"px","top":"25","right":"25","bottom":"25","left":"25","isLinked":true},"padding_tablet":{"unit":"px","top":"15","right":"15","bottom":"15","left":"15","isLinked":true},"padding_mobile":{"unit":"px","top":"0","right":"0","bottom":"0","left":"0","isLinked":true}},"elements":[{"id":"42e09b35","elType":"widget","settings":{"icon":"fa fa-credit-card","shape":"square","title_text":"Credit Card Processing","description_text":"Use our secure PCI - compliant flat-rare card processing service or bring","primary_color":"#bfbfbf","secondary_color":"#ffffff","icon_size":{"unit":"px","size":45},"border_width":{"unit":"px","top":"1","right":"1","bottom":"1","left":"1","isLinked":true},"hover_animation":"grow","title_color":"#000000","title_typography_typography":"custom","title_typography_font_size":{"unit":"px","size":25},"title_typography_font_weight":"600","description_color":"#bfbfbf","description_typography_typography":"custom","description_typography_font_size":{"unit":"px","size":16},"description_typography_line_height":{"unit":"em","size":1.6},"description_typography_font_weight":"300","title_typography_font_size_tablet":{"unit":"px","size":20},"title_size":"h4"},"elements":[],"widgetType":"icon-box"}],"isInner":false},{"id":"37c55c44","elType":"column","settings":{"_column_size":33,"_inline_size":null,"padding":{"unit":"px","top":"25","right":"25","bottom":"25","left":"25","isLinked":true},"padding_tablet":{"unit":"px","top":"15","right":"15","bottom":"15","left":"15","isLinked":true},"padding_mobile":{"unit":"px","top":"25","right":"0","bottom":"0","left":"0","isLinked":false}},"elements":[{"id":"69d7474","elType":"widget","settings":{"icon":"fa fa-inbox","title_text":"Inventory Management","description_text":"Use our secure PCI - compliant flat-rare card processing service or bring","primary_color":"#bfbfbf","icon_size":{"unit":"px","size":45},"hover_animation":"grow","title_color":"#000000","title_typography_typography":"custom","title_typography_font_size":{"unit":"px","size":25},"title_typography_font_weight":"600","description_color":"#bfbfbf","description_typography_typography":"custom","description_typography_font_size":{"unit":"px","size":16},"description_typography_line_height":{"unit":"em","size":1.6},"description_typography_font_weight":"300","title_typography_font_size_tablet":{"unit":"px","size":20},"title_size":"h4"},"elements":[],"widgetType":"icon-box"}],"isInner":false},{"id":"9712b79","elType":"column","settings":{"_column_size":33,"_inline_size":null,"padding":{"unit":"px","top":"25","right":"25","bottom":"25","left":"25","isLinked":true},"padding_tablet":{"unit":"px","top":"15","right":"15","bottom":"15","left":"15","isLinked":true},"padding_mobile":{"unit":"px","top":"25","right":"0","bottom":"0","left":"0","isLinked":false}},"elements":[{"id":"243dd1db","elType":"widget","settings":{"icon":"fa fa-area-chart","title_text":"Actionable Analytics","description_text":"Use our secure PCI - compliant flat-rare card processing service or bring","primary_color":"#bfbfbf","icon_size":{"unit":"px","size":45},"hover_animation":"grow","title_color":"#000000","title_typography_typography":"custom","title_typography_font_size":{"unit":"px","size":25},"title_typography_font_weight":"600","description_color":"#bfbfbf","description_typography_typography":"custom","description_typography_font_size":{"unit":"px","size":16},"description_typography_line_height":{"unit":"em","size":1.6},"description_typography_font_weight":"300","title_typography_font_size_tablet":{"unit":"px","size":20},"title_size":"h4"},"elements":[],"widgetType":"icon-box"}],"isInner":false}],"isInner":false}],"page_settings":[]}