{"content":[{"id":"7cb8f240","elType":"section","settings":{"gap":"no","custom_height":{"unit":"px","size":800},"content_position":"middle","structure":"20","padding":{"unit":"px","top":"100","right":"0","bottom":"100","left":"0","isLinked":false},"padding_tablet":{"unit":"px","top":"100","right":"25","bottom":"100","left":"25","isLinked":false},"padding_mobile":{"unit":"px","top":"50","right":"20","bottom":"50","left":"20","isLinked":false}},"elements":[{"id":"37b013f7","elType":"column","settings":{"_column_size":50,"_inline_size":null},"elements":[{"id":"165eb9aa","elType":"widget","settings":{"editor":"<p>who we are<\/p>","align":"left","text_color":"#bfbfbf","typography_typography":"custom","typography_font_size":{"unit":"px","size":15},"typography_font_weight":"300","typography_text_transform":"uppercase","align_mobile":"center"},"elements":[],"widgetType":"text-editor"},{"id":"67fa0ce0","elType":"widget","settings":{"title":"All services in one place","title_color":"#000000","typography_typography":"custom","typography_font_size":{"unit":"px","size":65},"align":"left","align_mobile":"center","typography_font_size_tablet":{"unit":"px","size":55},"typography_font_size_mobile":{"unit":"px","size":35},"header_size":"h3","_padding":{"unit":"px","top":"0","right":"200","bottom":"0","left":"0","isLinked":false}},"elements":[],"widgetType":"heading"},{"id":"2f0d5335","elType":"widget","settings":{"color":"#00ce1b","width":{"unit":"%","size":15},"align":"left","gap":{"unit":"px","size":2},"weight":{"unit":"px","size":2},"align_mobile":"center"},"elements":[],"widgetType":"divider"}],"isInner":false},{"id":"4bbd1519","elType":"column","settings":{"_column_size":50,"_inline_size":null,"padding_mobile":{"unit":"px","top":"25","right":"0","bottom":"0","left":"0","isLinked":false}},"elements":[{"id":"60a5b009","elType":"widget","settings":{"icon":"fa fa-chevron-right","title_text":"Design","description_text":"Click edit button to change this text. Lorem ipsum dolor sit amet, consectetur adipiscing elit. ","position":"left","primary_color":"#000000","icon_space":{"unit":"px","size":10},"icon_size":{"unit":"px","size":15},"hover_animation":"grow","text_align":"left","title_bottom_space":{"unit":"px","size":7},"title_color":"#000000","title_typography_typography":"custom","title_typography_font_size":{"unit":"px","size":25},"title_typography_font_weight":"600","title_typography_line_height":{"unit":"em","size":0.9},"description_color":"#bfbfbf","description_typography_typography":"custom","description_typography_font_size":{"unit":"px","size":16},"description_typography_font_weight":"300","description_typography_line_height":{"unit":"em","size":1.8},"text_align_mobile":"center"},"elements":[],"widgetType":"icon-box"},{"id":"4ea572df","elType":"widget","settings":{"icon":"fa fa-chevron-right","title_text":"Digital Marketing","description_text":"Click edit button to change this text. Lorem ipsum dolor sit amet, consectetur adipiscing elit. ","position":"left","primary_color":"#000000","icon_space":{"unit":"px","size":10},"icon_size":{"unit":"px","size":15},"hover_animation":"grow","text_align":"left","title_bottom_space":{"unit":"px","size":7},"title_color":"#000000","title_typography_typography":"custom","title_typography_font_size":{"unit":"px","size":25},"title_typography_font_weight":"600","title_typography_line_height":{"unit":"em","size":0.9},"description_color":"#bfbfbf","description_typography_typography":"custom","description_typography_font_size":{"unit":"px","size":16},"description_typography_font_weight":"300","description_typography_line_height":{"unit":"em","size":1.8},"_padding":{"unit":"px","top":"15","right":"0","bottom":"0","left":"0","isLinked":false},"text_align_mobile":"center"},"elements":[],"widgetType":"icon-box"},{"id":"61720292","elType":"widget","settings":{"icon":"fa fa-chevron-right","title_text":"Support","description_text":"Click edit button to change this text. Lorem ipsum dolor sit amet, consectetur adipiscing elit. ","position":"left","primary_color":"#000000","icon_space":{"unit":"px","size":10},"icon_size":{"unit":"px","size":15},"hover_animation":"grow","text_align":"left","title_bottom_space":{"unit":"px","size":7},"title_color":"#000000","title_typography_typography":"custom","title_typography_font_size":{"unit":"px","size":25},"title_typography_font_weight":"600","title_typography_line_height":{"unit":"em","size":0.9},"description_color":"#bfbfbf","description_typography_typography":"custom","description_typography_font_size":{"unit":"px","size":16},"description_typography_font_weight":"300","description_typography_line_height":{"unit":"em","size":1.8},"_padding":{"unit":"px","top":"15","right":"0","bottom":"0","left":"0","isLinked":false},"text_align_mobile":"center"},"elements":[],"widgetType":"icon-box"}],"isInner":false}],"isInner":false}],"page_settings":[]}