{"content":[{"id":"24657c46","elType":"section","settings":{"content_width":{"unit":"px","size":800},"gap":"no","custom_height":{"unit":"px","size":700},"content_position":"middle","padding":{"unit":"px","top":"100","right":"0","bottom":"100","left":"0","isLinked":false},"padding_tablet":{"unit":"px","top":"100","right":"25","bottom":"100","left":"25","isLinked":false},"padding_mobile":{"unit":"px","top":"50","right":"20","bottom":"50","left":"20","isLinked":false}},"elements":[{"id":"74ca1438","elType":"column","settings":{"_column_size":100},"elements":[{"id":"4f06e629","elType":"widget","settings":{"title":"Features to start, sell & grow","align":"left","title_color":"#000000","typography_typography":"custom","typography_font_size":{"unit":"px","size":45},"typography_font_weight":"600","align_mobile":"left","typography_font_size_mobile":{"unit":"px","size":35},"header_size":"h3"},"elements":[],"widgetType":"heading"},{"id":"7c65507","elType":"section","settings":{"gap":"no","content_position":"top","structure":"20","padding":{"unit":"px","top":"25","right":"0","bottom":"0","left":"0","isLinked":false}},"elements":[{"id":"401603c9","elType":"column","settings":{"_column_size":50,"_inline_size":null},"elements":[{"id":"7da02ddd","elType":"widget","settings":{"icon":"fa fa-check-square-o","title_text":"Website","description_text":"","position":"left","primary_color":"#00ce1b","icon_space":{"unit":"px","size":14},"icon_size":{"unit":"px","size":30},"hover_animation":"grow","text_align":"left","title_bottom_space":{"unit":"px","size":0},"title_color":"#000000","title_typography_typography":"custom","title_typography_line_height":{"unit":"em","size":1.5}},"elements":[],"widgetType":"icon-box"},{"id":"3becbbed","elType":"widget","settings":{"icon_list":[{"text":"Simple drag and drop editor","icon":"fa fa-caret-right","_id":"9643fc9","link":{"url":"","is_external":"","nofollow":""}},{"text":"Step by step guidance","icon":"fa fa-caret-right","_id":"a96557f","link":{"url":"","is_external":"","nofollow":""}},{"text":"Pre designed layout options","icon":"fa fa-caret-right","_id":"ff26a09","link":{"url":"","is_external":"","nofollow":""}},{"text":"Domain names & professional email","icon":"fa fa-caret-right","_id":"b91eba1","link":{"url":"","is_external":"","nofollow":""}},{"text":"Video Backgrounds","icon":"fa fa-caret-right","_id":"24fd1bd","link":{"url":"","is_external":"","nofollow":""}},{"text":"Site stats","icon":"fa fa-caret-right","_id":"f8bb4cb","link":{"url":"","is_external":"","nofollow":""}}],"space_between":{"unit":"px","size":12},"icon_align":"left","icon_color":"#000000","icon_size":{"unit":"px","size":12},"text_color":"#bfbfbf","icon_typography_typography":"custom","icon_typography_font_size":{"unit":"px","size":16},"icon_typography_font_weight":"300","icon_typography_font_size_mobile":{"unit":"px","size":16}},"elements":[],"widgetType":"icon-list"}],"isInner":true},{"id":"6c25d32b","elType":"column","settings":{"_column_size":50,"_inline_size":null,"padding_mobile":{"unit":"px","top":"35","right":"0","bottom":"0","left":"0","isLinked":false}},"elements":[{"id":"6ba3c4ae","elType":"widget","settings":{"icon":"fa fa-check-square-o","title_text":"eCommerce","description_text":"","position":"left","primary_color":"#00ce1b","icon_space":{"unit":"px","size":14},"icon_size":{"unit":"px","size":30},"hover_animation":"grow","text_align":"left","title_bottom_space":{"unit":"px","size":0},"title_color":"#000000","title_typography_typography":"custom","title_typography_line_height":{"unit":"em","size":1.5}},"elements":[],"widgetType":"icon-box"},{"id":"2fc52134","elType":"widget","settings":{"icon_list":[{"text":"Simple drag and drop editor","icon":"fa fa-caret-right","_id":"9643fc9","link":{"url":"","is_external":"","nofollow":""}},{"text":"Step by step guidance","icon":"fa fa-caret-right","_id":"a96557f","link":{"url":"","is_external":"","nofollow":""}},{"text":"Pre designed layout options","icon":"fa fa-caret-right","_id":"ff26a09","link":{"url":"","is_external":"","nofollow":""}},{"text":"Domain names & professional email","icon":"fa fa-caret-right","_id":"b91eba1","link":{"url":"","is_external":"","nofollow":""}}],"space_between":{"unit":"px","size":12},"icon_align":"left","icon_color":"#000000","icon_size":{"unit":"px","size":12},"text_color":"#bfbfbf","icon_typography_typography":"custom","icon_typography_font_size":{"unit":"px","size":16},"icon_typography_font_weight":"300","icon_typography_font_size_mobile":{"unit":"px","size":16}},"elements":[],"widgetType":"icon-list"}],"isInner":true}],"isInner":true}],"isInner":false}],"isInner":false}],"page_settings":[]}