{"content":[{"id":"42a08432","elType":"section","settings":{"gap":"no","custom_height":{"unit":"px","size":700},"content_position":"middle","structure":"20","background_background":"classic","background_color":"#000000","padding":{"unit":"px","top":"100","right":"0","bottom":"100","left":"0","isLinked":false},"padding_tablet":{"unit":"px","top":"100","right":"25","bottom":"100","left":"25","isLinked":false},"padding_mobile":{"unit":"px","top":"50","right":"20","bottom":"50","left":"20","isLinked":false}},"elements":[{"id":"2f06c5b0","elType":"column","settings":{"_column_size":50,"_inline_size":null},"elements":[{"id":"5482a149","elType":"section","settings":{"gap":"no","content_position":"middle","structure":"20","margin_tablet":{"unit":"px","top":"0","right":0,"bottom":"0","left":0,"isLinked":true}},"elements":[{"id":"3d58d39b","elType":"column","settings":{"_column_size":50,"_inline_size":null},"elements":[{"id":"7932761f","elType":"widget","settings":{"image":{"id":"4117","url":"https:\/\/library.elementor.com\/wp-content\/uploads\/2018\/02\/ava1.png"},"image_size":"full","align":"right","space":{"unit":"%","size":52},"_padding":{"unit":"px","top":"0","right":"12","bottom":"0","left":"0","isLinked":false},"space_mobile":{"unit":"%","size":25}},"elements":[],"widgetType":"image"}],"isInner":true},{"id":"1ee633d8","elType":"column","settings":{"_column_size":50,"_inline_size":null},"elements":[{"id":"1dd40bf1","elType":"widget","settings":{"image":{"id":"4118","url":"https:\/\/library.elementor.com\/wp-content\/uploads\/2018\/02\/ava4.png"},"image_size":"full","align":"left","space":{"unit":"%","size":52},"_padding":{"unit":"px","top":"0","right":"0","bottom":"0","left":"12","isLinked":false},"align_mobile":"left","space_mobile":{"unit":"%","size":39},"_margin_mobile":{"unit":"px","top":"-42","right":"0","bottom":"0","left":"0","isLinked":false}},"elements":[],"widgetType":"image"}],"isInner":true}],"isInner":true},{"id":"7a304574","elType":"section","settings":{"gap":"no","content_position":"middle","structure":"30"},"elements":[{"id":"11f11083","elType":"column","settings":{"_column_size":33,"_inline_size":null},"elements":[{"id":"53d167f5","elType":"widget","settings":{"image":{"id":"4119","url":"https:\/\/library.elementor.com\/wp-content\/uploads\/2018\/02\/ava2.png"},"image_size":"full","align":"right","space":{"unit":"%","size":70},"align_mobile":"right","space_mobile":{"unit":"%","size":40},"_margin_mobile":{"unit":"px","top":"-58","right":"0","bottom":"0","left":"0","isLinked":false}},"elements":[],"widgetType":"image"}],"isInner":true},{"id":"1625ee76","elType":"column","settings":{"_column_size":33,"_inline_size":null},"elements":[{"id":"3f55179f","elType":"widget","settings":{"image":{"id":"4709","url":"https:\/\/library.elementor.com\/wp-content\/uploads\/2018\/03\/y10.png"},"image_size":"full","space":{"unit":"%","size":70},"space_mobile":{"unit":"%","size":53},"_margin_mobile":{"unit":"px","top":"-65","right":"0","bottom":"0","left":"0","isLinked":false}},"elements":[],"widgetType":"image"}],"isInner":true},{"id":"21888b16","elType":"column","settings":{"_column_size":33,"_inline_size":null},"elements":[{"id":"26d2b112","elType":"widget","settings":{"image":{"id":"4680","url":"https:\/\/library.elementor.com\/wp-content\/uploads\/2018\/03\/y11.png"},"image_size":"full","align":"left","space":{"unit":"%","size":70},"space_mobile":{"unit":"%","size":31},"_margin_mobile":{"unit":"px","top":"-158","right":"0","bottom":"0","left":"0","isLinked":false}},"elements":[],"widgetType":"image"}],"isInner":true}],"isInner":true}],"isInner":false},{"id":"54717883","elType":"column","settings":{"_column_size":50,"_inline_size":null,"padding":{"unit":"px","top":"0","right":"0","bottom":"0","left":"55","isLinked":false},"padding_mobile":{"unit":"px","top":"25","right":"0","bottom":"0","left":"0","isLinked":false}},"elements":[{"id":"7361b982","elType":"widget","settings":{"editor":"<p>The Team<\/p>","text_color":"#686868","typography_typography":"custom","typography_font_size":{"unit":"px","size":15},"typography_font_weight":"300","typography_text_transform":"uppercase","align_mobile":"center"},"elements":[],"widgetType":"text-editor"},{"id":"6520ee1d","elType":"widget","settings":{"title":"Our creative team","align":"left","title_color":"#ffffff","typography_typography":"custom","typography_font_size":{"unit":"px","size":65},"typography_font_weight":"600","align_mobile":"center","typography_font_size_tablet":{"unit":"px","size":45},"header_size":"h3"},"elements":[],"widgetType":"heading"},{"id":"49fe933b","elType":"widget","settings":{"color":"#00ce1b","width":{"unit":"%","size":15},"align":"left","gap":{"unit":"px","size":2},"weight":{"unit":"px","size":2},"align_mobile":"center"},"elements":[],"widgetType":"divider"}],"isInner":false}],"isInner":false}],"page_settings":[]}