{"content":[{"id":"3ff6d3b3","elType":"section","settings":{"gap":"no","custom_height":{"unit":"px","size":800},"content_position":"middle","structure":"20","background_background":"classic","background_image":{"id":6019,"url":"https:\/\/library.elementor.com\/wp-content\/uploads\/2018\/03\/u1.jpg"},"background_position":"center center","background_size":"cover","padding":{"unit":"px","top":"200","right":"0","bottom":"200","left":"0","isLinked":false},"padding_tablet":{"unit":"px","top":"100","right":"25","bottom":"100","left":"25","isLinked":false},"padding_mobile":{"unit":"px","top":"50","right":"20","bottom":"50","left":"20","isLinked":false}},"elements":[{"id":"470d4723","elType":"column","settings":{"_column_size":50,"_inline_size":50.1,"_inline_size_tablet":100},"elements":[{"id":"19c109fd","elType":"widget","settings":{"title":"New York<br>concert coming up","header_size":"h3","title_color":"#ffffff","typography_typography":"custom","typography_font_size":{"unit":"px","size":45},"typography_font_weight":"100","typography_font_size_mobile":{"unit":"px","size":35}},"elements":[],"widgetType":"heading"},{"id":"5400a1eb","elType":"widget","settings":{"social_icon_list":[{"social":"fa fa-facebook","_id":"1fba67d","link":{"url":"","is_external":"true","nofollow":""}},{"social":"fa fa-twitter","_id":"57ad147","link":{"url":"","is_external":"true","nofollow":""}},{"social":"fa fa-google-plus","_id":"8bb09ee","link":{"url":"","is_external":"true","nofollow":""}}],"align":"left","icon_color":"custom","icon_primary_color":"rgba(0,0,0,0)","icon_size":{"unit":"px","size":15},"icon_padding":{"unit":"em","size":0},"icon_spacing":{"unit":"px","size":34},"hover_secondary_color":"#00ce1b","hover_animation":"grow","_padding":{"unit":"px","top":"20","right":"0","bottom":"0","left":"0","isLinked":false}},"elements":[],"widgetType":"social-icons"}],"isInner":false},{"id":"f1565f4","elType":"column","settings":{"_column_size":50,"_inline_size":49.9,"padding":{"unit":"px","top":"0","right":"0","bottom":"0","left":"0","isLinked":false},"_inline_size_tablet":100,"padding_tablet":{"unit":"px","top":"25","right":"0","bottom":"0","left":"0","isLinked":false}},"elements":[{"id":"20b008a8","elType":"widget","settings":{"color":"#00ce1b","weight":{"unit":"px","size":2}},"elements":[],"widgetType":"divider"},{"id":"21fdd66e","elType":"section","settings":{"content_position":"middle","structure":"20","margin":{"unit":"px","top":"-30","right":0,"bottom":"0","left":0,"isLinked":false},"padding":{"unit":"px","top":"0","right":"0","bottom":"0","left":"0","isLinked":true},"padding_tablet":{"unit":"px","top":"15","right":"0","bottom":"0","left":"0","isLinked":false},"reverse_order_mobile":"reverse-mobile"},"elements":[{"id":"21a74027","elType":"column","settings":{"_column_size":50,"_inline_size":76.45,"_inline_size_tablet":70,"padding_tablet":{"unit":"px","top":"0","right":"0","bottom":"0","left":"0","isLinked":true},"padding_mobile":{"unit":"px","top":"0","right":"0","bottom":"0","left":"0","isLinked":true}},"elements":[{"id":"44fe8d01","elType":"widget","settings":{"editor":"<p>It is a long established fact that a reader will be distracted by the readable content of a page when looking at its layout. The point of using Lorem Ipsum is that it has a more-or-less normal distribution of letters, as opposed to using 'Content here, content here', making it look like readable English.<\/p>","text_color":"#ffffff","typography_typography":"custom","typography_font_size":{"unit":"px","size":15},"typography_font_weight":"300","typography_line_height":{"unit":"em","size":2}},"elements":[],"widgetType":"text-editor"}],"isInner":true},{"id":"730102b9","elType":"column","settings":{"_column_size":50,"_inline_size":23.55,"_inline_size_tablet":30,"padding_tablet":{"unit":"px","top":"0","right":"0","bottom":"0","left":"0","isLinked":true},"padding_mobile":{"unit":"px","top":"15","right":"0","bottom":"0","left":"0","isLinked":false}},"elements":[{"id":"71adb0e8","elType":"widget","settings":{"title":"30","align":"center","title_color":"#ffffff","typography_typography":"custom","typography_font_size":{"unit":"px","size":65},"typography_font_weight":"100","align_mobile":"left","header_size":"h4"},"elements":[],"widgetType":"heading"},{"id":"254f0d6e","elType":"widget","settings":{"editor":"<p>June 2018<\/p>","align":"center","text_color":"#686868","typography_typography":"custom","typography_font_size":{"unit":"px","size":15},"typography_font_weight":"600","typography_text_transform":"uppercase","typography_letter_spacing":{"unit":"px","size":3},"align_mobile":"left"},"elements":[],"widgetType":"text-editor"}],"isInner":true}],"isInner":true}],"isInner":false}],"isInner":false}],"page_settings":[]}