{"content":[{"id":"31731c11","elType":"section","settings":{"gap":"no","custom_height":{"unit":"px","size":800},"content_position":"middle","structure":"30","padding":{"unit":"px","top":"100","right":"0","bottom":"100","left":"0","isLinked":false},"padding_tablet":{"unit":"px","top":"100","right":"25","bottom":"100","left":"25","isLinked":false},"padding_mobile":{"unit":"px","top":"50","right":"20","bottom":"50","left":"20","isLinked":false}},"elements":[{"id":"3db96c97","elType":"column","settings":{"_column_size":33,"_inline_size":null},"elements":[{"id":"56e57403","elType":"widget","settings":{"editor":"<p>Our about<\/p>","text_color":"#bfbfbf","typography_typography":"custom","typography_font_size":{"unit":"px","size":15},"typography_font_weight":"300","typography_text_transform":"uppercase"},"elements":[],"widgetType":"text-editor"},{"id":"786b0011","elType":"widget","settings":{"title":"Alternate gallery slide","align":"left","title_color":"#000000","typography_typography":"custom","typography_font_size":{"unit":"px","size":65},"typography_font_weight":"600","typography_font_size_tablet":{"unit":"px","size":45},"header_size":"h3"},"elements":[],"widgetType":"heading"},{"id":"714dd7b","elType":"widget","settings":{"color":"#00ce1b","width":{"unit":"%","size":15},"align":"left","gap":{"unit":"px","size":2},"weight":{"unit":"px","size":2}},"elements":[],"widgetType":"divider"}],"isInner":false},{"id":"30dc099b","elType":"column","settings":{"_column_size":33,"_inline_size":null,"padding":{"unit":"px","top":"35","right":"35","bottom":"35","left":"35","isLinked":true},"padding_tablet":{"unit":"px","top":"15","right":"15","bottom":"15","left":"15","isLinked":true},"padding_mobile":{"unit":"px","top":"25","right":"0","bottom":"0","left":"0","isLinked":false}},"elements":[{"id":"37d7cae4","elType":"widget","settings":{"image":{"id":6029,"url":"https:\/\/library.elementor.com\/wp-content\/uploads\/2018\/03\/u2.jpg"},"image_size":"full","hover_animation":"grow"},"elements":[],"widgetType":"image"},{"id":"d318061","elType":"widget","settings":{"editor":"<p>I am text block. Click edit button to change this text. Lorem ipsum dolor sit amet, consectetur adipiscing elit. Ut elit tellus, luctus nec ullamcorper mattis, pulvinar dapibus leo.<\/p>","text_color":"#bfbfbf","typography_typography":"custom","typography_font_size":{"unit":"px","size":15},"typography_line_height":{"unit":"em","size":1.8},"typography_font_weight":"300"},"elements":[],"widgetType":"text-editor"}],"isInner":false},{"id":"48e76df6","elType":"column","settings":{"_column_size":33,"_inline_size":null,"padding":{"unit":"px","top":"35","right":"35","bottom":"35","left":"35","isLinked":true},"padding_tablet":{"unit":"px","top":"15","right":"15","bottom":"15","left":"15","isLinked":true},"padding_mobile":{"unit":"px","top":"25","right":"0","bottom":"0","left":"0","isLinked":false}},"elements":[{"id":"16268f7","elType":"widget","settings":{"editor":"<p>I am text block. Click edit button to change this text. Lorem ipsum dolor sit amet, consectetur adipiscing elit. Ut elit tellus, luctus nec ullamcorper mattis, pulvinar dapibus leo.<\/p>","text_color":"#bfbfbf","typography_typography":"custom","typography_font_size":{"unit":"px","size":15},"typography_line_height":{"unit":"em","size":1.8},"typography_font_weight":"300"},"elements":[],"widgetType":"text-editor"},{"id":"44387f89","elType":"widget","settings":{"image":{"id":"4378","url":"https:\/\/library.elementor.com\/wp-content\/uploads\/2018\/02\/u3.jpg"},"image_size":"full","hover_animation":"grow"},"elements":[],"widgetType":"image"}],"isInner":false}],"isInner":false}],"page_settings":[]}