{"content":[{"id":"3305ef70","elType":"section","settings":{"gap":"no","custom_height":{"unit":"px","size":""},"content_position":"middle","structure":"20","padding":{"unit":"px","top":"100","right":"0","bottom":"100","left":"0","isLinked":false},"background_background":"classic","background_color":"#000000","padding_tablet":{"unit":"px","top":"100","right":"25","bottom":"100","left":"25","isLinked":false},"padding_mobile":{"unit":"px","top":"50","right":"20","bottom":"50","left":"20","isLinked":false}},"elements":[{"id":"6ea4990c","elType":"column","settings":{"_column_size":50,"_inline_size":38.07},"elements":[{"id":"63ffa282","elType":"widget","settings":{"title":"Applications","align":"left","title_color":"#ffffff","typography_typography":"custom","typography_font_size":{"unit":"px","size":65},"typography_font_weight":"600","typography_font_size_tablet":{"unit":"px","size":45},"typography_font_size_mobile":{"unit":"px","size":35},"header_size":"h3"},"elements":[],"widgetType":"heading"},{"id":"38320294","elType":"widget","settings":{"icon":"fa fa-check-square-o","title_text":"Accomplishments","description_text":"","position":"left","primary_color":"#00ce1b","icon_space":{"unit":"px","size":14},"icon_size":{"unit":"px","size":30},"hover_animation":"grow","text_align":"left","title_bottom_space":{"unit":"px","size":0},"title_color":"#ffffff","title_typography_typography":"custom","title_typography_line_height":{"unit":"em","size":1.5},"_padding":{"unit":"px","top":"35","right":"0","bottom":"0","left":"0","isLinked":false}},"elements":[],"widgetType":"icon-box"},{"id":"67f2a861","elType":"widget","settings":{"icon_list":[{"text":"There are many variations of","icon":"","_id":"7f644b8","link":{"url":"","is_external":"","nofollow":""}},{"text":"Lorem ipsum available","icon":"","_id":"fe43f87","link":{"url":"","is_external":"","nofollow":""}}],"space_between":{"unit":"px","size":10},"icon_align":"left","icon_color":"#bfbfbf","icon_size":{"unit":"px","size":12},"text_indent":{"unit":"px","size":10},"text_color":"#686868","icon_typography_typography":"custom","icon_typography_font_size":{"unit":"px","size":15},"_margin":{"unit":"px","top":"-10","right":"0","bottom":"0","left":"0","isLinked":false},"_padding":{"unit":"px","top":"0","right":"0","bottom":"0","left":"0","isLinked":true},"icon_typography_font_weight":"300"},"elements":[],"widgetType":"icon-list"},{"id":"6a49bd17","elType":"widget","settings":{"icon":"fa fa-check-square-o","title_text":"Dev System","description_text":"","position":"left","primary_color":"#00ce1b","icon_space":{"unit":"px","size":14},"icon_size":{"unit":"px","size":30},"hover_animation":"grow","text_align":"left","title_bottom_space":{"unit":"px","size":0},"title_color":"#ffffff","title_typography_typography":"custom","title_typography_line_height":{"unit":"em","size":1.5},"_padding":{"unit":"px","top":"35","right":"0","bottom":"0","left":"0","isLinked":false}},"elements":[],"widgetType":"icon-box"},{"id":"a88832d","elType":"widget","settings":{"icon_list":[{"text":"There are many variations of","icon":"","_id":"7f644b8","link":{"url":"","is_external":"","nofollow":""}},{"text":"Lorem ipsum available","icon":"","_id":"fe43f87","link":{"url":"","is_external":"","nofollow":""}},{"text":"There are many variations","icon":"","_id":"5805d96","link":{"url":"","is_external":"","nofollow":""}}],"space_between":{"unit":"px","size":10},"icon_align":"left","icon_color":"#bfbfbf","icon_size":{"unit":"px","size":12},"text_indent":{"unit":"px","size":10},"text_color":"#686868","icon_typography_typography":"custom","icon_typography_font_size":{"unit":"px","size":15},"_margin":{"unit":"px","top":"-10","right":"0","bottom":"0","left":"0","isLinked":false},"_padding":{"unit":"px","top":"0","right":"0","bottom":"0","left":"0","isLinked":true},"icon_typography_font_weight":"300"},"elements":[],"widgetType":"icon-list"}],"isInner":false},{"id":"bb142cb","elType":"column","settings":{"_column_size":50,"_inline_size":61.93,"padding_mobile":{"unit":"px","top":"55","right":"0","bottom":"0","left":"0","isLinked":false}},"elements":[{"id":"ccce121","elType":"widget","settings":{"image":{"id":"6046","url":"https:\/\/library.elementor.com\/wp-content\/uploads\/2018\/03\/u4.png"},"image_size":"full"},"elements":[],"widgetType":"image"}],"isInner":false}],"isInner":false}],"page_settings":[]}