{"content":[{"id":"4e254b6","elType":"section","settings":{"gap":"no","custom_height":{"unit":"px","size":800},"content_position":"middle","background_color":"#000000","padding":{"unit":"px","top":"100","right":"0","bottom":"100","left":"0","isLinked":false},"structure":"40","padding_tablet":{"unit":"px","top":"100","right":"25","bottom":"100","left":"25","isLinked":false},"padding_mobile":{"unit":"px","top":"50","right":"20","bottom":"50","left":"20","isLinked":false}},"elements":[{"id":"1ac63a47","elType":"column","settings":{"_column_size":25,"_inline_size":null,"_inline_size_mobile":50},"elements":[{"id":"77d4883","elType":"widget","settings":{"starting_number":1,"ending_number":85,"suffix":"%","title":"Support","number_color":"#bfbfbf","typography_number_typography":"custom","typography_number_font_size":{"unit":"px","size":85},"typography_number_font_weight":"100","title_color":"#000000","typography_title_typography":"custom","typography_title_font_size":{"unit":"px","size":15},"typography_title_font_weight":"600","typography_title_text_transform":"uppercase","typography_title_letter_spacing":{"unit":"px","size":5},"typography_number_font_size_tablet":{"unit":"px","size":65},"typography_number_font_size_mobile":{"unit":"px","size":55},"typography_title_font_size_tablet":{"unit":"px","size":12},"typography_title_font_size_mobile":{"unit":"px","size":10},"typography_title_letter_spacing_mobile":{"unit":"px","size":2}},"elements":[],"widgetType":"counter"}],"isInner":false},{"id":"3a3ce9ed","elType":"column","settings":{"_column_size":25,"_inline_size":null,"_inline_size_mobile":50},"elements":[{"id":"55145180","elType":"widget","settings":{"starting_number":1,"ending_number":90,"suffix":"%","title":"Design","number_color":"#bfbfbf","typography_number_typography":"custom","typography_number_font_size":{"unit":"px","size":85},"typography_number_font_weight":"100","title_color":"#000000","typography_title_typography":"custom","typography_title_font_size":{"unit":"px","size":15},"typography_title_font_weight":"600","typography_title_text_transform":"uppercase","typography_title_letter_spacing":{"unit":"px","size":5},"typography_number_font_size_tablet":{"unit":"px","size":65},"typography_number_font_size_mobile":{"unit":"px","size":55},"typography_title_font_size_tablet":{"unit":"px","size":12},"typography_title_font_size_mobile":{"unit":"px","size":10},"typography_title_letter_spacing_mobile":{"unit":"px","size":2}},"elements":[],"widgetType":"counter"}],"isInner":false},{"id":"48926b36","elType":"column","settings":{"_column_size":25,"_inline_size":null,"_inline_size_mobile":50,"padding_mobile":{"unit":"px","top":"40","right":"0","bottom":"0","left":"0","isLinked":false}},"elements":[{"id":"36435fc9","elType":"widget","settings":{"starting_number":1,"ending_number":62,"suffix":"%","title":"Support","number_color":"#bfbfbf","typography_number_typography":"custom","typography_number_font_size":{"unit":"px","size":85},"typography_number_font_weight":"100","title_color":"#000000","typography_title_typography":"custom","typography_title_font_size":{"unit":"px","size":15},"typography_title_font_weight":"600","typography_title_text_transform":"uppercase","typography_title_letter_spacing":{"unit":"px","size":5},"typography_number_font_size_tablet":{"unit":"px","size":65},"typography_number_font_size_mobile":{"unit":"px","size":55},"typography_title_font_size_tablet":{"unit":"px","size":12},"typography_title_font_size_mobile":{"unit":"px","size":10},"typography_title_letter_spacing_mobile":{"unit":"px","size":2}},"elements":[],"widgetType":"counter"}],"isInner":false},{"id":"72df60f1","elType":"column","settings":{"_column_size":25,"_inline_size":null,"_inline_size_mobile":50,"padding_mobile":{"unit":"px","top":"40","right":"0","bottom":"0","left":"0","isLinked":false}},"elements":[{"id":"da4f4a1","elType":"widget","settings":{"starting_number":1,"ending_number":74,"suffix":"%","title":"Support","number_color":"#bfbfbf","typography_number_typography":"custom","typography_number_font_size":{"unit":"px","size":85},"typography_number_font_weight":"100","title_color":"#000000","typography_title_typography":"custom","typography_title_font_size":{"unit":"px","size":15},"typography_title_font_weight":"600","typography_title_text_transform":"uppercase","typography_title_letter_spacing":{"unit":"px","size":5},"typography_number_font_size_tablet":{"unit":"px","size":65},"typography_number_font_size_mobile":{"unit":"px","size":55},"typography_title_font_size_tablet":{"unit":"px","size":12},"typography_title_font_size_mobile":{"unit":"px","size":10},"typography_title_letter_spacing_mobile":{"unit":"px","size":2}},"elements":[],"widgetType":"counter"}],"isInner":false}],"isInner":false}],"page_settings":[]}