{"content":[{"id":"4b80d04a","elType":"section","settings":{"gap":"no","custom_height":{"unit":"px","size":800},"content_position":"middle","background_background":"classic","background_color":"#000000","padding":{"unit":"px","top":"100","right":"0","bottom":"100","left":"0","isLinked":false},"padding_tablet":{"unit":"px","top":"100","right":"25","bottom":"100","left":"25","isLinked":false},"padding_mobile":{"unit":"px","top":"50","right":"20","bottom":"50","left":"20","isLinked":false}},"elements":[{"id":"662f0288","elType":"column","settings":{"_column_size":100},"elements":[{"id":"17bd7ca8","elType":"widget","settings":{"title":"Creative charts","align":"center","title_color":"#ffffff","typography_typography":"custom","typography_font_size":{"unit":"px","size":65},"typography_font_weight":"600","typography_font_size_tablet":{"unit":"px","size":45},"typography_font_size_mobile":{"unit":"px","size":35},"header_size":"h3"},"elements":[],"widgetType":"heading"},{"id":"6908ceec","elType":"section","settings":{"structure":"20","padding":{"unit":"px","top":"25","right":"0","bottom":"0","left":"0","isLinked":false},"padding_tablet":{"unit":"px","top":"15","right":"0","bottom":"0","left":"0","isLinked":false}},"elements":[{"id":"46838b2f","elType":"column","settings":{"_column_size":50,"_inline_size":null,"border_width":{"unit":"px","top":"0","right":"0","bottom":"2","left":"0","isLinked":false},"border_color":"#00ce1b","margin":{"unit":"px","top":"0","right":"15","bottom":"0","left":"0","isLinked":false},"padding":{"unit":"px","top":"55","right":"55","bottom":"55","left":"55","isLinked":true},"background_background":"classic","background_color":"#141414","box_shadow_box_shadow_type":"yes","box_shadow_box_shadow":{"horizontal":0,"vertical":0,"blur":25,"spread":0,"color":"rgba(0,0,0,0.09)"},"margin_mobile":{"unit":"px","top":"0","right":"0","bottom":"0","left":"0","isLinked":true}},"elements":[{"id":"1511e65a","elType":"widget","settings":{"starting_number":1,"ending_number":70,"suffix":"%","title":"Design","number_color":"#686868","typography_number_typography":"custom","typography_number_font_size":{"unit":"px","size":85},"typography_number_font_weight":"100","title_color":"#ffffff","typography_title_typography":"custom","typography_title_font_size":{"unit":"px","size":15},"typography_title_font_weight":"600","typography_title_text_transform":"uppercase"},"elements":[],"widgetType":"counter"},{"id":"4dc2b9df","elType":"widget","settings":{"editor":"<p>I am text block. Click edit button to change this text.\u00a0<\/p>","align":"center","text_color":"#ffffff","typography_typography":"custom","typography_font_size":{"unit":"px","size":15},"typography_font_weight":"300","typography_line_height":{"unit":"em","size":1.8}},"elements":[],"widgetType":"text-editor"}],"isInner":true},{"id":"5f90f421","elType":"column","settings":{"_column_size":50,"_inline_size":null,"border_width":{"unit":"px","top":"0","right":"0","bottom":"2","left":"0","isLinked":false},"border_color":"#00ce1b","margin":{"unit":"px","top":"0","right":"0","bottom":"0","left":"15","isLinked":false},"padding":{"unit":"px","top":"55","right":"55","bottom":"55","left":"55","isLinked":true},"background_background":"classic","background_color":"#141414","box_shadow_box_shadow_type":"yes","box_shadow_box_shadow":{"horizontal":0,"vertical":0,"blur":25,"spread":0,"color":"rgba(0,0,0,0.09)"},"margin_mobile":{"unit":"px","top":"15","right":"0","bottom":"0","left":"0","isLinked":false}},"elements":[{"id":"124869d4","elType":"widget","settings":{"starting_number":1,"ending_number":56,"suffix":"%","title":"Digital Marketing","number_color":"#686868","typography_number_typography":"custom","typography_number_font_size":{"unit":"px","size":85},"typography_number_font_weight":"100","title_color":"#ffffff","typography_title_typography":"custom","typography_title_font_size":{"unit":"px","size":15},"typography_title_font_weight":"600","typography_title_text_transform":"uppercase","typography_title_letter_spacing":{"unit":"px","size":-0.4}},"elements":[],"widgetType":"counter"},{"id":"6f28a5c1","elType":"widget","settings":{"editor":"<p>I am text block. Click edit button to change this text.\u00a0<\/p>","align":"center","text_color":"#ffffff","typography_typography":"custom","typography_font_size":{"unit":"px","size":15},"typography_font_weight":"300","typography_line_height":{"unit":"em","size":1.8}},"elements":[],"widgetType":"text-editor"}],"isInner":true}],"isInner":true}],"isInner":false}],"isInner":false}],"page_settings":[]}