{"content":[{"id":"23dab7cc","elType":"section","settings":{"gap":"no","custom_height":{"unit":"px","size":900},"content_position":"middle","structure":"30","background_background":"classic","background_color":"#000000","padding":{"unit":"px","top":"100","right":"0","bottom":"100","left":"0","isLinked":false},"padding_tablet":{"unit":"px","top":"100","right":"25","bottom":"100","left":"25","isLinked":false},"padding_mobile":{"unit":"px","top":"50","right":"20","bottom":"50","left":"20","isLinked":false}},"elements":[{"id":"7b903908","elType":"column","settings":{"_column_size":33,"_inline_size":null,"padding":{"unit":"px","top":"25","right":"25","bottom":"25","left":"25","isLinked":true},"padding_tablet":{"unit":"px","top":"10","right":"10","bottom":"10","left":"10","isLinked":true},"padding_mobile":{"unit":"px","top":"0","right":"0","bottom":"0","left":"0","isLinked":true}},"elements":[{"id":"6dc42461","elType":"widget","settings":{"editor":"<p>Our gallery<\/p>","text_color":"#686868","typography_typography":"custom","typography_font_size":{"unit":"px","size":15},"typography_font_weight":"300","typography_text_transform":"uppercase"},"elements":[],"widgetType":"text-editor"},{"id":"27a0c082","elType":"widget","settings":{"title":"Grid Gallery Slide","align":"left","title_color":"#ffffff","typography_typography":"custom","typography_font_size":{"unit":"px","size":65},"typography_font_weight":"600","typography_font_size_tablet":{"unit":"px","size":45},"typography_font_size_mobile":{"unit":"px","size":35},"header_size":"h3"},"elements":[],"widgetType":"heading"},{"id":"177f5a40","elType":"widget","settings":{"image":{"id":"6124","url":"https:\/\/library.elementor.com\/wp-content\/uploads\/2018\/03\/u6.jpg"},"hover_animation":"grow","align_mobile":"left","space_mobile":{"unit":"%","size":50},"_padding_mobile":{"unit":"px","top":"20","right":"20","bottom":"0","left":"0","isLinked":false}},"elements":[],"widgetType":"image"}],"isInner":false},{"id":"9cc60c7","elType":"column","settings":{"_column_size":33,"_inline_size":null,"padding":{"unit":"px","top":"25","right":"25","bottom":"25","left":"25","isLinked":true},"padding_tablet":{"unit":"px","top":"10","right":"10","bottom":"10","left":"10","isLinked":true}},"elements":[{"id":"160f005a","elType":"widget","settings":{"image":{"id":"6125","url":"https:\/\/library.elementor.com\/wp-content\/uploads\/2018\/03\/u5.jpg"},"hover_animation":"grow","align_mobile":"right","space_mobile":{"unit":"%","size":50},"_margin_mobile":{"unit":"px","top":"-135","right":"0","bottom":"0","left":"0","isLinked":false},"_padding_mobile":{"unit":"px","top":"0","right":"0","bottom":"0","left":"20","isLinked":false}},"elements":[],"widgetType":"image"},{"id":"67b436cb","elType":"widget","settings":{"editor":"<p>I am text block. Click edit button to change this text. Lorem ipsum dolor sit amet, consectetur adipiscing elit. Ut elit tellus, luctus nec ullamcorper mattis, pulvinar dapibus leo.<\/p>","text_color":"#686868","typography_typography":"custom","typography_font_size":{"unit":"px","size":15},"typography_line_height":{"unit":"em","size":2},"typography_font_weight":"300","_padding_mobile":{"unit":"px","top":"20","right":"0","bottom":"20","left":"0","isLinked":false}},"elements":[],"widgetType":"text-editor"}],"isInner":false},{"id":"574bb777","elType":"column","settings":{"_column_size":33,"_inline_size":null,"padding":{"unit":"px","top":"25","right":"25","bottom":"25","left":"25","isLinked":true},"padding_tablet":{"unit":"px","top":"10","right":"10","bottom":"10","left":"10","isLinked":true},"padding_mobile":{"unit":"px","top":"0","right":"0","bottom":"0","left":"0","isLinked":true}},"elements":[{"id":"6991a0c5","elType":"widget","settings":{"image":{"id":"6126","url":"https:\/\/library.elementor.com\/wp-content\/uploads\/2018\/03\/u7.jpg"},"hover_animation":"grow","_padding":{"unit":"px","top":"100","right":"0","bottom":"0","left":"0","isLinked":false},"_padding_mobile":{"unit":"px","top":"0","right":"0","bottom":"0","left":"0","isLinked":true}},"elements":[],"widgetType":"image"}],"isInner":false}],"isInner":false}],"page_settings":[]}