{"content":[{"id":"6ab65bb3","elType":"section","settings":{"gap":"no","custom_height":{"unit":"px","size":700},"content_position":"middle","structure":"20","padding":{"unit":"px","top":"100","right":"0","bottom":"100","left":"0","isLinked":false},"padding_tablet":{"unit":"px","top":"100","right":"25","bottom":"100","left":"25","isLinked":false},"padding_mobile":{"unit":"px","top":"50","right":"20","bottom":"50","left":"20","isLinked":false}},"elements":[{"id":"1dac9aff","elType":"column","settings":{"_column_size":50,"_inline_size":null,"border_border":"solid","border_width":{"unit":"px","top":"0","right":"1","bottom":"0","left":"0","isLinked":false},"border_color":"rgba(0,0,0,0.16)"},"elements":[{"id":"3d3ef379","elType":"widget","settings":{"slides":[{"content":"I am slide content. Click edit button to change this text. Lorem ipsum dolor sit amet, consectetur adipiscing elit. ","name":"Mike Stuart","title":"Design Lead","image":{"id":"4708","url":"https:\/\/library.elementor.com\/wp-content\/uploads\/2018\/03\/y12.png"},"_id":"3cb2078"}],"layout":"image_above","space_between":{"unit":"px","size":0},"slide_padding":{"unit":"px","top":"15","right":"15","bottom":"15","left":"15","isLinked":true},"content_gap":{"unit":"px","size":28},"content_color":"#000000","content_typography_typography":"custom","content_typography_font_size":{"unit":"px","size":15},"content_typography_font_weight":"300","content_typography_font_style":"normal","name_color":"#000000","name_typography_typography":"custom","name_typography_font_size":{"unit":"px","size":20},"name_typography_font_weight":"600","name_typography_font_style":"normal","title_color":"#bfbfbf","title_typography_typography":"custom","title_typography_font_size":{"unit":"px","size":15},"title_typography_font_weight":"300","title_typography_text_transform":"uppercase","title_typography_font_style":"normal","image_size":{"unit":"px","size":100},"image_gap":{"unit":"px","size":0},"image_border_radius":{"unit":"px","size":0}},"elements":[],"widgetType":"testimonial-carousel"}],"isInner":false},{"id":"78d414fc","elType":"column","settings":{"_column_size":50,"_inline_size":null,"border_width":{"unit":"px","top":"0","right":"0","bottom":"0","left":"0","isLinked":false},"border_color":"rgba(0,0,0,0.16)","border_radius":{"unit":"px","top":"0","right":"0","bottom":"0","left":"0","isLinked":false}},"elements":[{"id":"4cf28f2","elType":"widget","settings":{"slides":[{"content":"I am slide content. Click edit button to change this text. Lorem ipsum dolor sit amet, consectetur adipiscing elit. ","name":"Melisa Pomero","title":"Manager","image":{"id":"4709","url":"https:\/\/library.elementor.com\/wp-content\/uploads\/2018\/03\/y10.png"},"_id":"3cb2078"}],"layout":"image_above","space_between":{"unit":"px","size":0},"slide_padding":{"unit":"px","top":"15","right":"15","bottom":"15","left":"15","isLinked":true},"content_gap":{"unit":"px","size":28},"content_color":"#000000","content_typography_typography":"custom","content_typography_font_size":{"unit":"px","size":15},"content_typography_font_weight":"300","content_typography_font_style":"normal","name_color":"#000000","name_typography_typography":"custom","name_typography_font_size":{"unit":"px","size":20},"name_typography_font_weight":"600","name_typography_font_style":"normal","title_color":"#bfbfbf","title_typography_typography":"custom","title_typography_font_size":{"unit":"px","size":15},"title_typography_font_weight":"300","title_typography_text_transform":"uppercase","title_typography_font_style":"normal","image_size":{"unit":"px","size":100}},"elements":[],"widgetType":"testimonial-carousel"}],"isInner":false}],"isInner":false}],"page_settings":[]}