{"content":[{"id":"1f548d7","elType":"section","settings":{"gap":"no","custom_height":{"unit":"px","size":700},"content_position":"middle","structure":"30","background_background":"classic","background_color":"#000000","background_color_stop":{"unit":"%","size":50},"background_color_b":"#000000","background_color_b_stop":{"unit":"%","size":50},"background_gradient_angle":{"unit":"deg","size":-90},"padding":{"unit":"px","top":"100","right":"0","bottom":"100","left":"0","isLinked":false},"padding_tablet":{"unit":"px","top":"100","right":"25","bottom":"100","left":"25","isLinked":false},"padding_mobile":{"unit":"px","top":"50","right":"20","bottom":"50","left":"20","isLinked":false}},"elements":[{"id":"2becc1df","elType":"column","settings":{"_column_size":33,"_inline_size":null,"_inline_size_tablet":30,"_inline_size_mobile":100},"elements":[{"id":"ca3101a","elType":"widget","settings":{"title":"Tommy Rivers","header_size":"h3","title_color":"#ffffff","typography_typography":"custom","typography_font_size":{"unit":"px","size":45},"typography_font_weight":"100","align_mobile":"center","typography_font_size_tablet":{"unit":"px","size":30}},"elements":[],"widgetType":"heading"},{"id":"5d93fdd1","elType":"widget","settings":{"editor":"<p>UI \/ Graphic Designer<\/p>","text_color":"#686868","typography_typography":"custom","typography_font_size":{"unit":"px","size":15},"typography_font_weight":"900","typography_text_transform":"uppercase","align_mobile":"center"},"elements":[],"widgetType":"text-editor"}],"isInner":false},{"id":"53b15459","elType":"column","settings":{"_column_size":33,"_inline_size":null,"_inline_size_tablet":30},"elements":[{"id":"3033fb9f","elType":"widget","settings":{"image":{"id":"4680","url":"https:\/\/library.elementor.com\/wp-content\/uploads\/2018\/03\/y11.png"},"image_size":"full","space":{"unit":"%","size":50},"image_border_border":"solid","image_border_width":{"unit":"px","top":"2","right":"2","bottom":"2","left":"2","isLinked":true},"image_border_color":"#ffffff","image_border_radius":{"unit":"px","top":"100","right":"100","bottom":"100","left":"100","isLinked":true},"space_tablet":{"unit":"%","size":73},"space_mobile":{"unit":"%","size":45},"image_border_radius_mobile":{"unit":"px","top":"155","right":"155","bottom":"155","left":"155","isLinked":true}},"elements":[],"widgetType":"image"}],"isInner":false},{"id":"1832e5db","elType":"column","settings":{"_column_size":33,"_inline_size":null,"_inline_size_tablet":40},"elements":[{"id":"32180b97","elType":"widget","settings":{"title":"Digital Design","percent":{"unit":"%","size":80},"inner_text":"","bar_color":"#ffffff","bar_bg_color":"#212121","bar_inline_color":"#000000","title_color":"#000000","typography_typography":"custom","typography_font_size":{"unit":"px","size":20},"typography_font_weight":"600","typography_text_transform":"uppercase"},"elements":[],"widgetType":"progress"},{"id":"73aecbc9","elType":"widget","settings":{"title":"Marketing","inner_text":"","bar_color":"#ffffff","bar_bg_color":"#212121","bar_inline_color":"#000000","title_color":"#000000","typography_typography":"custom","typography_font_size":{"unit":"px","size":20},"typography_font_weight":"600","typography_text_transform":"uppercase"},"elements":[],"widgetType":"progress"},{"id":"39b51a04","elType":"widget","settings":{"editor":"<p>I am text block. Click edit button to change this text. Lorem ipsum dolor sit amet, consectetur adipiscing elit. Ut elit tellus, luctus nec.<\/p>","text_color":"#bfbfbf","typography_typography":"custom","typography_font_size":{"unit":"px","size":15},"typography_font_weight":"300","typography_line_height":{"unit":"em","size":2}},"elements":[],"widgetType":"text-editor"}],"isInner":false}],"isInner":false}],"page_settings":[]}