{"content":[{"id":"2eed9552","elType":"section","settings":{"gap":"no","custom_height":{"unit":"px","size":700},"content_position":"middle","background_color":"#ffffff","background_color_stop":{"unit":"%","size":50},"background_color_b":"#000000","background_color_b_stop":{"unit":"%","size":50},"background_gradient_angle":{"unit":"deg","size":-90},"padding":{"unit":"px","top":"100","right":"0","bottom":"100","left":"0","isLinked":false},"padding_tablet":{"unit":"px","top":"100","right":"25","bottom":"100","left":"25","isLinked":false},"padding_mobile":{"unit":"px","top":"50","right":"20","bottom":"50","left":"20","isLinked":false}},"elements":[{"id":"487ab296","elType":"column","settings":{"_column_size":100,"_inline_size":null,"padding":{"unit":"%","top":"0","right":"15","bottom":"0","left":"15","isLinked":false},"padding_mobile":{"unit":"px","top":"0","right":"0","bottom":"0","left":"0","isLinked":true}},"elements":[{"id":"2c69556f","elType":"widget","settings":{"title":"Credit Progress Bar","header_size":"h3","title_color":"#000000","typography_typography":"custom","typography_font_size":{"unit":"px","size":45},"typography_font_weight":"600","align":"center","typography_font_size_mobile":{"unit":"px","size":35}},"elements":[],"widgetType":"heading"},{"id":"2889bdc9","elType":"widget","settings":{"editor":"<p>You still have 48 Points to go before you're eligible<\/p>","text_color":"#bfbfbf","typography_typography":"custom","typography_font_size":{"unit":"px","size":15},"typography_font_weight":"300","typography_text_transform":"uppercase","align":"center","_margin":{"unit":"px","top":"-8","right":"0","bottom":"0","left":"0","isLinked":false}},"elements":[],"widgetType":"text-editor"},{"id":"6f5a8f61","elType":"widget","settings":{"title":"","percent":{"unit":"%","size":40},"inner_text":"","bar_color":"#00ce1b","bar_bg_color":"#f2f2f2","bar_inline_color":"#ffffff","title_color":"#000000","typography_typography":"custom","typography_font_size":{"unit":"px","size":20},"typography_font_weight":"600","typography_text_transform":"uppercase"},"elements":[],"widgetType":"progress"}],"isInner":false}],"isInner":false}],"page_settings":[]}