{"content":[{"id":"270262d2","elType":"section","settings":{"gap":"no","custom_height":{"unit":"px","size":700},"content_position":"middle","structure":"30","background_color":"#ffffff","background_color_stop":{"unit":"%","size":50},"background_color_b":"#000000","background_color_b_stop":{"unit":"%","size":50},"background_gradient_angle":{"unit":"deg","size":-90},"padding":{"unit":"px","top":"100","right":"0","bottom":"100","left":"0","isLinked":false},"padding_tablet":{"unit":"px","top":"100","right":"25","bottom":"100","left":"25","isLinked":false},"padding_mobile":{"unit":"px","top":"50","right":"20","bottom":"50","left":"20","isLinked":false}},"elements":[{"id":"299c6af6","elType":"column","settings":{"_column_size":33,"_inline_size":null,"padding":{"unit":"%","top":"0","right":"8","bottom":"0","left":"0","isLinked":false},"padding_mobile":{"unit":"px","top":"0","right":"0","bottom":"0","left":"0","isLinked":true}},"elements":[{"id":"78443783","elType":"widget","settings":{"title":"Graphic Design","header_size":"h4","title_color":"#000000","typography_typography":"custom","typography_font_size":{"unit":"px","size":25},"typography_font_weight":"600","align":"center"},"elements":[],"widgetType":"heading"},{"id":"792ba4f1","elType":"widget","settings":{"color":"#bfbfbf","width":{"unit":"%","size":14},"align":"center","gap":{"unit":"px","size":2}},"elements":[],"widgetType":"divider"},{"id":"38580cdc","elType":"widget","settings":{"title":"","percent":{"unit":"%","size":65},"inner_text":"","bar_color":"#000000","bar_bg_color":"#f2f2f2","bar_inline_color":"#ffffff","title_color":"#000000","typography_typography":"custom","typography_font_size":{"unit":"px","size":20},"typography_font_weight":"600","typography_text_transform":"uppercase","_border_border":"solid"},"elements":[],"widgetType":"progress"}],"isInner":false},{"id":"328db313","elType":"column","settings":{"_column_size":33,"_inline_size":null,"padding":{"unit":"%","top":"0","right":"4","bottom":"0","left":"4","isLinked":false},"padding_mobile":{"unit":"px","top":"35","right":"0","bottom":"0","left":"0","isLinked":false}},"elements":[{"id":"55b9d215","elType":"widget","settings":{"title":"UI \/ UX","header_size":"h4","title_color":"#000000","typography_typography":"custom","typography_font_size":{"unit":"px","size":25},"typography_font_weight":"600","align":"center"},"elements":[],"widgetType":"heading"},{"id":"7164c431","elType":"widget","settings":{"color":"#bfbfbf","width":{"unit":"%","size":14},"align":"center","gap":{"unit":"px","size":2}},"elements":[],"widgetType":"divider"},{"id":"5e43a12","elType":"widget","settings":{"title":"","percent":{"unit":"%","size":82},"inner_text":"","bar_color":"#000000","bar_bg_color":"#f2f2f2","bar_inline_color":"#ffffff","title_color":"#000000","typography_typography":"custom","typography_font_size":{"unit":"px","size":20},"typography_font_weight":"600","typography_text_transform":"uppercase"},"elements":[],"widgetType":"progress"}],"isInner":false},{"id":"6f8d6e8d","elType":"column","settings":{"_column_size":33,"_inline_size":null,"padding":{"unit":"%","top":"0","right":"0","bottom":"0","left":"8","isLinked":false},"padding_mobile":{"unit":"px","top":"35","right":"0","bottom":"0","left":"0","isLinked":false}},"elements":[{"id":"3d273e1","elType":"widget","settings":{"title":"Web Design","header_size":"h4","title_color":"#000000","typography_typography":"custom","typography_font_size":{"unit":"px","size":25},"typography_font_weight":"600","align":"center"},"elements":[],"widgetType":"heading"},{"id":"1eb0bbb8","elType":"widget","settings":{"color":"#bfbfbf","width":{"unit":"%","size":14},"align":"center","gap":{"unit":"px","size":2}},"elements":[],"widgetType":"divider"},{"id":"23084c7f","elType":"widget","settings":{"title":"","percent":{"unit":"%","size":74},"inner_text":"","bar_color":"#000000","bar_bg_color":"#f2f2f2","bar_inline_color":"#ffffff","title_color":"#000000","typography_typography":"custom","typography_font_size":{"unit":"px","size":20},"typography_font_weight":"600","typography_text_transform":"uppercase"},"elements":[],"widgetType":"progress"}],"isInner":false}],"isInner":false}],"page_settings":[]}