{"content":[{"id":"782295a","elType":"section","settings":{"gap":"no","custom_height":{"unit":"px","size":700},"content_position":"middle","background_color":"#ffffff","background_color_stop":{"unit":"%","size":50},"background_color_b":"#000000","background_color_b_stop":{"unit":"%","size":50},"background_gradient_angle":{"unit":"deg","size":-90},"padding":{"unit":"px","top":"100","right":"0","bottom":"100","left":"0","isLinked":false},"padding_tablet":{"unit":"px","top":"100","right":"25","bottom":"100","left":"25","isLinked":false},"padding_mobile":{"unit":"px","top":"50","right":"20","bottom":"50","left":"20","isLinked":false}},"elements":[{"id":"63c6ac9","elType":"column","settings":{"_column_size":100,"_inline_size":null,"padding":{"unit":"%","top":"0","right":"25","bottom":"0","left":"25","isLinked":false},"padding_tablet":{"unit":"px","top":"0","right":"155","bottom":"0","left":"155","isLinked":false},"padding_mobile":{"unit":"px","top":"0","right":"0","bottom":"0","left":"0","isLinked":true}},"elements":[{"id":"6966e5a8","elType":"widget","settings":{"title":"Please wait while site is loading...","header_size":"h3","title_color":"#000000","typography_typography":"custom","typography_font_size":{"unit":"px","size":14},"typography_font_weight":"300","align":"center"},"elements":[],"widgetType":"heading"},{"id":"6c2ce4f5","elType":"widget","settings":{"title":"","percent":{"unit":"%","size":85},"inner_text":"","bar_color":"#00ce1b","bar_bg_color":"#f2f2f2","bar_inline_color":"#ffffff","title_color":"#000000","typography_typography":"custom","typography_font_size":{"unit":"px","size":20},"typography_font_weight":"600","typography_text_transform":"uppercase","_border_border":"solid","_border_width":{"unit":"px","top":"1","right":"1","bottom":"1","left":"1","isLinked":true},"_border_color":"#00ce1b"},"elements":[],"widgetType":"progress"},{"id":"16407ebb","elType":"widget","settings":{"color":"#bfbfbf","width":{"unit":"%","size":4},"align":"center","gap":{"unit":"px","size":2}},"elements":[],"widgetType":"divider"}],"isInner":false}],"isInner":false}],"page_settings":[]}