{"content":[{"id":"530eeab3","elType":"section","settings":{"gap":"no","custom_height":{"unit":"px","size":900},"content_position":"middle","structure":"30","padding":{"unit":"px","top":"100","right":"0","bottom":"100","left":"0","isLinked":false},"padding_tablet":{"unit":"px","top":"100","right":"25","bottom":"100","left":"25","isLinked":false},"padding_mobile":{"unit":"px","top":"50","right":"20","bottom":"50","left":"20","isLinked":false}},"elements":[{"id":"43c29118","elType":"column","settings":{"_column_size":33,"_inline_size":null,"padding":{"unit":"px","top":"25","right":"25","bottom":"25","left":"25","isLinked":true},"padding_tablet":{"unit":"px","top":"10","right":"10","bottom":"10","left":"10","isLinked":true},"padding_mobile":{"unit":"px","top":"0","right":"0","bottom":"0","left":"0","isLinked":true}},"elements":[{"id":"686222cb","elType":"widget","settings":{"icon":"fa fa-pencil","title_text":"Design","description_text":"Click edit button to change this text. Lorem ipsum dolor sit amet, consectetur adipiscing elit.","primary_color":"#000000","icon_size":{"unit":"px","size":30},"text_align":"center","title_bottom_space":{"unit":"px","size":5},"title_color":"#000000","title_typography_typography":"custom","title_typography_font_size":{"unit":"px","size":25},"title_typography_font_weight":"600","title_typography_text_transform":"uppercase","description_color":"#bfbfbf","description_typography_typography":"custom","description_typography_font_size":{"unit":"px","size":15},"description_typography_font_weight":"300","description_typography_line_height":{"unit":"em","size":1.6},"title_typography_font_size_mobile":{"unit":"px","size":20}},"elements":[],"widgetType":"icon-box"},{"id":"471b2a90","elType":"widget","settings":{"icon":"fa fa-bullseye","title_text":"Marketing","description_text":"Click edit button to change this text. Lorem ipsum dolor sit amet, consectetur adipiscing elit.","primary_color":"#000000","icon_size":{"unit":"px","size":30},"text_align":"center","title_bottom_space":{"unit":"px","size":5},"title_color":"#000000","title_typography_typography":"custom","title_typography_font_size":{"unit":"px","size":25},"title_typography_font_weight":"600","title_typography_text_transform":"uppercase","description_color":"#bfbfbf","description_typography_typography":"custom","description_typography_font_size":{"unit":"px","size":15},"description_typography_font_weight":"300","_padding":{"unit":"px","top":"55","right":"0","bottom":"0","left":"0","isLinked":false},"description_typography_line_height":{"unit":"em","size":1.6},"title_typography_font_size_mobile":{"unit":"px","size":20},"_padding_mobile":{"unit":"px","top":"15","right":"0","bottom":"0","left":"0","isLinked":false}},"elements":[],"widgetType":"icon-box"}],"isInner":false},{"id":"272d7edb","elType":"column","settings":{"_column_size":33,"_inline_size":null,"padding":{"unit":"px","top":"25","right":"25","bottom":"25","left":"25","isLinked":true},"padding_tablet":{"unit":"px","top":"0","right":"0","bottom":"0","left":"0","isLinked":true},"padding_mobile":{"unit":"px","top":"15","right":"0","bottom":"15","left":"0","isLinked":false}},"elements":[{"id":"3efc5a4b","elType":"widget","settings":{"image":{"id":"5803","url":"https:\/\/library.elementor.com\/wp-content\/uploads\/2018\/03\/phone-x.png"},"image_size":"full"},"elements":[],"widgetType":"image"}],"isInner":false},{"id":"3346dbc3","elType":"column","settings":{"_column_size":33,"_inline_size":null,"padding":{"unit":"px","top":"25","right":"25","bottom":"25","left":"25","isLinked":true},"padding_tablet":{"unit":"px","top":"10","right":"10","bottom":"10","left":"10","isLinked":true},"padding_mobile":{"unit":"px","top":"0","right":"0","bottom":"0","left":"0","isLinked":true}},"elements":[{"id":"49d9b2cc","elType":"widget","settings":{"icon":"fa fa-codepen","title_text":"Dev System","description_text":"Click edit button to change this text. Lorem ipsum dolor sit amet, consectetur adipiscing elit.","primary_color":"#000000","icon_size":{"unit":"px","size":30},"text_align":"center","title_bottom_space":{"unit":"px","size":5},"title_color":"#000000","title_typography_typography":"custom","title_typography_font_size":{"unit":"px","size":25},"title_typography_font_weight":"600","title_typography_text_transform":"uppercase","description_color":"#bfbfbf","description_typography_typography":"custom","description_typography_font_size":{"unit":"px","size":15},"description_typography_font_weight":"300","description_typography_line_height":{"unit":"em","size":1.6},"title_typography_font_size_mobile":{"unit":"px","size":20}},"elements":[],"widgetType":"icon-box"},{"id":"4d62f3a","elType":"widget","settings":{"icon":"fa fa-bullseye","title_text":"Support","description_text":"Click edit button to change this text. Lorem ipsum dolor sit amet, consectetur adipiscing elit.","primary_color":"#000000","icon_size":{"unit":"px","size":30},"text_align":"center","title_bottom_space":{"unit":"px","size":5},"title_color":"#000000","title_typography_typography":"custom","title_typography_font_size":{"unit":"px","size":25},"title_typography_font_weight":"600","title_typography_text_transform":"uppercase","description_color":"#bfbfbf","description_typography_typography":"custom","description_typography_font_size":{"unit":"px","size":15},"description_typography_font_weight":"300","_padding":{"unit":"px","top":"55","right":"0","bottom":"0","left":"0","isLinked":false},"title_typography_font_size_mobile":{"unit":"px","size":20},"_padding_mobile":{"unit":"px","top":"15","right":"0","bottom":"0","left":"0","isLinked":false}},"elements":[],"widgetType":"icon-box"}],"isInner":false}],"isInner":false}],"page_settings":[]}