{"content":[{"id":"5cc0857","elType":"section","settings":{"gap":"no","custom_height":{"unit":"px","size":900},"content_position":"middle","structure":"20","padding":{"unit":"px","top":"100","right":"0","bottom":"100","left":"0","isLinked":false},"padding_tablet":{"unit":"px","top":"100","right":"25","bottom":"100","left":"25","isLinked":false},"padding_mobile":{"unit":"px","top":"50","right":"20","bottom":"50","left":"20","isLinked":false}},"elements":[{"id":"b2a8c14","elType":"column","settings":{"_column_size":50,"_inline_size":null,"_inline_size_tablet":100},"elements":[{"id":"48c6cf1","elType":"widget","settings":{"image":{"id":6222,"url":"https:\/\/library.elementor.com\/wp-content\/uploads\/2018\/03\/meduza2.jpg"},"image_size":"full","align_tablet":"center","space_tablet":{"unit":"%","size":100}},"elements":[],"widgetType":"image"}],"isInner":false},{"id":"15239cf","elType":"column","settings":{"_column_size":50,"_inline_size":null,"padding":{"unit":"%","top":"0","right":"0","bottom":"0","left":"10","isLinked":false},"_inline_size_tablet":100,"padding_tablet":{"unit":"px","top":"25","right":"200","bottom":"0","left":"100","isLinked":false},"padding_mobile":{"unit":"px","top":"50","right":"0","bottom":"0","left":"0","isLinked":false}},"elements":[{"id":"4373590","elType":"widget","settings":{"editor":"<p>Our gallery<\/p>","text_color":"#bfbfbf","typography_typography":"custom","typography_font_size":{"unit":"px","size":15},"typography_font_weight":"300","typography_text_transform":"uppercase"},"elements":[],"widgetType":"text-editor"},{"id":"09e3614","elType":"widget","settings":{"title":"Features to start","align":"left","title_color":"#000000","typography_typography":"custom","typography_font_size":{"unit":"px","size":65},"typography_font_weight":"600","typography_font_size_tablet":{"unit":"px","size":40},"typography_font_size_mobile":{"unit":"px","size":35},"header_size":"h3"},"elements":[],"widgetType":"heading"},{"id":"70fd505","elType":"widget","settings":{"icon":"fa fa-pencil","title_text":"Design","description_text":"Click edit button to change this text. Lorem ipsum dolor sit amet, consectetur adipiscing elit.","primary_color":"#000000","icon_size":{"unit":"px","size":25},"text_align":"left","title_bottom_space":{"unit":"px","size":5},"title_color":"#000000","title_typography_typography":"custom","title_typography_font_size":{"unit":"px","size":20},"title_typography_font_weight":"600","title_typography_text_transform":"uppercase","description_color":"#bfbfbf","description_typography_typography":"custom","description_typography_font_size":{"unit":"px","size":15},"description_typography_font_weight":"300","position":"left","title_typography_line_height":{"unit":"em","size":1},"description_typography_line_height":{"unit":"em","size":1.6},"_padding":{"unit":"px","top":"35","right":"0","bottom":"0","left":"0","isLinked":false},"_padding_tablet":{"unit":"px","top":"15","right":"0","bottom":"0","left":"0","isLinked":false},"_padding_mobile":{"unit":"px","top":"15","right":"0","bottom":"0","left":"0","isLinked":false}},"elements":[],"widgetType":"icon-box"},{"id":"4465c65","elType":"widget","settings":{"icon":"fa fa-bullseye","title_text":"Marketing","description_text":"Click edit button to change this text. Lorem ipsum dolor sit amet, consectetur adipiscing elit.","primary_color":"#000000","icon_size":{"unit":"px","size":25},"text_align":"left","title_bottom_space":{"unit":"px","size":5},"title_color":"#000000","title_typography_typography":"custom","title_typography_font_size":{"unit":"px","size":20},"title_typography_font_weight":"600","title_typography_text_transform":"uppercase","description_color":"#bfbfbf","description_typography_typography":"custom","description_typography_font_size":{"unit":"px","size":15},"description_typography_font_weight":"300","_padding":{"unit":"px","top":"35","right":"0","bottom":"0","left":"0","isLinked":false},"position":"left","title_typography_line_height":{"unit":"em","size":1},"description_typography_line_height":{"unit":"em","size":1.6},"_padding_tablet":{"unit":"px","top":"15","right":"0","bottom":"0","left":"0","isLinked":false},"_padding_mobile":{"unit":"px","top":"15","right":"0","bottom":"0","left":"0","isLinked":false}},"elements":[],"widgetType":"icon-box"},{"id":"c5ddca1","elType":"widget","settings":{"icon":"fa fa-codepen","title_text":"Dev System","description_text":"Click edit button to change this text. Lorem ipsum dolor sit amet, consectetur adipiscing elit.","primary_color":"#000000","icon_size":{"unit":"px","size":25},"text_align":"left","title_bottom_space":{"unit":"px","size":5},"title_color":"#000000","title_typography_typography":"custom","title_typography_font_size":{"unit":"px","size":20},"title_typography_font_weight":"600","title_typography_text_transform":"uppercase","description_color":"#bfbfbf","description_typography_typography":"custom","description_typography_font_size":{"unit":"px","size":15},"description_typography_font_weight":"300","position":"left","title_typography_line_height":{"unit":"em","size":1},"description_typography_line_height":{"unit":"em","size":1.6},"_padding":{"unit":"px","top":"35","right":"0","bottom":"0","left":"0","isLinked":false},"_padding_tablet":{"unit":"px","top":"15","right":"0","bottom":"0","left":"0","isLinked":false},"_padding_mobile":{"unit":"px","top":"15","right":"0","bottom":"0","left":"0","isLinked":false}},"elements":[],"widgetType":"icon-box"}],"isInner":false}],"isInner":false}],"page_settings":[]}