{"content":[{"id":"8543cd8","elType":"section","settings":{"gap":"no","height":"min-height","custom_height":{"unit":"vh","size":100},"content_position":"middle","background_background":"classic","background_color":"#0020b2","background_position":"center center","background_size":"cover","background_overlay_background":"classic","background_overlay_color":"#000000","background_overlay_opacity":{"unit":"px","size":0.65},"background_image":{"id":6268,"url":"https:\/\/library.elementor.com\/wp-content\/uploads\/2018\/03\/head51.jpg"},"custom_height_tablet":{"unit":"px","size":800},"padding_tablet":{"unit":"px","top":"0","right":"25","bottom":"0","left":"025","isLinked":false},"padding_mobile":{"unit":"px","top":"110","right":"20","bottom":"100","left":"20","isLinked":false}},"elements":[{"id":"6d209f99","elType":"column","settings":{"_column_size":100},"elements":[{"id":"1bc77940","elType":"widget","settings":{"title":"Shaping the future","align":"center","title_color":"#ffffff","typography_typography":"custom","typography_font_size":{"unit":"px","size":65},"typography_font_weight":"900","typography_line_height":{"unit":"em","size":1.2},"_padding":{"unit":"px","top":"0","right":"0","bottom":"15","left":"0","isLinked":false},"typography_font_size_mobile":{"unit":"px","size":35}},"elements":[],"widgetType":"heading"},{"id":"6c7d2361","elType":"widget","settings":{"editor":"<p>I am text block. Click edit button to change this text. Lorem ipsum dolor sit amet, consectetur adipiscing elit. Ut elit tellus, luctus nec ullamcorper mattis, pulvinar dapibus leo.<\/p>","align":"center","text_color":"rgba(255,255,255,0.49)","typography_typography":"custom","typography_font_size":{"unit":"px","size":16},"typography_font_weight":"300","typography_line_height":{"unit":"em","size":2},"_padding":{"unit":"%","top":"0","right":"12","bottom":"0","left":"12","isLinked":false},"_padding_mobile":{"unit":"px","top":"0","right":"0","bottom":"0","left":"0","isLinked":true}},"elements":[],"widgetType":"text-editor"},{"id":"41c6b592","elType":"section","settings":{"structure":"30","padding":{"unit":"px","top":"100","right":"0","bottom":"0","left":"0","isLinked":false},"gap":"wider","padding_tablet":{"unit":"px","top":"25","right":"0","bottom":"0","left":"0","isLinked":false}},"elements":[{"id":"73284eda","elType":"column","settings":{"_column_size":33,"_inline_size":null,"padding_tablet":{"unit":"px","top":"15","right":"15","bottom":"15","left":"15","isLinked":true},"padding_mobile":{"unit":"px","top":"0","right":"0","bottom":"0","left":"0","isLinked":true}},"elements":[{"id":"7c2f4c6d","elType":"widget","settings":{"view":"framed","icon":"fa fa-bookmark","shape":"square","title_text":"Advertising","description_text":"Click edit button to change this text. Lorem ipsum dolor sit amet, consectetur adipiscing elit.","primary_color":"#ffffff","icon_space":{"unit":"px","size":25},"icon_size":{"unit":"px","size":20},"icon_padding":{"unit":"px","size":10},"border_width":{"unit":"px","top":"1","right":"1","bottom":"1","left":"1","isLinked":true},"border_radius":{"unit":"px","top":"0","right":"0","bottom":"0","left":"0","isLinked":true},"hover_animation":"grow","title_bottom_space":{"unit":"px","size":15},"title_color":"#ffffff","title_typography_typography":"custom","title_typography_font_size":{"unit":"px","size":24},"title_typography_font_weight":"600","description_color":"rgba(255,255,255,0.55)","description_typography_typography":"custom","description_typography_font_size":{"unit":"px","size":14},"description_typography_font_weight":"300","description_typography_line_height":{"unit":"em","size":1.8},"icon_size_mobile":{"unit":"px","size":15}},"elements":[],"widgetType":"icon-box"}],"isInner":true},{"id":"5d908099","elType":"column","settings":{"_column_size":33,"_inline_size":null,"padding_tablet":{"unit":"px","top":"15","right":"15","bottom":"15","left":"15","isLinked":true},"padding_mobile":{"unit":"px","top":"25","right":"0","bottom":"0","left":"0","isLinked":false}},"elements":[{"id":"665a13f9","elType":"widget","settings":{"view":"framed","icon":"fa fa-pencil","shape":"square","title_text":"Design","description_text":"Click edit button to change this text. Lorem ipsum dolor sit amet, consectetur adipiscing elit.","primary_color":"#ffffff","icon_space":{"unit":"px","size":25},"icon_size":{"unit":"px","size":20},"icon_padding":{"unit":"px","size":10},"border_width":{"unit":"px","top":"1","right":"1","bottom":"1","left":"1","isLinked":true},"border_radius":{"unit":"px","top":"0","right":"0","bottom":"0","left":"0","isLinked":true},"hover_animation":"grow","title_bottom_space":{"unit":"px","size":15},"title_color":"#ffffff","title_typography_typography":"custom","title_typography_font_size":{"unit":"px","size":24},"title_typography_font_weight":"600","description_color":"rgba(255,255,255,0.55)","description_typography_typography":"custom","description_typography_font_size":{"unit":"px","size":14},"description_typography_font_weight":"300","description_typography_line_height":{"unit":"em","size":1.8},"icon_size_mobile":{"unit":"px","size":15},"_padding_mobile":{"unit":"px","top":"0","right":"0","bottom":"0","left":"0","isLinked":true}},"elements":[],"widgetType":"icon-box"}],"isInner":true},{"id":"4b770ae9","elType":"column","settings":{"_column_size":33,"_inline_size":null,"padding_tablet":{"unit":"px","top":"15","right":"15","bottom":"15","left":"15","isLinked":true},"padding_mobile":{"unit":"px","top":"25","right":"0","bottom":"0","left":"0","isLinked":false}},"elements":[{"id":"2da6499","elType":"widget","settings":{"view":"framed","icon":"fa fa-codepen","shape":"square","title_text":"Dev System","description_text":"Click edit button to change this text. Lorem ipsum dolor sit amet, consectetur adipiscing elit.","primary_color":"#ffffff","icon_space":{"unit":"px","size":25},"icon_size":{"unit":"px","size":20},"icon_padding":{"unit":"px","size":10},"border_width":{"unit":"px","top":"1","right":"1","bottom":"1","left":"1","isLinked":true},"border_radius":{"unit":"px","top":"0","right":"0","bottom":"0","left":"0","isLinked":true},"hover_animation":"grow","title_bottom_space":{"unit":"px","size":15},"title_color":"#ffffff","title_typography_typography":"custom","title_typography_font_size":{"unit":"px","size":24},"title_typography_font_weight":"600","description_color":"rgba(255,255,255,0.55)","description_typography_typography":"custom","description_typography_font_size":{"unit":"px","size":14},"description_typography_font_weight":"300","description_typography_line_height":{"unit":"em","size":1.8},"icon_size_mobile":{"unit":"px","size":15},"_padding_mobile":{"unit":"px","top":"0","right":"0","bottom":"0","left":"0","isLinked":true}},"elements":[],"widgetType":"icon-box"}],"isInner":true}],"isInner":true}],"isInner":false}],"isInner":false}],"page_settings":[]}