{"content":[{"id":"ycjvvaw","elType":"section","settings":{"section_layout":"","stretch_section":"","layout":"full_width","content_width":{"unit":"px","size":""},"gap":"no","height":"min-height","custom_height":{"unit":"px","size":""},"column_position":"stretch","content_position":"middle","structure":"20","section_background":"","background_background":"none","background_color":"","background_image":{"url":"","id":""},"background_position":"","background_attachment":"","background_repeat":"","background_size":"","background_video_link":"","background_video_fallback":{"url":"","id":""},"background_overlay_section":"","background_overlay_background":"","background_overlay_color":"","background_overlay_image":{"url":"","id":""},"background_overlay_position":"","background_overlay_attachment":"","background_overlay_repeat":"","background_overlay_size":"","background_overlay_video_link":"","background_overlay_video_fallback":{"url":"","id":""},"background_overlay_opacity":{"unit":"px","size":0.5},"section_border":"","border_border":"","border_width":{"unit":"px","top":"","right":"","bottom":"","left":"","isLinked":true},"border_color":"","border_radius":{"unit":"px","top":"","right":"","bottom":"","left":"","isLinked":true},"box_shadow_box_shadow_type":"","box_shadow_box_shadow":{"horizontal":0,"vertical":0,"blur":10,"spread":0,"inset":"","color":"rgba(0,0,0,0.5)"},"section_typo":"","heading_color":"","color_text":"","color_link":"","color_link_hover":"","text_align":"","section_advanced":"","margin":{"unit":"px","top":"65","right":0,"bottom":"85","left":0,"isLinked":false},"margin_tablet":{"unit":"px","top":"","right":"","bottom":"","left":"","isLinked":true},"margin_mobile":{"unit":"px","top":"","right":"","bottom":"","left":"","isLinked":true},"padding":{"unit":"px","top":"","right":"","bottom":"","left":"","isLinked":true},"padding_tablet":{"unit":"px","top":"","right":"","bottom":"","left":"","isLinked":true},"padding_mobile":{"unit":"px","top":"","right":"","bottom":"","left":"","isLinked":true},"animation":"","animation_duration":"","css_classes":"","_section_responsive":"","reverse_order_mobile":"","heading_visibility":"","responsive_description":"","hide_desktop":"","hide_tablet":"","hide_mobile":"","section_custom_css":"","custom_css":"","custom_css_description":"","section_custom_css_pro":"","custom_css_pro":""},"elements":[{"id":"tnrbnbp","elType":"column","settings":{"_inline_size":null,"_column_size":50,"section_style":"","background_background":"classic","background_color":"#e0c387","background_image":{"url":"","id":""},"background_position":"","background_attachment":"","background_repeat":"","background_size":"cover","background_video_link":"","background_video_fallback":{"url":"","id":""},"border_border":"","border_width":{"unit":"px","top":"","right":"","bottom":"","left":"","isLinked":true},"border_color":"","border_radius":{"unit":"px","top":"","right":"","bottom":"","left":"","isLinked":true},"box_shadow_box_shadow_type":"","box_shadow_box_shadow":{"horizontal":0,"vertical":0,"blur":10,"spread":0,"inset":"","color":"rgba(0,0,0,0.5)"},"section_background_overlay":"","background_overlay_background":"none","background_overlay_color":"","background_overlay_image":{"url":"","id":""},"background_overlay_position":"","background_overlay_attachment":"","background_overlay_repeat":"","background_overlay_size":"","background_overlay_video_link":"","background_overlay_video_fallback":{"url":"","id":""},"background_overlay_opacity":{"unit":"px","size":0.71},"section_typo":"","heading_color":"","color_text":"","color_link":"","color_link_hover":"","text_align":"","section_advanced":"","margin":{"unit":"px","top":"","right":"","bottom":"","left":"","isLinked":true},"margin_tablet":{"unit":"px","top":"","right":"","bottom":"","left":"","isLinked":true},"margin_mobile":{"unit":"px","top":"","right":"","bottom":"","left":"","isLinked":true},"padding":{"unit":"px","top":"70","right":"0","bottom":"70","left":"120","isLinked":false},"padding_tablet":{"unit":"px","top":"60","right":"0","bottom":"60","left":"45","isLinked":false},"padding_mobile":{"unit":"px","top":"50","right":"0","bottom":"50","left":"30","isLinked":false},"animation":"","animation_duration":"","css_classes":"","section_responsive":"","screen_sm":"default","screen_sm_width":"100","screen_xs":"default","screen_xs_width":"100","section_custom_css":"","custom_css":"","custom_css_description":"","section_custom_css_pro":"","custom_css_pro":""},"elements":[{"id":"uxcixrj","elType":"widget","settings":{"section_form_fields":"","form_name":"Sample Form","form_fields":[{"field_type":"text","field_label":"Name","placeholder":"Name","width":"33","required":"","field_options":"","inline_list":"","width_tablet":"","width_mobile":"","rows":4,"recaptcha_size":"normal","recaptcha_style":"light","css_classes":"","_id":"qi8lqp1","custom_id":"qi8lqp1"},{"field_type":"email","required":true,"field_label":"Email","placeholder":"Email","width":"33","field_options":"","inline_list":"","width_tablet":"","width_mobile":"","rows":4,"recaptcha_size":"normal","recaptcha_style":"light","css_classes":"","_id":"8b28ttw","custom_id":"8b28ttw"},{"field_type":"tel","field_label":"Tel","placeholder":"Tel","required":"","field_options":"","inline_list":"","width":"33","width_tablet":"","width_mobile":"","rows":4,"recaptcha_size":"normal","recaptcha_style":"light","css_classes":"","_id":"2gd0qrk","custom_id":"2gd0qrk"},{"field_type":"textarea","field_label":"Message","placeholder":"Message","width":"100","required":"","field_options":"","inline_list":"","width_tablet":"","width_mobile":"","rows":"6","recaptcha_size":"normal","recaptcha_style":"light","css_classes":"","_id":"1qsba9v","custom_id":"1qsba9v"}],"input_size":"md","show_labels":"","label_position":"above","section_submit_button":"","button_text":"Send","button_size":"md","button_width":"100","button_width_tablet":"","button_width_mobile":"","button_align":"stretch","button_align_tablet":"","button_align_mobile":"","button_icon":"","button_icon_align":"left","button_icon_indent":{"unit":"px","size":""},"section_form_options":"","form_metadata":["date","time","page_url","user_agent","remote_ip","credit"],"send_html":"","webhooks":"","custom_messages":"","success_message":"The message was sent successfully!","error_message":"There's something wrong... Please fill in the required fields.","required_field_message":"Required","invalid_message":"There's something wrong... The form is invalid.","section_form_style":"","column_gap":{"unit":"px","size":"20"},"row_gap":{"unit":"px","size":"20"},"heading_label":"","label_spacing":{"unit":"px","size":0},"label_color":"","label_typography_typography":"","label_typography_font_size":{"unit":"px","size":""},"label_typography_font_size_tablet":{"unit":"px","size":""},"label_typography_font_size_mobile":{"unit":"px","size":""},"label_typography_font_family":"","label_typography_font_weight":"","label_typography_text_transform":"","label_typography_font_style":"","label_typography_line_height":{"unit":"em","size":""},"label_typography_line_height_tablet":{"unit":"em","size":""},"label_typography_line_height_mobile":{"unit":"em","size":""},"label_typography_letter_spacing":{"unit":"px","size":""},"label_typography_letter_spacing_tablet":{"unit":"px","size":""},"label_typography_letter_spacing_mobile":{"unit":"px","size":""},"section_field_style":"","field_text_color":"","field_typography_typography":"","field_typography_font_size":{"unit":"px","size":""},"field_typography_font_size_tablet":{"unit":"px","size":""},"field_typography_font_size_mobile":{"unit":"px","size":""},"field_typography_font_family":"","field_typography_font_weight":"","field_typography_text_transform":"","field_typography_font_style":"","field_typography_line_height":{"unit":"em","size":""},"field_typography_line_height_tablet":{"unit":"em","size":""},"field_typography_line_height_mobile":{"unit":"em","size":""},"field_typography_letter_spacing":{"unit":"px","size":""},"field_typography_letter_spacing_tablet":{"unit":"px","size":""},"field_typography_letter_spacing_mobile":{"unit":"px","size":""},"field_background_color":"rgba(191,201,209,0.26)","field_border_color":"","field_border_width":{"unit":"px","top":"0","right":"0","bottom":"0","left":"0","isLinked":true},"field_border_radius":{"unit":"px","top":"0","right":"0","bottom":"0","left":"0","isLinked":true},"section_button_style":"","tabs_button_style":"","tab_button_normal":"","button_text_color":"","button_typography_typography":"custom","button_typography_font_size":{"unit":"px","size":""},"button_typography_font_size_tablet":{"unit":"px","size":""},"button_typography_font_size_mobile":{"unit":"px","size":""},"button_typography_font_family":"","button_typography_font_weight":"","button_typography_text_transform":"uppercase","button_typography_font_style":"","button_typography_line_height":{"unit":"em","size":""},"button_typography_line_height_tablet":{"unit":"em","size":""},"button_typography_line_height_mobile":{"unit":"em","size":""},"button_typography_letter_spacing":{"unit":"px","size":""},"button_typography_letter_spacing_tablet":{"unit":"px","size":""},"button_typography_letter_spacing_mobile":{"unit":"px","size":""},"button_background_color":"#002949","button_border_border":"","button_border_width":{"unit":"px","top":"","right":"","bottom":"","left":"","isLinked":true},"button_border_color":"","button_border_radius":{"unit":"px","top":"0","right":"0","bottom":"0","left":"0","isLinked":true},"button_text_padding":{"unit":"px","top":"","right":"","bottom":"","left":"","isLinked":true},"tab_button_hover":"","button_hover_color":"","button_background_hover_color":"#e0c387","button_hover_border_color":"","button_hover_animation":"","_section_style":"","_margin":{"unit":"px","top":"0","right":"-100","bottom":"0","left":"0","isLinked":false},"_margin_tablet":{"unit":"px","top":"","right":"","bottom":"","left":"","isLinked":true},"_margin_mobile":{"unit":"px","top":"0","right":"0","bottom":"0","left":"0","isLinked":true},"_padding":{"unit":"px","top":"55","right":"55","bottom":"55","left":"55","isLinked":true},"_padding_tablet":{"unit":"px","top":"","right":"","bottom":"","left":"","isLinked":true},"_padding_mobile":{"unit":"px","top":"30","right":"30","bottom":"30","left":"30","isLinked":true},"_animation":"","animation_duration":"","_css_classes":"","_section_background":"","_background_background":"classic","_background_color":"#ffffff","_background_image":{"url":"","id":""},"_background_position":"","_background_attachment":"","_background_repeat":"","_background_size":"","_background_video_link":"","_background_video_fallback":{"url":"","id":""},"_border_border":"","_border_width":{"unit":"px","top":"","right":"","bottom":"","left":"","isLinked":true},"_border_color":"","_border_radius":{"unit":"px","top":"","right":"","bottom":"","left":"","isLinked":true},"_box_shadow_box_shadow_type":"outset","_box_shadow_box_shadow":{"horizontal":0,"vertical":0,"blur":"50","spread":0,"inset":"","color":"rgba(0,0,0,0.19)"},"_section_responsive":"","responsive_description":"","hide_desktop":"","hide_tablet":"","hide_mobile":"","section_custom_css":"","custom_css":"","custom_css_description":"","section_custom_css_pro":"","custom_css_pro":"","mark_required":"yes","mark_required_color":"","submit_actions":["email"]},"elements":[],"widgetType":"form"}],"isInner":false},{"id":"pxjbgft","elType":"column","settings":{"_inline_size":null,"_column_size":50,"section_style":"","background_background":"none","background_color":"#ffffff","background_image":{"url":"","id":""},"background_position":"","background_attachment":"","background_repeat":"","background_size":"","background_video_link":"","background_video_fallback":{"url":"","id":""},"border_border":"","border_width":{"unit":"px","top":"","right":"","bottom":"","left":"","isLinked":true},"border_color":"","border_radius":{"unit":"px","top":"","right":"","bottom":"","left":"","isLinked":true},"box_shadow_box_shadow_type":"","box_shadow_box_shadow":{"horizontal":0,"vertical":0,"blur":10,"spread":0,"inset":"","color":"rgba(0,0,0,0.5)"},"section_background_overlay":"","background_overlay_background":"","background_overlay_color":"","background_overlay_image":{"url":"","id":""},"background_overlay_position":"","background_overlay_attachment":"","background_overlay_repeat":"","background_overlay_size":"","background_overlay_video_link":"","background_overlay_video_fallback":{"url":"","id":""},"background_overlay_opacity":{"unit":"px","size":0.5},"section_typo":"","heading_color":"","color_text":"","color_link":"","color_link_hover":"","text_align":"","section_advanced":"","margin":{"unit":"px","top":"","right":"","bottom":"","left":"","isLinked":true},"margin_tablet":{"unit":"px","top":"","right":"","bottom":"","left":"","isLinked":true},"margin_mobile":{"unit":"px","top":"","right":"","bottom":"","left":"","isLinked":true},"padding":{"unit":"%","top":"0","right":"12","bottom":"0","left":"38","isLinked":false},"padding_tablet":{"unit":"px","top":"","right":"","bottom":"","left":"","isLinked":true},"padding_mobile":{"unit":"px","top":"50","right":"50","bottom":"50","left":"50","isLinked":true},"animation":"","animation_duration":"","css_classes":"","section_responsive":"","screen_sm":"default","screen_sm_width":"100","screen_xs":"default","screen_xs_width":"100","section_custom_css":"","custom_css":"","custom_css_description":"","section_custom_css_pro":"","custom_css_pro":""},"elements":[{"id":"sdpbqxi","elType":"widget","settings":{"section_title":"","title":"Contact Us.","link":{"is_external":"","url":""},"size":"default","header_size":"h2","align":"","align_tablet":"","align_mobile":"center","view":"traditional","section_title_style":"","title_color":"#002949","typography_typography":"custom","typography_font_size":{"unit":"px","size":43},"typography_font_size_tablet":{"unit":"px","size":""},"typography_font_size_mobile":{"unit":"px","size":""},"typography_font_family":"Poppins","typography_font_weight":"600","typography_text_transform":"","typography_font_style":"","typography_line_height":{"unit":"em","size":""},"typography_line_height_tablet":{"unit":"em","size":""},"typography_line_height_mobile":{"unit":"em","size":""},"typography_letter_spacing":{"unit":"px","size":-1.6},"typography_letter_spacing_tablet":{"unit":"px","size":""},"typography_letter_spacing_mobile":{"unit":"px","size":""},"_section_style":"","_margin":{"unit":"px","top":"","right":"","bottom":"","left":"","isLinked":true},"_margin_tablet":{"unit":"px","top":"","right":"","bottom":"","left":"","isLinked":true},"_margin_mobile":{"unit":"px","top":"","right":"","bottom":"","left":"","isLinked":true},"_padding":{"unit":"px","top":"","right":"","bottom":"","left":"","isLinked":true},"_padding_tablet":{"unit":"px","top":"","right":"","bottom":"","left":"","isLinked":true},"_padding_mobile":{"unit":"px","top":"","right":"","bottom":"","left":"","isLinked":true},"_animation":"","animation_duration":"","_css_classes":"","_section_background":"","_background_background":"","_background_color":"","_background_image":{"url":"","id":""},"_background_position":"","_background_attachment":"","_background_repeat":"","_background_size":"","_background_video_link":"","_background_video_fallback":{"url":"","id":""},"_border_border":"","_border_width":{"unit":"px","top":"","right":"","bottom":"","left":"","isLinked":true},"_border_color":"","_border_radius":{"unit":"px","top":"","right":"","bottom":"","left":"","isLinked":true},"_box_shadow_box_shadow_type":"","_box_shadow_box_shadow":{"horizontal":0,"vertical":0,"blur":10,"spread":0,"inset":"","color":"rgba(0,0,0,0.5)"},"_section_responsive":"","responsive_description":"","hide_desktop":"","hide_tablet":"","hide_mobile":"","section_custom_css":"","custom_css":"","custom_css_description":"","section_custom_css_pro":"","custom_css_pro":""},"elements":[],"widgetType":"heading"},{"id":"vkyuxap","elType":"widget","settings":{"section_divider":"","style":"solid","weight":{"unit":"px","size":"3"},"color":"#e0c387","width":{"unit":"%","size":12},"align":"","align_tablet":"","align_mobile":"center","gap":{"unit":"px","size":15},"view":"traditional","_section_style":"","_margin":{"unit":"px","top":"","right":"","bottom":"","left":"","isLinked":true},"_margin_tablet":{"unit":"px","top":"","right":"","bottom":"","left":"","isLinked":true},"_margin_mobile":{"unit":"px","top":"","right":"","bottom":"","left":"","isLinked":true},"_padding":{"unit":"px","top":"","right":"","bottom":"","left":"","isLinked":true},"_padding_tablet":{"unit":"px","top":"","right":"","bottom":"","left":"","isLinked":true},"_padding_mobile":{"unit":"px","top":"","right":"","bottom":"","left":"","isLinked":true},"_animation":"","animation_duration":"","_css_classes":"","_section_background":"","_background_background":"","_background_color":"","_background_image":{"url":"","id":""},"_background_position":"","_background_attachment":"","_background_repeat":"","_background_size":"","_background_video_link":"","_background_video_fallback":{"url":"","id":""},"_border_border":"","_border_width":{"unit":"px","top":"","right":"","bottom":"","left":"","isLinked":true},"_border_color":"","_border_radius":{"unit":"px","top":"","right":"","bottom":"","left":"","isLinked":true},"_box_shadow_box_shadow_type":"","_box_shadow_box_shadow":{"horizontal":0,"vertical":0,"blur":10,"spread":0,"inset":"","color":"rgba(0,0,0,0.5)"},"_section_responsive":"","responsive_description":"","hide_desktop":"","hide_tablet":"","hide_mobile":"","section_custom_css":"","custom_css":"","custom_css_description":"","section_custom_css_pro":"","custom_css_pro":""},"elements":[],"widgetType":"divider"},{"id":"tcarknp","elType":"widget","settings":{"section_icon":"","icon_list":[{"text":"+44 20 5540 1234","icon":"fa fa-phone","link":{"is_external":"","url":""},"_id":"kxo82hb"},{"text":"+44 35 9998 3245","icon":"fa fa-mobile-phone","link":{"is_external":"","url":""},"_id":"89z2tky"},{"text":"+44 20 5540 4433","icon":"fa fa-fax","link":{"is_external":"","url":""},"_id":"zi1l66f"}],"view":"traditional","section_icon_style":"","icon_color":"rgba(0,41,73,0.38)","icon_size":{"unit":"px","size":14},"icon_align":"","icon_align_tablet":"","icon_align_mobile":"center","section_text_style":"","text_indent":{"unit":"px","size":7},"text_color":"rgba(0,41,73,0.38)","icon_typography_typography":"custom","icon_typography_font_size":{"unit":"px","size":""},"icon_typography_font_size_tablet":{"unit":"px","size":""},"icon_typography_font_size_mobile":{"unit":"px","size":""},"icon_typography_font_family":"Lora","icon_typography_font_weight":"","icon_typography_text_transform":"","icon_typography_font_style":"","icon_typography_line_height":{"unit":"em","size":2.3},"icon_typography_line_height_tablet":{"unit":"em","size":""},"icon_typography_line_height_mobile":{"unit":"em","size":""},"icon_typography_letter_spacing":{"unit":"px","size":""},"icon_typography_letter_spacing_tablet":{"unit":"px","size":""},"icon_typography_letter_spacing_mobile":{"unit":"px","size":""},"_section_style":"","_margin":{"unit":"px","top":"","right":"","bottom":"","left":"","isLinked":true},"_margin_tablet":{"unit":"px","top":"","right":"","bottom":"","left":"","isLinked":true},"_margin_mobile":{"unit":"px","top":"","right":"","bottom":"","left":"","isLinked":true},"_padding":{"unit":"px","top":"","right":"","bottom":"","left":"","isLinked":true},"_padding_tablet":{"unit":"px","top":"","right":"","bottom":"","left":"","isLinked":true},"_padding_mobile":{"unit":"px","top":"","right":"","bottom":"","left":"","isLinked":true},"_animation":"","animation_duration":"","_css_classes":"","_section_background":"","_background_background":"","_background_color":"","_background_image":{"url":"","id":""},"_background_position":"","_background_attachment":"","_background_repeat":"","_background_size":"","_background_video_link":"","_background_video_fallback":{"url":"","id":""},"_border_border":"","_border_width":{"unit":"px","top":"","right":"","bottom":"","left":"","isLinked":true},"_border_color":"","_border_radius":{"unit":"px","top":"","right":"","bottom":"","left":"","isLinked":true},"_box_shadow_box_shadow_type":"","_box_shadow_box_shadow":{"horizontal":0,"vertical":0,"blur":10,"spread":0,"inset":"","color":"rgba(0,0,0,0.5)"},"_section_responsive":"","responsive_description":"","hide_desktop":"","hide_tablet":"","hide_mobile":"","section_custom_css":"","custom_css":"","custom_css_description":"","section_custom_css_pro":"","custom_css_pro":""},"elements":[],"widgetType":"icon-list"}],"isInner":false}],"isInner":false},{"id":"gntouxv","elType":"section","settings":{"section_layout":"","stretch_section":"","layout":"full_width","content_width":{"unit":"px","size":""},"gap":"no","height":"default","custom_height":{"unit":"px","size":400},"column_position":"middle","content_position":"","structure":"10","section_background":"","background_background":"","background_color":"","background_image":{"url":"","id":""},"background_position":"","background_attachment":"","background_repeat":"","background_size":"","background_video_link":"","background_video_fallback":{"url":"","id":""},"background_overlay_section":"","background_overlay_background":"","background_overlay_color":"","background_overlay_image":{"url":"","id":""},"background_overlay_position":"","background_overlay_attachment":"","background_overlay_repeat":"","background_overlay_size":"","background_overlay_video_link":"","background_overlay_video_fallback":{"url":"","id":""},"background_overlay_opacity":{"unit":"px","size":0.5},"section_border":"","border_border":"","border_width":{"unit":"px","top":"","right":"","bottom":"","left":"","isLinked":true},"border_color":"","border_radius":{"unit":"px","top":"","right":"","bottom":"","left":"","isLinked":true},"box_shadow_box_shadow_type":"","box_shadow_box_shadow":{"horizontal":0,"vertical":0,"blur":10,"spread":0,"inset":"","color":"rgba(0,0,0,0.5)"},"section_typo":"","heading_color":"","color_text":"","color_link":"","color_link_hover":"","text_align":"","section_advanced":"","margin":{"unit":"px","top":"","right":"","bottom":"","left":"","isLinked":true},"margin_tablet":{"unit":"px","top":"","right":"","bottom":"","left":"","isLinked":true},"margin_mobile":{"unit":"px","top":"","right":"","bottom":"","left":"","isLinked":true},"padding":{"unit":"px","top":"","right":"","bottom":"","left":"","isLinked":true},"padding_tablet":{"unit":"px","top":"","right":"","bottom":"","left":"","isLinked":true},"padding_mobile":{"unit":"px","top":"","right":"","bottom":"","left":"","isLinked":true},"animation":"","animation_duration":"","css_classes":"","_section_responsive":"","reverse_order_mobile":"","heading_visibility":"","responsive_description":"","hide_desktop":"","hide_tablet":"","hide_mobile":"","section_custom_css":"","custom_css":"","custom_css_description":"","section_custom_css_pro":"","custom_css_pro":""},"elements":[{"id":"ymeasdh","elType":"column","settings":{"_inline_size":null,"_column_size":100,"section_style":"","background_background":"","background_color":"","background_image":{"url":"","id":""},"background_position":"","background_attachment":"","background_repeat":"","background_size":"","background_video_link":"","background_video_fallback":{"url":"","id":""},"border_border":"","border_width":{"unit":"px","top":"","right":"","bottom":"","left":"","isLinked":true},"border_color":"","border_radius":{"unit":"px","top":"","right":"","bottom":"","left":"","isLinked":true},"box_shadow_box_shadow_type":"","box_shadow_box_shadow":{"horizontal":0,"vertical":0,"blur":10,"spread":0,"inset":"","color":"rgba(0,0,0,0.5)"},"section_background_overlay":"","background_overlay_background":"","background_overlay_color":"","background_overlay_image":{"url":"","id":""},"background_overlay_position":"","background_overlay_attachment":"","background_overlay_repeat":"","background_overlay_size":"","background_overlay_video_link":"","background_overlay_video_fallback":{"url":"","id":""},"background_overlay_opacity":{"unit":"px","size":0.5},"section_typo":"","heading_color":"","color_text":"","color_link":"","color_link_hover":"","text_align":"","section_advanced":"","margin":{"unit":"px","top":"","right":"","bottom":"","left":"","isLinked":true},"margin_tablet":{"unit":"px","top":"","right":"","bottom":"","left":"","isLinked":true},"margin_mobile":{"unit":"px","top":"","right":"","bottom":"","left":"","isLinked":true},"padding":{"unit":"px","top":"","right":"","bottom":"","left":"","isLinked":true},"padding_tablet":{"unit":"px","top":"","right":"","bottom":"","left":"","isLinked":true},"padding_mobile":{"unit":"px","top":"","right":"","bottom":"","left":"","isLinked":true},"animation":"","animation_duration":"","css_classes":"","section_responsive":"","screen_sm":"default","screen_sm_width":"100","screen_xs":"default","screen_xs_width":"100","section_custom_css":"","custom_css":"","custom_css_description":"","section_custom_css_pro":"","custom_css_pro":""},"elements":[{"id":"anhibkj","elType":"widget","settings":{"section_title":"","title":"interior<BR>design","link":{"is_external":"","url":""},"size":"default","header_size":"h2","align":"right","align_tablet":"","align_mobile":"","view":"traditional","section_title_style":"","title_color":"rgba(191,201,209,0.34)","typography_typography":"custom","typography_font_size":{"unit":"px","size":"161"},"typography_font_size_tablet":{"unit":"px","size":"135"},"typography_font_size_mobile":{"unit":"px","size":"76"},"typography_font_family":"Poppins","typography_font_weight":"600","typography_text_transform":"uppercase","typography_font_style":"","typography_line_height":{"unit":"em","size":0.9},"typography_line_height_tablet":{"unit":"em","size":""},"typography_line_height_mobile":{"unit":"em","size":""},"typography_letter_spacing":{"unit":"px","size":-4.4},"typography_letter_spacing_tablet":{"unit":"px","size":""},"typography_letter_spacing_mobile":{"unit":"px","size":""},"_section_style":"","_margin":{"unit":"px","top":"","right":"","bottom":"","left":"","isLinked":true},"_margin_tablet":{"unit":"px","top":"","right":"","bottom":"","left":"","isLinked":true},"_margin_mobile":{"unit":"px","top":"","right":"","bottom":"","left":"","isLinked":true},"_padding":{"unit":"px","top":"","right":"","bottom":"","left":"","isLinked":true},"_padding_tablet":{"unit":"px","top":"","right":"","bottom":"","left":"","isLinked":true},"_padding_mobile":{"unit":"px","top":"","right":"","bottom":"","left":"","isLinked":true},"_animation":"","animation_duration":"","_css_classes":"","_section_background":"","_background_background":"","_background_color":"","_background_image":{"url":"","id":""},"_background_position":"","_background_attachment":"","_background_repeat":"","_background_size":"","_background_video_link":"","_background_video_fallback":{"url":"","id":""},"_border_border":"","_border_width":{"unit":"px","top":"","right":"","bottom":"","left":"","isLinked":true},"_border_color":"","_border_radius":{"unit":"px","top":"","right":"","bottom":"","left":"","isLinked":true},"_box_shadow_box_shadow_type":"","_box_shadow_box_shadow":{"horizontal":0,"vertical":0,"blur":10,"spread":0,"inset":"","color":"rgba(0,0,0,0.5)"},"_section_responsive":"","responsive_description":"","hide_desktop":"","hide_tablet":"","hide_mobile":"","section_custom_css":"","custom_css":"","custom_css_description":"","section_custom_css_pro":"","custom_css_pro":""},"elements":[],"widgetType":"heading"}],"isInner":false}],"isInner":false},{"id":"hakpnsg","elType":"section","settings":{"section_layout":"","stretch_section":"","layout":"boxed","content_width":{"unit":"px","size":"1040"},"gap":"no","height":"default","custom_height":{"unit":"px","size":400},"column_position":"middle","content_position":"","structure":"30","section_background":"","background_background":"classic","background_color":"#ffffff","background_image":{"url":"","id":""},"background_position":"","background_attachment":"","background_repeat":"","background_size":"","background_video_link":"","background_video_fallback":{"url":"","id":""},"background_overlay_section":"","background_overlay_background":"","background_overlay_color":"","background_overlay_image":{"url":"","id":""},"background_overlay_position":"","background_overlay_attachment":"","background_overlay_repeat":"","background_overlay_size":"","background_overlay_video_link":"","background_overlay_video_fallback":{"url":"","id":""},"background_overlay_opacity":{"unit":"px","size":0.5},"section_border":"","border_border":"","border_width":{"unit":"px","top":"","right":"","bottom":"","left":"","isLinked":true},"border_color":"","border_radius":{"unit":"px","top":"","right":"","bottom":"","left":"","isLinked":true},"box_shadow_box_shadow_type":"","box_shadow_box_shadow":{"horizontal":0,"vertical":0,"blur":10,"spread":0,"inset":"","color":"rgba(0,0,0,0.5)"},"section_typo":"","heading_color":"","color_text":"","color_link":"","color_link_hover":"","text_align":"","section_advanced":"","margin":{"unit":"px","top":"-87","right":0,"bottom":"0","left":0,"isLinked":false},"margin_tablet":{"unit":"px","top":"0","right":0,"bottom":"0","left":0,"isLinked":true},"margin_mobile":{"unit":"px","top":"","right":"","bottom":"","left":"","isLinked":true},"padding":{"unit":"px","top":"140","right":"0","bottom":"100","left":"0","isLinked":false},"padding_tablet":{"unit":"px","top":"50","right":"30","bottom":"50","left":"30","isLinked":false},"padding_mobile":{"unit":"px","top":"","right":"","bottom":"","left":"","isLinked":true},"animation":"","animation_duration":"","css_classes":"","_section_responsive":"","reverse_order_mobile":"","heading_visibility":"","responsive_description":"","hide_desktop":"","hide_tablet":"","hide_mobile":"","section_custom_css":"","custom_css":"","custom_css_description":"","section_custom_css_pro":"","custom_css_pro":""},"elements":[{"id":"yzpzyiy","elType":"column","settings":{"_inline_size":null,"_column_size":33,"section_style":"","background_background":"","background_color":"","background_image":{"url":"","id":""},"background_position":"","background_attachment":"","background_repeat":"","background_size":"","background_video_link":"","background_video_fallback":{"url":"","id":""},"border_border":"","border_width":{"unit":"px","top":"","right":"","bottom":"","left":"","isLinked":true},"border_color":"","border_radius":{"unit":"px","top":"","right":"","bottom":"","left":"","isLinked":true},"box_shadow_box_shadow_type":"","box_shadow_box_shadow":{"horizontal":0,"vertical":0,"blur":10,"spread":0,"inset":"","color":"rgba(0,0,0,0.5)"},"section_background_overlay":"","background_overlay_background":"","background_overlay_color":"","background_overlay_image":{"url":"","id":""},"background_overlay_position":"","background_overlay_attachment":"","background_overlay_repeat":"","background_overlay_size":"","background_overlay_video_link":"","background_overlay_video_fallback":{"url":"","id":""},"background_overlay_opacity":{"unit":"px","size":0.5},"section_typo":"","heading_color":"","color_text":"","color_link":"","color_link_hover":"","text_align":"","section_advanced":"","margin":{"unit":"px","top":"0","right":"40","bottom":"0","left":"0","isLinked":false},"margin_tablet":{"unit":"px","top":"0","right":"20","bottom":"0","left":"0","isLinked":false},"margin_mobile":{"unit":"px","top":"0","right":"0","bottom":"0","left":"0","isLinked":true},"padding":{"unit":"px","top":"","right":"","bottom":"","left":"","isLinked":true},"padding_tablet":{"unit":"px","top":"","right":"","bottom":"","left":"","isLinked":true},"padding_mobile":{"unit":"px","top":"","right":"","bottom":"","left":"","isLinked":true},"animation":"","animation_duration":"","css_classes":"","section_responsive":"","screen_sm":"default","screen_sm_width":"100","screen_xs":"default","screen_xs_width":"100","section_custom_css":"","custom_css":"","custom_css_description":"","section_custom_css_pro":"","custom_css_pro":""},"elements":[{"id":"hqffoim","elType":"widget","settings":{"section_icon":"","view":"default","icon":"fa fa-skype","shape":"circle","title_text":"design_uk","description_text":"","link":{"is_external":"","url":""},"position":"top","title_size":"h3","section_style_icon":"","primary_color":"#bfc9d1","secondary_color":"","icon_space":{"unit":"px","size":15},"icon_size":{"unit":"px","size":""},"icon_padding":{"unit":"px","size":""},"rotate":{"unit":"deg","size":0},"border_width":{"unit":"px","top":"","right":"","bottom":"","left":"","isLinked":true},"border_radius":{"unit":"px","top":"","right":"","bottom":"","left":"","isLinked":true},"section_hover":"","hover_primary_color":"#e0c387","hover_secondary_color":"","hover_animation":"grow","section_style_content":"","text_align":"","text_align_tablet":"","text_align_mobile":"","content_vertical_alignment":"top","heading_title":"","title_bottom_space":{"unit":"px","size":""},"title_bottom_space_tablet":{"unit":"px","size":""},"title_bottom_space_mobile":{"unit":"px","size":""},"title_color":"#002949","title_typography_typography":"custom","title_typography_font_size":{"unit":"px","size":19},"title_typography_font_size_tablet":{"unit":"px","size":""},"title_typography_font_size_mobile":{"unit":"px","size":""},"title_typography_font_family":"Poppins","title_typography_font_weight":"600","title_typography_text_transform":"","title_typography_font_style":"","title_typography_line_height":{"unit":"em","size":""},"title_typography_line_height_tablet":{"unit":"em","size":""},"title_typography_line_height_mobile":{"unit":"em","size":""},"title_typography_letter_spacing":{"unit":"px","size":""},"title_typography_letter_spacing_tablet":{"unit":"px","size":""},"title_typography_letter_spacing_mobile":{"unit":"px","size":""},"heading_description":"","description_color":"","description_typography_typography":"","description_typography_font_size":{"unit":"px","size":""},"description_typography_font_size_tablet":{"unit":"px","size":""},"description_typography_font_size_mobile":{"unit":"px","size":""},"description_typography_font_family":"","description_typography_font_weight":"","description_typography_text_transform":"","description_typography_font_style":"","description_typography_line_height":{"unit":"em","size":""},"description_typography_line_height_tablet":{"unit":"em","size":""},"description_typography_line_height_mobile":{"unit":"em","size":""},"description_typography_letter_spacing":{"unit":"px","size":""},"description_typography_letter_spacing_tablet":{"unit":"px","size":""},"description_typography_letter_spacing_mobile":{"unit":"px","size":""},"_section_style":"","_margin":{"unit":"px","top":"","right":"","bottom":"","left":"","isLinked":true},"_margin_tablet":{"unit":"px","top":"","right":"","bottom":"","left":"","isLinked":true},"_margin_mobile":{"unit":"px","top":"0","right":"0","bottom":"30","left":"0","isLinked":false},"_padding":{"unit":"px","top":"50","right":"30","bottom":"50","left":"30","isLinked":false},"_padding_tablet":{"unit":"px","top":"","right":"","bottom":"","left":"","isLinked":true},"_padding_mobile":{"unit":"px","top":"","right":"","bottom":"","left":"","isLinked":true},"_animation":"","animation_duration":"","_css_classes":"","_section_background":"","_background_background":"classic","_background_color":"#ffffff","_background_image":{"url":"","id":""},"_background_position":"","_background_attachment":"","_background_repeat":"","_background_size":"","_background_video_link":"","_background_video_fallback":{"url":"","id":""},"_border_border":"solid","_border_width":{"unit":"px","top":"1","right":"1","bottom":"1","left":"1","isLinked":true},"_border_color":"#e0c387","_border_radius":{"unit":"px","top":"","right":"","bottom":"","left":"","isLinked":true},"_box_shadow_box_shadow_type":"outset","_box_shadow_box_shadow":{"horizontal":0,"vertical":0,"blur":23,"spread":0,"inset":"","color":"rgba(0,0,0,0.12)"},"_section_responsive":"","responsive_description":"","hide_desktop":"","hide_tablet":"","hide_mobile":"","section_custom_css":"","custom_css":"","custom_css_description":"","section_custom_css_pro":"","custom_css_pro":"","selected_icon":{"value":"fab fa-skype","library":"fa-brands"}},"elements":[],"widgetType":"icon-box"}],"isInner":false},{"id":"fvibyuw","elType":"column","settings":{"_inline_size":null,"_column_size":33,"section_style":"","background_background":"","background_color":"","background_image":{"url":"","id":""},"background_position":"","background_attachment":"","background_repeat":"","background_size":"","background_video_link":"","background_video_fallback":{"url":"","id":""},"border_border":"","border_width":{"unit":"px","top":"","right":"","bottom":"","left":"","isLinked":true},"border_color":"","border_radius":{"unit":"px","top":"","right":"","bottom":"","left":"","isLinked":true},"box_shadow_box_shadow_type":"","box_shadow_box_shadow":{"horizontal":0,"vertical":0,"blur":10,"spread":0,"inset":"","color":"rgba(0,0,0,0.5)"},"section_background_overlay":"","background_overlay_background":"","background_overlay_color":"","background_overlay_image":{"url":"","id":""},"background_overlay_position":"","background_overlay_attachment":"","background_overlay_repeat":"","background_overlay_size":"","background_overlay_video_link":"","background_overlay_video_fallback":{"url":"","id":""},"background_overlay_opacity":{"unit":"px","size":0.5},"section_typo":"","heading_color":"","color_text":"","color_link":"","color_link_hover":"","text_align":"","section_advanced":"","margin":{"unit":"px","top":"0","right":"20","bottom":"0","left":"20","isLinked":false},"margin_tablet":{"unit":"px","top":"0","right":"10","bottom":"0","left":"10","isLinked":false},"margin_mobile":{"unit":"px","top":"0","right":"0","bottom":"0","left":"0","isLinked":true},"padding":{"unit":"px","top":"","right":"","bottom":"","left":"","isLinked":true},"padding_tablet":{"unit":"px","top":"","right":"","bottom":"","left":"","isLinked":true},"padding_mobile":{"unit":"px","top":"","right":"","bottom":"","left":"","isLinked":true},"animation":"","animation_duration":"","css_classes":"","section_responsive":"","screen_sm":"default","screen_sm_width":"100","screen_xs":"default","screen_xs_width":"100","section_custom_css":"","custom_css":"","custom_css_description":"","section_custom_css_pro":"","custom_css_pro":""},"elements":[{"id":"qzbgbxs","elType":"widget","settings":{"section_icon":"","view":"default","icon":"fa fa-envelope-o","shape":"circle","title_text":"mail@design.com","description_text":"","link":{"is_external":"","url":""},"position":"top","title_size":"h3","section_style_icon":"","primary_color":"#bfc9d1","secondary_color":"","icon_space":{"unit":"px","size":15},"icon_size":{"unit":"px","size":""},"icon_padding":{"unit":"px","size":""},"rotate":{"unit":"deg","size":0},"border_width":{"unit":"px","top":"","right":"","bottom":"","left":"","isLinked":true},"border_radius":{"unit":"px","top":"","right":"","bottom":"","left":"","isLinked":true},"section_hover":"","hover_primary_color":"#e0c387","hover_secondary_color":"","hover_animation":"grow","section_style_content":"","text_align":"","text_align_tablet":"","text_align_mobile":"","content_vertical_alignment":"top","heading_title":"","title_bottom_space":{"unit":"px","size":""},"title_bottom_space_tablet":{"unit":"px","size":""},"title_bottom_space_mobile":{"unit":"px","size":""},"title_color":"#002949","title_typography_typography":"custom","title_typography_font_size":{"unit":"px","size":19},"title_typography_font_size_tablet":{"unit":"px","size":""},"title_typography_font_size_mobile":{"unit":"px","size":""},"title_typography_font_family":"Poppins","title_typography_font_weight":"600","title_typography_text_transform":"","title_typography_font_style":"","title_typography_line_height":{"unit":"em","size":""},"title_typography_line_height_tablet":{"unit":"em","size":""},"title_typography_line_height_mobile":{"unit":"em","size":""},"title_typography_letter_spacing":{"unit":"px","size":""},"title_typography_letter_spacing_tablet":{"unit":"px","size":""},"title_typography_letter_spacing_mobile":{"unit":"px","size":""},"heading_description":"","description_color":"","description_typography_typography":"","description_typography_font_size":{"unit":"px","size":""},"description_typography_font_size_tablet":{"unit":"px","size":""},"description_typography_font_size_mobile":{"unit":"px","size":""},"description_typography_font_family":"","description_typography_font_weight":"","description_typography_text_transform":"","description_typography_font_style":"","description_typography_line_height":{"unit":"em","size":""},"description_typography_line_height_tablet":{"unit":"em","size":""},"description_typography_line_height_mobile":{"unit":"em","size":""},"description_typography_letter_spacing":{"unit":"px","size":""},"description_typography_letter_spacing_tablet":{"unit":"px","size":""},"description_typography_letter_spacing_mobile":{"unit":"px","size":""},"_section_style":"","_margin":{"unit":"px","top":"","right":"","bottom":"","left":"","isLinked":true},"_margin_tablet":{"unit":"px","top":"","right":"","bottom":"","left":"","isLinked":true},"_margin_mobile":{"unit":"px","top":"0","right":"0","bottom":"30","left":"0","isLinked":false},"_padding":{"unit":"px","top":"50","right":"30","bottom":"50","left":"30","isLinked":false},"_padding_tablet":{"unit":"px","top":"","right":"","bottom":"","left":"","isLinked":true},"_padding_mobile":{"unit":"px","top":"","right":"","bottom":"","left":"","isLinked":true},"_animation":"","animation_duration":"","_css_classes":"","_section_background":"","_background_background":"classic","_background_color":"#ffffff","_background_image":{"url":"","id":""},"_background_position":"","_background_attachment":"","_background_repeat":"","_background_size":"","_background_video_link":"","_background_video_fallback":{"url":"","id":""},"_border_border":"solid","_border_width":{"unit":"px","top":"1","right":"1","bottom":"1","left":"1","isLinked":true},"_border_color":"#e0c387","_border_radius":{"unit":"px","top":"","right":"","bottom":"","left":"","isLinked":true},"_box_shadow_box_shadow_type":"outset","_box_shadow_box_shadow":{"horizontal":0,"vertical":0,"blur":23,"spread":0,"inset":"","color":"rgba(0,0,0,0.12)"},"_section_responsive":"","responsive_description":"","hide_desktop":"","hide_tablet":"","hide_mobile":"","section_custom_css":"","custom_css":"","custom_css_description":"","section_custom_css_pro":"","custom_css_pro":"","selected_icon":{"value":"far fa-envelope","library":"fa-regular"}},"elements":[],"widgetType":"icon-box"}],"isInner":false},{"id":"mnoslxy","elType":"column","settings":{"_inline_size":null,"_column_size":33,"section_style":"","background_background":"","background_color":"","background_image":{"url":"","id":""},"background_position":"","background_attachment":"","background_repeat":"","background_size":"","background_video_link":"","background_video_fallback":{"url":"","id":""},"border_border":"","border_width":{"unit":"px","top":"","right":"","bottom":"","left":"","isLinked":true},"border_color":"","border_radius":{"unit":"px","top":"","right":"","bottom":"","left":"","isLinked":true},"box_shadow_box_shadow_type":"","box_shadow_box_shadow":{"horizontal":0,"vertical":0,"blur":10,"spread":0,"inset":"","color":"rgba(0,0,0,0.5)"},"section_background_overlay":"","background_overlay_background":"","background_overlay_color":"","background_overlay_image":{"url":"","id":""},"background_overlay_position":"","background_overlay_attachment":"","background_overlay_repeat":"","background_overlay_size":"","background_overlay_video_link":"","background_overlay_video_fallback":{"url":"","id":""},"background_overlay_opacity":{"unit":"px","size":0.5},"section_typo":"","heading_color":"","color_text":"","color_link":"","color_link_hover":"","text_align":"","section_advanced":"","margin":{"unit":"px","top":"0","right":"0","bottom":"0","left":"40","isLinked":false},"margin_tablet":{"unit":"px","top":"0","right":"0","bottom":"0","left":"20","isLinked":false},"margin_mobile":{"unit":"px","top":"0","right":"0","bottom":"0","left":"0","isLinked":true},"padding":{"unit":"px","top":"","right":"","bottom":"","left":"","isLinked":true},"padding_tablet":{"unit":"px","top":"","right":"","bottom":"","left":"","isLinked":true},"padding_mobile":{"unit":"px","top":"","right":"","bottom":"","left":"","isLinked":true},"animation":"","animation_duration":"","css_classes":"","section_responsive":"","screen_sm":"default","screen_sm_width":"100","screen_xs":"default","screen_xs_width":"100","section_custom_css":"","custom_css":"","custom_css_description":"","section_custom_css_pro":"","custom_css_pro":""},"elements":[{"id":"nfipynb","elType":"widget","settings":{"section_icon":"","view":"default","icon":"fa fa-map-marker","shape":"circle","title_text":"261 Camden Rd. London","description_text":"","link":{"is_external":"","url":""},"position":"top","title_size":"h3","section_style_icon":"","primary_color":"#bfc9d1","secondary_color":"","icon_space":{"unit":"px","size":15},"icon_size":{"unit":"px","size":""},"icon_padding":{"unit":"px","size":""},"rotate":{"unit":"deg","size":0},"border_width":{"unit":"px","top":"","right":"","bottom":"","left":"","isLinked":true},"border_radius":{"unit":"px","top":"","right":"","bottom":"","left":"","isLinked":true},"section_hover":"","hover_primary_color":"#e0c387","hover_secondary_color":"","hover_animation":"grow","section_style_content":"","text_align":"","text_align_tablet":"","text_align_mobile":"","content_vertical_alignment":"top","heading_title":"","title_bottom_space":{"unit":"px","size":""},"title_bottom_space_tablet":{"unit":"px","size":""},"title_bottom_space_mobile":{"unit":"px","size":""},"title_color":"#002949","title_typography_typography":"custom","title_typography_font_size":{"unit":"px","size":19},"title_typography_font_size_tablet":{"unit":"px","size":""},"title_typography_font_size_mobile":{"unit":"px","size":""},"title_typography_font_family":"Poppins","title_typography_font_weight":"600","title_typography_text_transform":"","title_typography_font_style":"","title_typography_line_height":{"unit":"em","size":""},"title_typography_line_height_tablet":{"unit":"em","size":""},"title_typography_line_height_mobile":{"unit":"em","size":""},"title_typography_letter_spacing":{"unit":"px","size":""},"title_typography_letter_spacing_tablet":{"unit":"px","size":""},"title_typography_letter_spacing_mobile":{"unit":"px","size":""},"heading_description":"","description_color":"","description_typography_typography":"","description_typography_font_size":{"unit":"px","size":""},"description_typography_font_size_tablet":{"unit":"px","size":""},"description_typography_font_size_mobile":{"unit":"px","size":""},"description_typography_font_family":"","description_typography_font_weight":"","description_typography_text_transform":"","description_typography_font_style":"","description_typography_line_height":{"unit":"em","size":""},"description_typography_line_height_tablet":{"unit":"em","size":""},"description_typography_line_height_mobile":{"unit":"em","size":""},"description_typography_letter_spacing":{"unit":"px","size":""},"description_typography_letter_spacing_tablet":{"unit":"px","size":""},"description_typography_letter_spacing_mobile":{"unit":"px","size":""},"_section_style":"","_margin":{"unit":"px","top":"","right":"","bottom":"","left":"","isLinked":true},"_margin_tablet":{"unit":"px","top":"","right":"","bottom":"","left":"","isLinked":true},"_margin_mobile":{"unit":"px","top":"0","right":"0","bottom":"30","left":"0","isLinked":false},"_padding":{"unit":"px","top":"50","right":"30","bottom":"50","left":"30","isLinked":false},"_padding_tablet":{"unit":"px","top":"","right":"","bottom":"","left":"","isLinked":true},"_padding_mobile":{"unit":"px","top":"","right":"","bottom":"","left":"","isLinked":true},"_animation":"","animation_duration":"","_css_classes":"","_section_background":"","_background_background":"classic","_background_color":"#ffffff","_background_image":{"url":"","id":""},"_background_position":"","_background_attachment":"","_background_repeat":"","_background_size":"","_background_video_link":"","_background_video_fallback":{"url":"","id":""},"_border_border":"solid","_border_width":{"unit":"px","top":"1","right":"1","bottom":"1","left":"1","isLinked":true},"_border_color":"#e0c387","_border_radius":{"unit":"px","top":"","right":"","bottom":"","left":"","isLinked":true},"_box_shadow_box_shadow_type":"outset","_box_shadow_box_shadow":{"horizontal":0,"vertical":0,"blur":23,"spread":0,"inset":"","color":"rgba(0,0,0,0.12)"},"_section_responsive":"","responsive_description":"","hide_desktop":"","hide_tablet":"","hide_mobile":"","section_custom_css":"","custom_css":"","custom_css_description":"","section_custom_css_pro":"","custom_css_pro":"","selected_icon":{"value":"fas fa-map-marker-alt","library":"fa-solid"}},"elements":[],"widgetType":"icon-box"}],"isInner":false}],"isInner":false},{"id":"mbloqts","elType":"section","settings":{"section_layout":"","stretch_section":"","layout":"full_width","content_width":{"unit":"px","size":""},"gap":"no","height":"min-height","custom_height":{"unit":"px","size":""},"column_position":"stretch","content_position":"middle","structure":"20","section_background":"","background_background":"classic","background_color":"#ffffff","background_image":{"url":"","id":""},"background_position":"","background_attachment":"","background_repeat":"","background_size":"","background_video_link":"","background_video_fallback":{"url":"","id":""},"background_overlay_section":"","background_overlay_background":"","background_overlay_color":"","background_overlay_image":{"url":"","id":""},"background_overlay_position":"","background_overlay_attachment":"","background_overlay_repeat":"","background_overlay_size":"","background_overlay_video_link":"","background_overlay_video_fallback":{"url":"","id":""},"background_overlay_opacity":{"unit":"px","size":0.5},"section_border":"","border_border":"","border_width":{"unit":"px","top":"","right":"","bottom":"","left":"","isLinked":true},"border_color":"","border_radius":{"unit":"px","top":"","right":"","bottom":"","left":"","isLinked":true},"box_shadow_box_shadow_type":"","box_shadow_box_shadow":{"horizontal":0,"vertical":0,"blur":10,"spread":0,"inset":"","color":"rgba(0,0,0,0.5)"},"section_typo":"","heading_color":"","color_text":"","color_link":"","color_link_hover":"","text_align":"","section_advanced":"","margin":{"unit":"px","top":"0","right":0,"bottom":"20","left":0,"isLinked":false},"margin_tablet":{"unit":"px","top":"","right":"","bottom":"","left":"","isLinked":true},"margin_mobile":{"unit":"px","top":"","right":"","bottom":"","left":"","isLinked":true},"padding":{"unit":"px","top":"0","right":"0","bottom":"85","left":"0","isLinked":false},"padding_tablet":{"unit":"px","top":"","right":"","bottom":"","left":"","isLinked":true},"padding_mobile":{"unit":"px","top":"0","right":"0","bottom":"0","left":"0","isLinked":true},"animation":"","animation_duration":"","css_classes":"","_section_responsive":"","reverse_order_mobile":"","heading_visibility":"","responsive_description":"","hide_desktop":"","hide_tablet":"","hide_mobile":"","section_custom_css":"","custom_css":"","custom_css_description":"","section_custom_css_pro":"","custom_css_pro":""},"elements":[{"id":"ftolhti","elType":"column","settings":{"_inline_size":"44.498","_column_size":50,"section_style":"","background_background":"none","background_color":"#ffffff","background_image":{"url":"","id":""},"background_position":"","background_attachment":"","background_repeat":"","background_size":"","background_video_link":"","background_video_fallback":{"url":"","id":""},"border_border":"","border_width":{"unit":"px","top":"","right":"","bottom":"","left":"","isLinked":true},"border_color":"","border_radius":{"unit":"px","top":"","right":"","bottom":"","left":"","isLinked":true},"box_shadow_box_shadow_type":"","box_shadow_box_shadow":{"horizontal":0,"vertical":0,"blur":10,"spread":0,"inset":"","color":"rgba(0,0,0,0.5)"},"section_background_overlay":"","background_overlay_background":"","background_overlay_color":"","background_overlay_image":{"url":"","id":""},"background_overlay_position":"","background_overlay_attachment":"","background_overlay_repeat":"","background_overlay_size":"","background_overlay_video_link":"","background_overlay_video_fallback":{"url":"","id":""},"background_overlay_opacity":{"unit":"px","size":0.5},"section_typo":"","heading_color":"","color_text":"","color_link":"","color_link_hover":"","text_align":"","section_advanced":"","margin":{"unit":"px","top":"","right":"","bottom":"","left":"","isLinked":true},"margin_tablet":{"unit":"px","top":"","right":"","bottom":"","left":"","isLinked":true},"margin_mobile":{"unit":"px","top":"","right":"","bottom":"","left":"","isLinked":true},"padding":{"unit":"%","top":"0","right":"17","bottom":"0","left":"19","isLinked":false},"padding_tablet":{"unit":"%","top":"0","right":"31","bottom":"0","left":"13","isLinked":false},"padding_mobile":{"unit":"px","top":"30","right":"30","bottom":"50","left":"30","isLinked":false},"animation":"","animation_duration":"","css_classes":"","section_responsive":"","screen_sm":"default","screen_sm_width":"100","screen_xs":"default","screen_xs_width":"100","section_custom_css":"","custom_css":"","custom_css_description":"","section_custom_css_pro":"","custom_css_pro":""},"elements":[{"id":"icldcei","elType":"widget","settings":{"section_title":"","title":"Follow Us.","link":{"is_external":"","url":""},"size":"default","header_size":"h2","align":"","align_tablet":"","align_mobile":"center","view":"traditional","section_title_style":"","title_color":"#002949","typography_typography":"custom","typography_font_size":{"unit":"px","size":43},"typography_font_size_tablet":{"unit":"px","size":""},"typography_font_size_mobile":{"unit":"px","size":""},"typography_font_family":"Poppins","typography_font_weight":"600","typography_text_transform":"","typography_font_style":"","typography_line_height":{"unit":"em","size":""},"typography_line_height_tablet":{"unit":"em","size":""},"typography_line_height_mobile":{"unit":"em","size":""},"typography_letter_spacing":{"unit":"px","size":-1.6},"typography_letter_spacing_tablet":{"unit":"px","size":""},"typography_letter_spacing_mobile":{"unit":"px","size":""},"_section_style":"","_margin":{"unit":"px","top":"","right":"","bottom":"","left":"","isLinked":true},"_margin_tablet":{"unit":"px","top":"","right":"","bottom":"","left":"","isLinked":true},"_margin_mobile":{"unit":"px","top":"","right":"","bottom":"","left":"","isLinked":true},"_padding":{"unit":"px","top":"","right":"","bottom":"","left":"","isLinked":true},"_padding_tablet":{"unit":"px","top":"","right":"","bottom":"","left":"","isLinked":true},"_padding_mobile":{"unit":"px","top":"","right":"","bottom":"","left":"","isLinked":true},"_animation":"","animation_duration":"","_css_classes":"","_section_background":"","_background_background":"","_background_color":"","_background_image":{"url":"","id":""},"_background_position":"","_background_attachment":"","_background_repeat":"","_background_size":"","_background_video_link":"","_background_video_fallback":{"url":"","id":""},"_border_border":"","_border_width":{"unit":"px","top":"","right":"","bottom":"","left":"","isLinked":true},"_border_color":"","_border_radius":{"unit":"px","top":"","right":"","bottom":"","left":"","isLinked":true},"_box_shadow_box_shadow_type":"","_box_shadow_box_shadow":{"horizontal":0,"vertical":0,"blur":10,"spread":0,"inset":"","color":"rgba(0,0,0,0.5)"},"_section_responsive":"","responsive_description":"","hide_desktop":"","hide_tablet":"","hide_mobile":"","section_custom_css":"","custom_css":"","custom_css_description":"","section_custom_css_pro":"","custom_css_pro":""},"elements":[],"widgetType":"heading"},{"id":"hmqzzjl","elType":"widget","settings":{"section_divider":"","style":"solid","weight":{"unit":"px","size":"3"},"color":"#e0c387","width":{"unit":"%","size":12},"align":"","align_tablet":"","align_mobile":"center","gap":{"unit":"px","size":15},"view":"traditional","_section_style":"","_margin":{"unit":"px","top":"","right":"","bottom":"","left":"","isLinked":true},"_margin_tablet":{"unit":"px","top":"","right":"","bottom":"","left":"","isLinked":true},"_margin_mobile":{"unit":"px","top":"","right":"","bottom":"","left":"","isLinked":true},"_padding":{"unit":"px","top":"","right":"","bottom":"","left":"","isLinked":true},"_padding_tablet":{"unit":"px","top":"","right":"","bottom":"","left":"","isLinked":true},"_padding_mobile":{"unit":"px","top":"","right":"","bottom":"","left":"","isLinked":true},"_animation":"","animation_duration":"","_css_classes":"","_section_background":"","_background_background":"","_background_color":"","_background_image":{"url":"","id":""},"_background_position":"","_background_attachment":"","_background_repeat":"","_background_size":"","_background_video_link":"","_background_video_fallback":{"url":"","id":""},"_border_border":"","_border_width":{"unit":"px","top":"","right":"","bottom":"","left":"","isLinked":true},"_border_color":"","_border_radius":{"unit":"px","top":"","right":"","bottom":"","left":"","isLinked":true},"_box_shadow_box_shadow_type":"","_box_shadow_box_shadow":{"horizontal":0,"vertical":0,"blur":10,"spread":0,"inset":"","color":"rgba(0,0,0,0.5)"},"_section_responsive":"","responsive_description":"","hide_desktop":"","hide_tablet":"","hide_mobile":"","section_custom_css":"","custom_css":"","custom_css_description":"","section_custom_css_pro":"","custom_css_pro":""},"elements":[],"widgetType":"divider"},{"id":"dimhfdy","elType":"widget","settings":{"section_icon":"","icon_list":[{"text":"Facebook","icon":"fa fa-facebook","link":{"is_external":"","url":""},"_id":"kxo82hb"},{"text":"Twitter","icon":"fa fa-twitter","link":{"is_external":"","url":""},"_id":"zi1l66f"},{"text":"YouTobe","icon":"fa fa-youtube","link":{"is_external":"","url":""},"_id":"mlix2zy"}],"view":"traditional","section_icon_style":"","icon_color":"rgba(0,41,73,0.4)","icon_size":{"unit":"px","size":14},"icon_align":"","icon_align_tablet":"","icon_align_mobile":"center","section_text_style":"","text_indent":{"unit":"px","size":7},"text_color":"rgba(0,41,73,0.38)","icon_typography_typography":"custom","icon_typography_font_size":{"unit":"px","size":""},"icon_typography_font_size_tablet":{"unit":"px","size":""},"icon_typography_font_size_mobile":{"unit":"px","size":""},"icon_typography_font_family":"Lora","icon_typography_font_weight":"","icon_typography_text_transform":"","icon_typography_font_style":"","icon_typography_line_height":{"unit":"em","size":2.3},"icon_typography_line_height_tablet":{"unit":"em","size":""},"icon_typography_line_height_mobile":{"unit":"em","size":""},"icon_typography_letter_spacing":{"unit":"px","size":""},"icon_typography_letter_spacing_tablet":{"unit":"px","size":""},"icon_typography_letter_spacing_mobile":{"unit":"px","size":""},"_section_style":"","_margin":{"unit":"px","top":"","right":"","bottom":"","left":"","isLinked":true},"_margin_tablet":{"unit":"px","top":"","right":"","bottom":"","left":"","isLinked":true},"_margin_mobile":{"unit":"px","top":"","right":"","bottom":"","left":"","isLinked":true},"_padding":{"unit":"px","top":"","right":"","bottom":"","left":"","isLinked":true},"_padding_tablet":{"unit":"px","top":"","right":"","bottom":"","left":"","isLinked":true},"_padding_mobile":{"unit":"px","top":"","right":"","bottom":"","left":"","isLinked":true},"_animation":"","animation_duration":"","_css_classes":"","_section_background":"","_background_background":"","_background_color":"","_background_image":{"url":"","id":""},"_background_position":"","_background_attachment":"","_background_repeat":"","_background_size":"","_background_video_link":"","_background_video_fallback":{"url":"","id":""},"_border_border":"","_border_width":{"unit":"px","top":"","right":"","bottom":"","left":"","isLinked":true},"_border_color":"","_border_radius":{"unit":"px","top":"","right":"","bottom":"","left":"","isLinked":true},"_box_shadow_box_shadow_type":"","_box_shadow_box_shadow":{"horizontal":0,"vertical":0,"blur":10,"spread":0,"inset":"","color":"rgba(0,0,0,0.5)"},"_section_responsive":"","responsive_description":"","hide_desktop":"","hide_tablet":"","hide_mobile":"","section_custom_css":"","custom_css":"","custom_css_description":"","section_custom_css_pro":"","custom_css_pro":""},"elements":[],"widgetType":"icon-list"}],"isInner":false},{"id":"mfcgdpq","elType":"column","settings":{"_inline_size":"55.502","_column_size":50,"section_style":"","background_background":"classic","background_color":"#e0c387","background_image":{"id":"732","url":"https:\/\/library.elementor.com\/wp-content\/uploads\/2017\/01\/StockSnap_N4NRIS99LE.jpg"},"background_position":"","background_attachment":"","background_repeat":"","background_size":"cover","background_video_link":"","background_video_fallback":{"url":"","id":""},"border_border":"","border_width":{"unit":"px","top":"","right":"","bottom":"","left":"","isLinked":true},"border_color":"","border_radius":{"unit":"px","top":"","right":"","bottom":"","left":"","isLinked":true},"box_shadow_box_shadow_type":"","box_shadow_box_shadow":{"horizontal":0,"vertical":0,"blur":10,"spread":0,"inset":"","color":"rgba(0,0,0,0.5)"},"section_background_overlay":"","background_overlay_background":"classic","background_overlay_color":"#bfc9d1","background_overlay_image":{"url":"","id":""},"background_overlay_position":"","background_overlay_attachment":"","background_overlay_repeat":"","background_overlay_size":"","background_overlay_video_link":"","background_overlay_video_fallback":{"url":"","id":""},"background_overlay_opacity":{"unit":"px","size":0.5},"section_typo":"","heading_color":"","color_text":"","color_link":"","color_link_hover":"","text_align":"","section_advanced":"","margin":{"unit":"px","top":"","right":"","bottom":"","left":"","isLinked":true},"margin_tablet":{"unit":"px","top":"","right":"","bottom":"","left":"","isLinked":true},"margin_mobile":{"unit":"px","top":"","right":"","bottom":"","left":"","isLinked":true},"padding":{"unit":"px","top":"70","right":"120","bottom":"70","left":"0","isLinked":false},"padding_tablet":{"unit":"px","top":"60","right":"45","bottom":"60","left":"0","isLinked":false},"padding_mobile":{"unit":"px","top":"50","right":"30","bottom":"50","left":"0","isLinked":false},"animation":"","animation_duration":"","css_classes":"","section_responsive":"","screen_sm":"default","screen_sm_width":"100","screen_xs":"default","screen_xs_width":"100","section_custom_css":"","custom_css":"","custom_css_description":"","section_custom_css_pro":"","custom_css_pro":""},"elements":[{"id":"uqsfmhf","elType":"widget","settings":{"section_map":"","address":"London Eye, London, United Kingdom","zoom":{"unit":"px","size":10},"height":{"unit":"px","size":409},"prevent_scroll":"yes","view":"traditional","_section_style":"","_margin":{"unit":"px","top":"0","right":"0","bottom":"0","left":"-100","isLinked":false},"_margin_tablet":{"unit":"px","top":"","right":"","bottom":"","left":"","isLinked":true},"_margin_mobile":{"unit":"px","top":"0","right":"0","bottom":"0","left":"0","isLinked":true},"_padding":{"unit":"px","top":"","right":"","bottom":"","left":"","isLinked":true},"_padding_tablet":{"unit":"px","top":"","right":"","bottom":"","left":"","isLinked":true},"_padding_mobile":{"unit":"px","top":"","right":"","bottom":"","left":"","isLinked":true},"_animation":"","animation_duration":"","_css_classes":"","_section_background":"","_background_background":"","_background_color":"","_background_image":{"url":"","id":""},"_background_position":"","_background_attachment":"","_background_repeat":"","_background_size":"","_background_video_link":"","_background_video_fallback":{"url":"","id":""},"_border_border":"","_border_width":{"unit":"px","top":"","right":"","bottom":"","left":"","isLinked":true},"_border_color":"","_border_radius":{"unit":"px","top":"","right":"","bottom":"","left":"","isLinked":true},"_box_shadow_box_shadow_type":"outset","_box_shadow_box_shadow":{"horizontal":0,"vertical":0,"blur":"50","spread":0,"inset":"","color":"rgba(0,0,0,0.19)"},"_section_responsive":"","responsive_description":"","hide_desktop":"","hide_tablet":"","hide_mobile":"","section_custom_css":"","custom_css":"","custom_css_description":"","section_custom_css_pro":"","custom_css_pro":""},"elements":[],"widgetType":"google_maps"}],"isInner":false}],"isInner":false}],"page_settings":[]}