{"content":[{"id":"iiplttx","elType":"section","settings":{"section_layout":"","stretch_section":"","layout":"full_width","content_width":{"unit":"px","size":""},"gap":"no","height":"min-height","custom_height":{"unit":"px","size":""},"column_position":"stretch","content_position":"middle","structure":"20","section_background":"","background_background":"none","background_color":"","background_image":{"url":"","id":""},"background_position":"","background_attachment":"","background_repeat":"","background_size":"","background_video_link":"","background_video_fallback":{"url":"","id":""},"background_overlay_section":"","background_overlay_background":"","background_overlay_color":"","background_overlay_image":{"url":"","id":""},"background_overlay_position":"","background_overlay_attachment":"","background_overlay_repeat":"","background_overlay_size":"","background_overlay_video_link":"","background_overlay_video_fallback":{"url":"","id":""},"background_overlay_opacity":{"unit":"px","size":0.5},"section_border":"","border_border":"","border_width":{"unit":"px","top":"","right":"","bottom":"","left":"","isLinked":true},"border_color":"","border_radius":{"unit":"px","top":"","right":"","bottom":"","left":"","isLinked":true},"box_shadow_box_shadow_type":"","box_shadow_box_shadow":{"horizontal":0,"vertical":0,"blur":10,"spread":0,"inset":"","color":"rgba(0,0,0,0.5)"},"section_typo":"","heading_color":"","color_text":"","color_link":"","color_link_hover":"","text_align":"","section_advanced":"","margin":{"unit":"px","top":"","right":"","bottom":"","left":"","isLinked":true},"margin_tablet":{"unit":"px","top":"","right":"","bottom":"","left":"","isLinked":true},"margin_mobile":{"unit":"px","top":"","right":"","bottom":"","left":"","isLinked":true},"padding":{"unit":"px","top":"65","right":"0","bottom":"85","left":"0","isLinked":false},"padding_tablet":{"unit":"px","top":"","right":"","bottom":"","left":"","isLinked":true},"padding_mobile":{"unit":"px","top":"0","right":"0","bottom":"50","left":"0","isLinked":false},"animation":"","animation_duration":"","css_classes":"","_section_responsive":"","reverse_order_mobile":"","heading_visibility":"","responsive_description":"","hide_desktop":"","hide_tablet":"","hide_mobile":"","section_custom_css":"","custom_css":"","custom_css_description":"","section_custom_css_pro":"","custom_css_pro":""},"elements":[{"id":"wncdfdf","elType":"column","settings":{"_inline_size":"75.794","_column_size":50,"section_style":"","background_background":"classic","background_color":"#e0c387","background_image":{"url":"","id":""},"background_position":"","background_attachment":"","background_repeat":"","background_size":"","background_video_link":"","background_video_fallback":{"url":"","id":""},"border_border":"","border_width":{"unit":"px","top":"","right":"","bottom":"","left":"","isLinked":true},"border_color":"","border_radius":{"unit":"px","top":"","right":"","bottom":"","left":"","isLinked":true},"box_shadow_box_shadow_type":"","box_shadow_box_shadow":{"horizontal":0,"vertical":0,"blur":10,"spread":0,"inset":"","color":"rgba(0,0,0,0.5)"},"section_background_overlay":"","background_overlay_background":"","background_overlay_color":"","background_overlay_image":{"url":"","id":""},"background_overlay_position":"","background_overlay_attachment":"","background_overlay_repeat":"","background_overlay_size":"","background_overlay_video_link":"","background_overlay_video_fallback":{"url":"","id":""},"background_overlay_opacity":{"unit":"px","size":0.5},"section_typo":"","heading_color":"","color_text":"","color_link":"","color_link_hover":"","text_align":"","section_advanced":"","margin":{"unit":"px","top":"","right":"","bottom":"","left":"","isLinked":true},"margin_tablet":{"unit":"px","top":"","right":"","bottom":"","left":"","isLinked":true},"margin_mobile":{"unit":"px","top":"","right":"","bottom":"","left":"","isLinked":true},"padding":{"unit":"px","top":"75","right":"0","bottom":"75","left":"120","isLinked":false},"padding_tablet":{"unit":"px","top":"60","right":"0","bottom":"60","left":"45","isLinked":false},"padding_mobile":{"unit":"px","top":"50","right":"0","bottom":"50","left":"30","isLinked":false},"animation":"","animation_duration":"","css_classes":"","section_responsive":"","screen_sm":"default","screen_sm_width":"100","screen_xs":"default","screen_xs_width":"100","section_custom_css":"","custom_css":"","custom_css_description":"","section_custom_css_pro":"","custom_css_pro":""},"elements":[{"id":"aqjvqux","elType":"widget","settings":{"section_image":"","image":{"id":734,"url":"https:\/\/library.elementor.com\/wp-content\/uploads\/2017\/01\/StockSnap_LDZ0SMPXFD.png"},"title_text":"We Love Design","description_text":"Pipeline push back bake it in. Customer centric hit the ground running power Pointless hammer out, so get all your ducks in a row, nor high-level diversify kpis. Loop pushback, nor strategic fit. ","link":{"is_external":"","url":""},"position":"left","title_size":"h3","view":"traditional","section_style_image":"","image_space":{"unit":"px","size":"50"},"image_size":{"unit":"%","size":100},"image_opacity":{"unit":"px","size":1},"hover_animation":"","section_style_content":"","text_align":"","text_align_tablet":"","text_align_mobile":"","content_vertical_alignment":"middle","heading_title":"","title_bottom_space":{"unit":"px","size":20},"title_bottom_space_tablet":{"unit":"px","size":""},"title_bottom_space_mobile":{"unit":"px","size":""},"title_color":"#002949","title_typography_typography":"custom","title_typography_font_size":{"unit":"px","size":"43"},"title_typography_font_size_tablet":{"unit":"px","size":"29"},"title_typography_font_size_mobile":{"unit":"px","size":""},"title_typography_font_family":"Poppins","title_typography_font_weight":"600","title_typography_text_transform":"","title_typography_font_style":"","title_typography_line_height":{"unit":"em","size":""},"title_typography_line_height_tablet":{"unit":"em","size":""},"title_typography_line_height_mobile":{"unit":"em","size":""},"title_typography_letter_spacing":{"unit":"px","size":"-1.6"},"title_typography_letter_spacing_tablet":{"unit":"px","size":""},"title_typography_letter_spacing_mobile":{"unit":"px","size":""},"heading_description":"","description_color":"","description_typography_typography":"custom","description_typography_font_size":{"unit":"px","size":""},"description_typography_font_size_tablet":{"unit":"px","size":""},"description_typography_font_size_mobile":{"unit":"px","size":""},"description_typography_font_family":"Lora","description_typography_font_weight":"","description_typography_text_transform":"","description_typography_font_style":"","description_typography_line_height":{"unit":"em","size":1.9},"description_typography_line_height_tablet":{"unit":"em","size":"1.4"},"description_typography_line_height_mobile":{"unit":"em","size":""},"description_typography_letter_spacing":{"unit":"px","size":""},"description_typography_letter_spacing_tablet":{"unit":"px","size":""},"description_typography_letter_spacing_mobile":{"unit":"px","size":""},"_section_style":"","_margin":{"unit":"%","top":"0","right":"-17","bottom":"0","left":"0","isLinked":false},"_margin_tablet":{"unit":"px","top":"","right":"","bottom":"","left":"","isLinked":true},"_margin_mobile":{"unit":"px","top":"0","right":"0","bottom":"0","left":"0","isLinked":true},"_padding":{"unit":"px","top":"0","right":"50","bottom":"0","left":"0","isLinked":false},"_padding_tablet":{"unit":"px","top":"0","right":"30","bottom":"0","left":"0","isLinked":false},"_padding_mobile":{"unit":"px","top":"30","right":"30","bottom":"30","left":"30","isLinked":true},"_animation":"","animation_duration":"","_css_classes":"","_section_background":"","_background_background":"classic","_background_color":"#ffffff","_background_image":{"url":"","id":""},"_background_position":"","_background_attachment":"","_background_repeat":"","_background_size":"","_background_video_link":"","_background_video_fallback":{"url":"","id":""},"_border_border":"","_border_width":{"unit":"px","top":"","right":"","bottom":"","left":"","isLinked":true},"_border_color":"","_border_radius":{"unit":"px","top":"","right":"","bottom":"","left":"","isLinked":true},"_box_shadow_box_shadow_type":"outset","_box_shadow_box_shadow":{"horizontal":0,"vertical":0,"blur":"50","spread":0,"inset":"","color":"rgba(0,0,0,0.19)"},"_section_responsive":"","responsive_description":"","hide_desktop":"","hide_tablet":"","hide_mobile":"","section_custom_css":"","custom_css":"","custom_css_description":"","section_custom_css_pro":"","custom_css_pro":""},"elements":[],"widgetType":"image-box"}],"isInner":false},{"id":"eoechul","elType":"column","settings":{"_inline_size":"24.206","_column_size":50,"section_style":"","background_background":"none","background_color":"#ffffff","background_image":{"url":"","id":""},"background_position":"center center","background_attachment":"","background_repeat":"","background_size":"cover","background_video_link":"","background_video_fallback":{"url":"","id":""},"border_border":"","border_width":{"unit":"px","top":"","right":"","bottom":"","left":"","isLinked":true},"border_color":"","border_radius":{"unit":"px","top":"","right":"","bottom":"","left":"","isLinked":true},"box_shadow_box_shadow_type":"","box_shadow_box_shadow":{"horizontal":0,"vertical":0,"blur":10,"spread":0,"inset":"","color":"rgba(0,0,0,0.5)"},"section_background_overlay":"","background_overlay_background":"","background_overlay_color":"","background_overlay_image":{"url":"","id":""},"background_overlay_position":"","background_overlay_attachment":"","background_overlay_repeat":"","background_overlay_size":"","background_overlay_video_link":"","background_overlay_video_fallback":{"url":"","id":""},"background_overlay_opacity":{"unit":"px","size":0.5},"section_typo":"","heading_color":"","color_text":"","color_link":"","color_link_hover":"","text_align":"","section_advanced":"","margin":{"unit":"px","top":"","right":"","bottom":"","left":"","isLinked":true},"margin_tablet":{"unit":"px","top":"","right":"","bottom":"","left":"","isLinked":true},"margin_mobile":{"unit":"px","top":"","right":"","bottom":"","left":"","isLinked":true},"padding":{"unit":"px","top":"","right":"","bottom":"","left":"","isLinked":true},"padding_tablet":{"unit":"px","top":"","right":"","bottom":"","left":"","isLinked":true},"padding_mobile":{"unit":"px","top":"","right":"","bottom":"","left":"","isLinked":true},"animation":"","animation_duration":"","css_classes":"","section_responsive":"","screen_sm":"default","screen_sm_width":"100","screen_xs":"default","screen_xs_width":"100","section_custom_css":"","custom_css":"","custom_css_description":"","section_custom_css_pro":"","custom_css_pro":""},"elements":[],"isInner":false}],"isInner":false},{"id":"pdovtxw","elType":"section","settings":{"section_layout":"","stretch_section":"","layout":"full_width","content_width":{"unit":"px","size":""},"gap":"no","height":"default","custom_height":{"unit":"px","size":400},"column_position":"middle","content_position":"","structure":"10","section_background":"","background_background":"","background_color":"","background_image":{"url":"","id":""},"background_position":"","background_attachment":"","background_repeat":"","background_size":"","background_video_link":"","background_video_fallback":{"url":"","id":""},"background_overlay_section":"","background_overlay_background":"","background_overlay_color":"","background_overlay_image":{"url":"","id":""},"background_overlay_position":"","background_overlay_attachment":"","background_overlay_repeat":"","background_overlay_size":"","background_overlay_video_link":"","background_overlay_video_fallback":{"url":"","id":""},"background_overlay_opacity":{"unit":"px","size":0.5},"section_border":"","border_border":"","border_width":{"unit":"px","top":"","right":"","bottom":"","left":"","isLinked":true},"border_color":"","border_radius":{"unit":"px","top":"","right":"","bottom":"","left":"","isLinked":true},"box_shadow_box_shadow_type":"","box_shadow_box_shadow":{"horizontal":0,"vertical":0,"blur":10,"spread":0,"inset":"","color":"rgba(0,0,0,0.5)"},"section_typo":"","heading_color":"","color_text":"","color_link":"","color_link_hover":"","text_align":"","section_advanced":"","margin":{"unit":"px","top":"","right":"","bottom":"","left":"","isLinked":true},"margin_tablet":{"unit":"px","top":"","right":"","bottom":"","left":"","isLinked":true},"margin_mobile":{"unit":"px","top":"","right":"","bottom":"","left":"","isLinked":true},"padding":{"unit":"px","top":"","right":"","bottom":"","left":"","isLinked":true},"padding_tablet":{"unit":"px","top":"","right":"","bottom":"","left":"","isLinked":true},"padding_mobile":{"unit":"px","top":"","right":"","bottom":"","left":"","isLinked":true},"animation":"","animation_duration":"","css_classes":"","_section_responsive":"","reverse_order_mobile":"","heading_visibility":"","responsive_description":"","hide_desktop":"","hide_tablet":"","hide_mobile":"","section_custom_css":"","custom_css":"","custom_css_description":"","section_custom_css_pro":"","custom_css_pro":""},"elements":[{"id":"lnzbmtc","elType":"column","settings":{"_inline_size":null,"_column_size":100,"section_style":"","background_background":"","background_color":"","background_image":{"url":"","id":""},"background_position":"","background_attachment":"","background_repeat":"","background_size":"","background_video_link":"","background_video_fallback":{"url":"","id":""},"border_border":"","border_width":{"unit":"px","top":"","right":"","bottom":"","left":"","isLinked":true},"border_color":"","border_radius":{"unit":"px","top":"","right":"","bottom":"","left":"","isLinked":true},"box_shadow_box_shadow_type":"","box_shadow_box_shadow":{"horizontal":0,"vertical":0,"blur":10,"spread":0,"inset":"","color":"rgba(0,0,0,0.5)"},"section_background_overlay":"","background_overlay_background":"","background_overlay_color":"","background_overlay_image":{"url":"","id":""},"background_overlay_position":"","background_overlay_attachment":"","background_overlay_repeat":"","background_overlay_size":"","background_overlay_video_link":"","background_overlay_video_fallback":{"url":"","id":""},"background_overlay_opacity":{"unit":"px","size":0.5},"section_typo":"","heading_color":"","color_text":"","color_link":"","color_link_hover":"","text_align":"","section_advanced":"","margin":{"unit":"px","top":"","right":"","bottom":"","left":"","isLinked":true},"margin_tablet":{"unit":"px","top":"","right":"","bottom":"","left":"","isLinked":true},"margin_mobile":{"unit":"px","top":"","right":"","bottom":"","left":"","isLinked":true},"padding":{"unit":"px","top":"","right":"","bottom":"","left":"","isLinked":true},"padding_tablet":{"unit":"px","top":"","right":"","bottom":"","left":"","isLinked":true},"padding_mobile":{"unit":"px","top":"","right":"","bottom":"","left":"","isLinked":true},"animation":"","animation_duration":"","css_classes":"","section_responsive":"","screen_sm":"default","screen_sm_width":"100","screen_xs":"default","screen_xs_width":"100","section_custom_css":"","custom_css":"","custom_css_description":"","section_custom_css_pro":"","custom_css_pro":""},"elements":[{"id":"crgldao","elType":"widget","settings":{"section_title":"","title":"interior<BR>design","link":{"is_external":"","url":""},"size":"default","header_size":"h2","align":"right","align_tablet":"","align_mobile":"","view":"traditional","section_title_style":"","title_color":"rgba(191,201,209,0.34)","typography_typography":"custom","typography_font_size":{"unit":"px","size":"161"},"typography_font_size_tablet":{"unit":"px","size":"135"},"typography_font_size_mobile":{"unit":"px","size":"76"},"typography_font_family":"Poppins","typography_font_weight":"600","typography_text_transform":"uppercase","typography_font_style":"","typography_line_height":{"unit":"em","size":0.9},"typography_line_height_tablet":{"unit":"em","size":""},"typography_line_height_mobile":{"unit":"em","size":""},"typography_letter_spacing":{"unit":"px","size":-4.4},"typography_letter_spacing_tablet":{"unit":"px","size":""},"typography_letter_spacing_mobile":{"unit":"px","size":""},"_section_style":"","_margin":{"unit":"px","top":"","right":"","bottom":"","left":"","isLinked":true},"_margin_tablet":{"unit":"px","top":"","right":"","bottom":"","left":"","isLinked":true},"_margin_mobile":{"unit":"px","top":"","right":"","bottom":"","left":"","isLinked":true},"_padding":{"unit":"px","top":"","right":"","bottom":"","left":"","isLinked":true},"_padding_tablet":{"unit":"px","top":"","right":"","bottom":"","left":"","isLinked":true},"_padding_mobile":{"unit":"px","top":"","right":"","bottom":"","left":"","isLinked":true},"_animation":"","animation_duration":"","_css_classes":"","_section_background":"","_background_background":"","_background_color":"","_background_image":{"url":"","id":""},"_background_position":"","_background_attachment":"","_background_repeat":"","_background_size":"","_background_video_link":"","_background_video_fallback":{"url":"","id":""},"_border_border":"","_border_width":{"unit":"px","top":"","right":"","bottom":"","left":"","isLinked":true},"_border_color":"","_border_radius":{"unit":"px","top":"","right":"","bottom":"","left":"","isLinked":true},"_box_shadow_box_shadow_type":"","_box_shadow_box_shadow":{"horizontal":0,"vertical":0,"blur":10,"spread":0,"inset":"","color":"rgba(0,0,0,0.5)"},"_section_responsive":"","responsive_description":"","hide_desktop":"","hide_tablet":"","hide_mobile":"","section_custom_css":"","custom_css":"","custom_css_description":"","section_custom_css_pro":"","custom_css_pro":""},"elements":[],"widgetType":"heading"}],"isInner":false}],"isInner":false},{"id":"djlxsjg","elType":"section","settings":{"section_layout":"","stretch_section":"","layout":"boxed","content_width":{"unit":"px","size":"1040"},"gap":"no","height":"default","custom_height":{"unit":"px","size":400},"column_position":"middle","content_position":"","structure":"10","section_background":"","background_background":"classic","background_color":"#ffffff","background_image":{"url":"","id":""},"background_position":"","background_attachment":"","background_repeat":"","background_size":"","background_video_link":"","background_video_fallback":{"url":"","id":""},"background_overlay_section":"","background_overlay_background":"","background_overlay_color":"","background_overlay_image":{"url":"","id":""},"background_overlay_position":"","background_overlay_attachment":"","background_overlay_repeat":"","background_overlay_size":"","background_overlay_video_link":"","background_overlay_video_fallback":{"url":"","id":""},"background_overlay_opacity":{"unit":"px","size":0.5},"section_border":"","border_border":"","border_width":{"unit":"px","top":"","right":"","bottom":"","left":"","isLinked":true},"border_color":"","border_radius":{"unit":"px","top":"","right":"","bottom":"","left":"","isLinked":true},"box_shadow_box_shadow_type":"","box_shadow_box_shadow":{"horizontal":0,"vertical":0,"blur":10,"spread":0,"inset":"","color":"rgba(0,0,0,0.5)"},"section_typo":"","heading_color":"","color_text":"","color_link":"","color_link_hover":"","text_align":"","section_advanced":"","margin":{"unit":"px","top":"-87","right":0,"bottom":"0","left":0,"isLinked":false},"margin_tablet":{"unit":"px","top":"0","right":0,"bottom":"0","left":0,"isLinked":true},"margin_mobile":{"unit":"px","top":"","right":0,"bottom":"","left":0,"isLinked":true},"padding":{"unit":"px","top":"100","right":"0","bottom":"60","left":"0","isLinked":false},"padding_tablet":{"unit":"px","top":"30","right":"30","bottom":"30","left":"30","isLinked":true},"padding_mobile":{"unit":"px","top":"","right":"","bottom":"","left":"","isLinked":true},"animation":"","animation_duration":"","css_classes":"","_section_responsive":"","reverse_order_mobile":"","heading_visibility":"","responsive_description":"","hide_desktop":"","hide_tablet":"","hide_mobile":"","section_custom_css":"","custom_css":"","custom_css_description":"","section_custom_css_pro":"","custom_css_pro":""},"elements":[{"id":"zvkqfbi","elType":"column","settings":{"_inline_size":null,"_column_size":100,"section_style":"","background_background":"","background_color":"","background_image":{"url":"","id":""},"background_position":"","background_attachment":"","background_repeat":"","background_size":"","background_video_link":"","background_video_fallback":{"url":"","id":""},"border_border":"","border_width":{"unit":"px","top":"","right":"","bottom":"","left":"","isLinked":true},"border_color":"","border_radius":{"unit":"px","top":"","right":"","bottom":"","left":"","isLinked":true},"box_shadow_box_shadow_type":"","box_shadow_box_shadow":{"horizontal":0,"vertical":0,"blur":10,"spread":0,"inset":"","color":"rgba(0,0,0,0.5)"},"section_background_overlay":"","background_overlay_background":"","background_overlay_color":"","background_overlay_image":{"url":"","id":""},"background_overlay_position":"","background_overlay_attachment":"","background_overlay_repeat":"","background_overlay_size":"","background_overlay_video_link":"","background_overlay_video_fallback":{"url":"","id":""},"background_overlay_opacity":{"unit":"px","size":0.5},"section_typo":"","heading_color":"","color_text":"","color_link":"","color_link_hover":"","text_align":"","section_advanced":"","margin":{"unit":"px","top":"","right":"","bottom":"","left":"","isLinked":true},"margin_tablet":{"unit":"px","top":"","right":"","bottom":"","left":"","isLinked":true},"margin_mobile":{"unit":"px","top":"","right":"","bottom":"","left":"","isLinked":true},"padding":{"unit":"px","top":"","right":"","bottom":"","left":"","isLinked":true},"padding_tablet":{"unit":"px","top":"","right":"","bottom":"","left":"","isLinked":true},"padding_mobile":{"unit":"px","top":"","right":"","bottom":"","left":"","isLinked":true},"animation":"","animation_duration":"","css_classes":"","section_responsive":"","screen_sm":"default","screen_sm_width":"100","screen_xs":"default","screen_xs_width":"100","section_custom_css":"","custom_css":"","custom_css_description":"","section_custom_css_pro":"","custom_css_pro":""},"elements":[{"id":"sjquaus","elType":"widget","settings":{"section_title":"","title":"What We Do","link":{"is_external":"","url":""},"size":"default","header_size":"h3","align":"","align_tablet":"","align_mobile":"center","view":"traditional","section_title_style":"","title_color":"#e0c387","typography_typography":"custom","typography_font_size":{"unit":"px","size":"35"},"typography_font_size_tablet":{"unit":"px","size":""},"typography_font_size_mobile":{"unit":"px","size":""},"typography_font_family":"Poppins","typography_font_weight":"500","typography_text_transform":"","typography_font_style":"","typography_line_height":{"unit":"em","size":""},"typography_line_height_tablet":{"unit":"em","size":""},"typography_line_height_mobile":{"unit":"em","size":""},"typography_letter_spacing":{"unit":"px","size":"-1.2"},"typography_letter_spacing_tablet":{"unit":"px","size":""},"typography_letter_spacing_mobile":{"unit":"px","size":""},"_section_style":"","_margin":{"unit":"px","top":"","right":"","bottom":"","left":"","isLinked":true},"_margin_tablet":{"unit":"px","top":"","right":"","bottom":"","left":"","isLinked":true},"_margin_mobile":{"unit":"px","top":"","right":"","bottom":"","left":"","isLinked":true},"_padding":{"unit":"px","top":"","right":"","bottom":"","left":"","isLinked":true},"_padding_tablet":{"unit":"px","top":"","right":"","bottom":"","left":"","isLinked":true},"_padding_mobile":{"unit":"px","top":"","right":"","bottom":"","left":"","isLinked":true},"_animation":"","animation_duration":"","_css_classes":"","_section_background":"","_background_background":"","_background_color":"","_background_image":{"url":"","id":""},"_background_position":"","_background_attachment":"","_background_repeat":"","_background_size":"","_background_video_link":"","_background_video_fallback":{"url":"","id":""},"_border_border":"","_border_width":{"unit":"px","top":"","right":"","bottom":"","left":"","isLinked":true},"_border_color":"","_border_radius":{"unit":"px","top":"","right":"","bottom":"","left":"","isLinked":true},"_box_shadow_box_shadow_type":"","_box_shadow_box_shadow":{"horizontal":0,"vertical":0,"blur":10,"spread":0,"inset":"","color":"rgba(0,0,0,0.5)"},"_section_responsive":"","responsive_description":"","hide_desktop":"","hide_tablet":"","hide_mobile":"","section_custom_css":"","custom_css":"","custom_css_description":"","section_custom_css_pro":"","custom_css_pro":""},"elements":[],"widgetType":"heading"},{"id":"vvrbrqt","elType":"section","settings":{"section_layout":"","layout":"boxed","content_width":{"unit":"px","size":""},"gap":"no","height_inner":"default","custom_height_inner":{"unit":"px","size":400},"column_position":"middle","content_position":"","structure":"30","section_background":"","background_background":"","background_color":"","background_image":{"url":"","id":""},"background_position":"","background_attachment":"","background_repeat":"","background_size":"","background_video_link":"","background_video_fallback":{"url":"","id":""},"background_overlay_section":"","background_overlay_background":"","background_overlay_color":"","background_overlay_image":{"url":"","id":""},"background_overlay_position":"","background_overlay_attachment":"","background_overlay_repeat":"","background_overlay_size":"","background_overlay_video_link":"","background_overlay_video_fallback":{"url":"","id":""},"background_overlay_opacity":{"unit":"px","size":0.5},"section_border":"","border_border":"","border_width":{"unit":"px","top":"","right":"","bottom":"","left":"","isLinked":true},"border_color":"","border_radius":{"unit":"px","top":"","right":"","bottom":"","left":"","isLinked":true},"box_shadow_box_shadow_type":"","box_shadow_box_shadow":{"horizontal":0,"vertical":0,"blur":10,"spread":0,"inset":"","color":"rgba(0,0,0,0.5)"},"section_typo":"","heading_color":"","color_text":"","color_link":"","color_link_hover":"","text_align":"","section_advanced":"","margin":{"unit":"px","top":"","right":"","bottom":"","left":"","isLinked":true},"margin_tablet":{"unit":"px","top":"","right":"","bottom":"","left":"","isLinked":true},"margin_mobile":{"unit":"px","top":"","right":"","bottom":"","left":"","isLinked":true},"padding":{"unit":"px","top":"30","right":"0","bottom":"30","left":"0","isLinked":false},"padding_tablet":{"unit":"px","top":"30","right":"0","bottom":"20","left":"0","isLinked":false},"padding_mobile":{"unit":"px","top":"","right":"","bottom":"","left":"","isLinked":true},"animation":"","animation_duration":"","css_classes":"","_section_responsive":"","reverse_order_mobile":"","heading_visibility":"","responsive_description":"","hide_desktop":"","hide_tablet":"","hide_mobile":"","section_custom_css":"","custom_css":"","custom_css_description":""},"elements":[{"id":"ciodzii","elType":"column","settings":{"_inline_size":null,"_column_size":33,"section_style":"","background_background":"","background_color":"","background_image":{"url":"","id":""},"background_position":"","background_attachment":"","background_repeat":"","background_size":"","background_video_link":"","background_video_fallback":{"url":"","id":""},"border_border":"","border_width":{"unit":"px","top":"","right":"","bottom":"","left":"","isLinked":true},"border_color":"","border_radius":{"unit":"px","top":"","right":"","bottom":"","left":"","isLinked":true},"box_shadow_box_shadow_type":"","box_shadow_box_shadow":{"horizontal":0,"vertical":0,"blur":10,"spread":0,"inset":"","color":"rgba(0,0,0,0.5)"},"section_background_overlay":"","background_overlay_background":"","background_overlay_color":"","background_overlay_image":{"url":"","id":""},"background_overlay_position":"","background_overlay_attachment":"","background_overlay_repeat":"","background_overlay_size":"","background_overlay_video_link":"","background_overlay_video_fallback":{"url":"","id":""},"background_overlay_opacity":{"unit":"px","size":0.5},"section_typo":"","heading_color":"","color_text":"","color_link":"","color_link_hover":"","text_align":"","section_advanced":"","margin":{"unit":"px","top":"0","right":"40","bottom":"0","left":"0","isLinked":false},"margin_tablet":{"unit":"px","top":"0","right":"20","bottom":"0","left":"0","isLinked":false},"margin_mobile":{"unit":"px","top":"0","right":"0","bottom":"0","left":"0","isLinked":true},"padding":{"unit":"px","top":"","right":"","bottom":"","left":"","isLinked":true},"padding_tablet":{"unit":"px","top":"","right":"","bottom":"","left":"","isLinked":true},"padding_mobile":{"unit":"px","top":"","right":"","bottom":"","left":"","isLinked":true},"animation":"","animation_duration":"","css_classes":"","section_responsive":"","screen_sm":"default","screen_sm_width":"100","screen_xs":"default","screen_xs_width":"100","section_custom_css":"","custom_css":"","custom_css_description":""},"elements":[{"id":"cxfpvfa","elType":"widget","settings":{"section_icon":"","view":"default","icon":"fa fa-briefcase","shape":"circle","title_text":"Workspace","description_text":"Customer centric hit the ground running powerPointless hammer out, so get all your ducks in a row nor high level ","link":{"is_external":"","url":""},"position":"top","title_size":"h3","section_style_icon":"","primary_color":"#bfc9d1","secondary_color":"","icon_space":{"unit":"px","size":15},"icon_size":{"unit":"px","size":""},"icon_padding":{"unit":"px","size":""},"rotate":{"unit":"deg","size":0},"border_width":{"unit":"px","top":"","right":"","bottom":"","left":"","isLinked":true},"border_radius":{"unit":"px","top":"","right":"","bottom":"","left":"","isLinked":true},"section_hover":"","hover_primary_color":"#e0c387","hover_secondary_color":"","hover_animation":"float","section_style_content":"","text_align":"","text_align_tablet":"","text_align_mobile":"","content_vertical_alignment":"top","heading_title":"","title_bottom_space":{"unit":"px","size":14},"title_bottom_space_tablet":{"unit":"px","size":""},"title_bottom_space_mobile":{"unit":"px","size":""},"title_color":"#002949","title_typography_typography":"custom","title_typography_font_size":{"unit":"px","size":"19"},"title_typography_font_size_tablet":{"unit":"px","size":""},"title_typography_font_size_mobile":{"unit":"px","size":""},"title_typography_font_family":"Poppins","title_typography_font_weight":"600","title_typography_text_transform":"","title_typography_font_style":"","title_typography_line_height":{"unit":"em","size":""},"title_typography_line_height_tablet":{"unit":"em","size":""},"title_typography_line_height_mobile":{"unit":"em","size":""},"title_typography_letter_spacing":{"unit":"px","size":""},"title_typography_letter_spacing_tablet":{"unit":"px","size":""},"title_typography_letter_spacing_mobile":{"unit":"px","size":""},"heading_description":"","description_color":"","description_typography_typography":"custom","description_typography_font_size":{"unit":"px","size":"15"},"description_typography_font_size_tablet":{"unit":"px","size":""},"description_typography_font_size_mobile":{"unit":"px","size":""},"description_typography_font_family":"Lora","description_typography_font_weight":"","description_typography_text_transform":"","description_typography_font_style":"","description_typography_line_height":{"unit":"em","size":"1.6"},"description_typography_line_height_tablet":{"unit":"em","size":""},"description_typography_line_height_mobile":{"unit":"em","size":""},"description_typography_letter_spacing":{"unit":"px","size":""},"description_typography_letter_spacing_tablet":{"unit":"px","size":""},"description_typography_letter_spacing_mobile":{"unit":"px","size":""},"_section_style":"","_margin":{"unit":"px","top":"","right":"","bottom":"","left":"","isLinked":true},"_margin_tablet":{"unit":"px","top":"","right":"","bottom":"","left":"","isLinked":true},"_margin_mobile":{"unit":"px","top":"0","right":"0","bottom":"30","left":"0","isLinked":false},"_padding":{"unit":"px","top":"65","right":"35","bottom":"65","left":"35","isLinked":false},"_padding_tablet":{"unit":"px","top":"","right":"","bottom":"","left":"","isLinked":true},"_padding_mobile":{"unit":"px","top":"","right":"","bottom":"","left":"","isLinked":true},"_animation":"","animation_duration":"","_css_classes":"","_section_background":"","_background_background":"classic","_background_color":"#ffffff","_background_image":{"url":"","id":""},"_background_position":"","_background_attachment":"","_background_repeat":"","_background_size":"","_background_video_link":"","_background_video_fallback":{"url":"","id":""},"_border_border":"solid","_border_width":{"unit":"px","top":"1","right":"1","bottom":"1","left":"1","isLinked":true},"_border_color":"#e0c387","_border_radius":{"unit":"px","top":"","right":"","bottom":"","left":"","isLinked":true},"_box_shadow_box_shadow_type":"outset","_box_shadow_box_shadow":{"horizontal":0,"vertical":0,"blur":23,"spread":0,"inset":"","color":"rgba(0,0,0,0.12)"},"_section_responsive":"","responsive_description":"","hide_desktop":"","hide_tablet":"","hide_mobile":"","section_custom_css":"","custom_css":"","custom_css_description":"","section_custom_css_pro":"","custom_css_pro":"","selected_icon":{"value":"fas fa-briefcase","library":"fa-solid"}},"elements":[],"widgetType":"icon-box"}],"isInner":true},{"id":"ozgvauf","elType":"column","settings":{"_inline_size":null,"_column_size":33,"section_style":"","background_background":"","background_color":"","background_image":{"url":"","id":""},"background_position":"","background_attachment":"","background_repeat":"","background_size":"","background_video_link":"","background_video_fallback":{"url":"","id":""},"border_border":"","border_width":{"unit":"px","top":"","right":"","bottom":"","left":"","isLinked":true},"border_color":"","border_radius":{"unit":"px","top":"","right":"","bottom":"","left":"","isLinked":true},"box_shadow_box_shadow_type":"","box_shadow_box_shadow":{"horizontal":0,"vertical":0,"blur":10,"spread":0,"inset":"","color":"rgba(0,0,0,0.5)"},"section_background_overlay":"","background_overlay_background":"","background_overlay_color":"","background_overlay_image":{"url":"","id":""},"background_overlay_position":"","background_overlay_attachment":"","background_overlay_repeat":"","background_overlay_size":"","background_overlay_video_link":"","background_overlay_video_fallback":{"url":"","id":""},"background_overlay_opacity":{"unit":"px","size":0.5},"section_typo":"","heading_color":"","color_text":"","color_link":"","color_link_hover":"","text_align":"","section_advanced":"","margin":{"unit":"px","top":"0","right":"20","bottom":"0","left":"20","isLinked":false},"margin_tablet":{"unit":"px","top":"0","right":"10","bottom":"0","left":"10","isLinked":false},"margin_mobile":{"unit":"px","top":"0","right":"0","bottom":"0","left":"0","isLinked":true},"padding":{"unit":"px","top":"","right":"","bottom":"","left":"","isLinked":true},"padding_tablet":{"unit":"px","top":"","right":"","bottom":"","left":"","isLinked":true},"padding_mobile":{"unit":"px","top":"","right":"","bottom":"","left":"","isLinked":true},"animation":"","animation_duration":"","css_classes":"","section_responsive":"","screen_sm":"default","screen_sm_width":"100","screen_xs":"default","screen_xs_width":"100","section_custom_css":"","custom_css":"","custom_css_description":""},"elements":[{"id":"zixwnyl","elType":"widget","settings":{"section_icon":"","view":"default","icon":"fa fa-shopping-bag","shape":"circle","title_text":"Storefront","description_text":"Customer centric hit the ground running powerPointless hammer out, so get all your ducks in a row nor high level ","link":{"is_external":"","url":""},"position":"top","title_size":"h3","section_style_icon":"","primary_color":"#bfc9d1","secondary_color":"","icon_space":{"unit":"px","size":15},"icon_size":{"unit":"px","size":""},"icon_padding":{"unit":"px","size":""},"rotate":{"unit":"deg","size":0},"border_width":{"unit":"px","top":"","right":"","bottom":"","left":"","isLinked":true},"border_radius":{"unit":"px","top":"","right":"","bottom":"","left":"","isLinked":true},"section_hover":"","hover_primary_color":"#e0c387","hover_secondary_color":"","hover_animation":"float","section_style_content":"","text_align":"","text_align_tablet":"","text_align_mobile":"","content_vertical_alignment":"top","heading_title":"","title_bottom_space":{"unit":"px","size":14},"title_bottom_space_tablet":{"unit":"px","size":""},"title_bottom_space_mobile":{"unit":"px","size":""},"title_color":"#002949","title_typography_typography":"custom","title_typography_font_size":{"unit":"px","size":"19"},"title_typography_font_size_tablet":{"unit":"px","size":""},"title_typography_font_size_mobile":{"unit":"px","size":""},"title_typography_font_family":"Poppins","title_typography_font_weight":"600","title_typography_text_transform":"","title_typography_font_style":"","title_typography_line_height":{"unit":"em","size":""},"title_typography_line_height_tablet":{"unit":"em","size":""},"title_typography_line_height_mobile":{"unit":"em","size":""},"title_typography_letter_spacing":{"unit":"px","size":""},"title_typography_letter_spacing_tablet":{"unit":"px","size":""},"title_typography_letter_spacing_mobile":{"unit":"px","size":""},"heading_description":"","description_color":"","description_typography_typography":"custom","description_typography_font_size":{"unit":"px","size":"15"},"description_typography_font_size_tablet":{"unit":"px","size":""},"description_typography_font_size_mobile":{"unit":"px","size":""},"description_typography_font_family":"Lora","description_typography_font_weight":"","description_typography_text_transform":"","description_typography_font_style":"","description_typography_line_height":{"unit":"em","size":"1.6"},"description_typography_line_height_tablet":{"unit":"em","size":""},"description_typography_line_height_mobile":{"unit":"em","size":""},"description_typography_letter_spacing":{"unit":"px","size":""},"description_typography_letter_spacing_tablet":{"unit":"px","size":""},"description_typography_letter_spacing_mobile":{"unit":"px","size":""},"_section_style":"","_margin":{"unit":"px","top":"","right":"","bottom":"","left":"","isLinked":true},"_margin_tablet":{"unit":"px","top":"","right":"","bottom":"","left":"","isLinked":true},"_margin_mobile":{"unit":"px","top":"0","right":"0","bottom":"30","left":"0","isLinked":false},"_padding":{"unit":"px","top":"65","right":"35","bottom":"65","left":"35","isLinked":false},"_padding_tablet":{"unit":"px","top":"","right":"","bottom":"","left":"","isLinked":true},"_padding_mobile":{"unit":"px","top":"","right":"","bottom":"","left":"","isLinked":true},"_animation":"","animation_duration":"","_css_classes":"","_section_background":"","_background_background":"classic","_background_color":"#ffffff","_background_image":{"url":"","id":""},"_background_position":"","_background_attachment":"","_background_repeat":"","_background_size":"","_background_video_link":"","_background_video_fallback":{"url":"","id":""},"_border_border":"solid","_border_width":{"unit":"px","top":"1","right":"1","bottom":"1","left":"1","isLinked":true},"_border_color":"#e0c387","_border_radius":{"unit":"px","top":"","right":"","bottom":"","left":"","isLinked":true},"_box_shadow_box_shadow_type":"outset","_box_shadow_box_shadow":{"horizontal":0,"vertical":0,"blur":23,"spread":0,"inset":"","color":"rgba(0,0,0,0.12)"},"_section_responsive":"","responsive_description":"","hide_desktop":"","hide_tablet":"","hide_mobile":"","section_custom_css":"","custom_css":"","custom_css_description":"","section_custom_css_pro":"","custom_css_pro":"","selected_icon":{"value":"fas fa-shopping-bag","library":"fa-solid"}},"elements":[],"widgetType":"icon-box"}],"isInner":true},{"id":"mrhhjfb","elType":"column","settings":{"_inline_size":null,"_column_size":33,"section_style":"","background_background":"","background_color":"","background_image":{"url":"","id":""},"background_position":"","background_attachment":"","background_repeat":"","background_size":"","background_video_link":"","background_video_fallback":{"url":"","id":""},"border_border":"","border_width":{"unit":"px","top":"","right":"","bottom":"","left":"","isLinked":true},"border_color":"","border_radius":{"unit":"px","top":"","right":"","bottom":"","left":"","isLinked":true},"box_shadow_box_shadow_type":"","box_shadow_box_shadow":{"horizontal":0,"vertical":0,"blur":10,"spread":0,"inset":"","color":"rgba(0,0,0,0.5)"},"section_background_overlay":"","background_overlay_background":"","background_overlay_color":"","background_overlay_image":{"url":"","id":""},"background_overlay_position":"","background_overlay_attachment":"","background_overlay_repeat":"","background_overlay_size":"","background_overlay_video_link":"","background_overlay_video_fallback":{"url":"","id":""},"background_overlay_opacity":{"unit":"px","size":0.5},"section_typo":"","heading_color":"","color_text":"","color_link":"","color_link_hover":"","text_align":"","section_advanced":"","margin":{"unit":"px","top":"0","right":"0","bottom":"0","left":"40","isLinked":false},"margin_tablet":{"unit":"px","top":"0","right":"0","bottom":"0","left":"20","isLinked":false},"margin_mobile":{"unit":"px","top":"0","right":"0","bottom":"0","left":"0","isLinked":true},"padding":{"unit":"px","top":"","right":"","bottom":"","left":"","isLinked":true},"padding_tablet":{"unit":"px","top":"","right":"","bottom":"","left":"","isLinked":true},"padding_mobile":{"unit":"px","top":"","right":"","bottom":"","left":"","isLinked":true},"animation":"","animation_duration":"","css_classes":"","section_responsive":"","screen_sm":"default","screen_sm_width":"100","screen_xs":"default","screen_xs_width":"100","section_custom_css":"","custom_css":"","custom_css_description":""},"elements":[{"id":"grtmyhe","elType":"widget","settings":{"section_icon":"","view":"default","icon":"fa fa-wpexplorer","shape":"circle","title_text":"Apartments","description_text":"Customer centric hit the ground running powerPointless hammer out, so get all your ducks in a row nor high level ","link":{"is_external":"","url":""},"position":"top","title_size":"h3","section_style_icon":"","primary_color":"#bfc9d1","secondary_color":"","icon_space":{"unit":"px","size":15},"icon_size":{"unit":"px","size":""},"icon_padding":{"unit":"px","size":""},"rotate":{"unit":"deg","size":0},"border_width":{"unit":"px","top":"","right":"","bottom":"","left":"","isLinked":true},"border_radius":{"unit":"px","top":"","right":"","bottom":"","left":"","isLinked":true},"section_hover":"","hover_primary_color":"#e0c387","hover_secondary_color":"","hover_animation":"float","section_style_content":"","text_align":"","text_align_tablet":"","text_align_mobile":"","content_vertical_alignment":"top","heading_title":"","title_bottom_space":{"unit":"px","size":14},"title_bottom_space_tablet":{"unit":"px","size":""},"title_bottom_space_mobile":{"unit":"px","size":""},"title_color":"#002949","title_typography_typography":"custom","title_typography_font_size":{"unit":"px","size":"19"},"title_typography_font_size_tablet":{"unit":"px","size":""},"title_typography_font_size_mobile":{"unit":"px","size":""},"title_typography_font_family":"Poppins","title_typography_font_weight":"600","title_typography_text_transform":"","title_typography_font_style":"","title_typography_line_height":{"unit":"em","size":""},"title_typography_line_height_tablet":{"unit":"em","size":""},"title_typography_line_height_mobile":{"unit":"em","size":""},"title_typography_letter_spacing":{"unit":"px","size":""},"title_typography_letter_spacing_tablet":{"unit":"px","size":""},"title_typography_letter_spacing_mobile":{"unit":"px","size":""},"heading_description":"","description_color":"","description_typography_typography":"custom","description_typography_font_size":{"unit":"px","size":"15"},"description_typography_font_size_tablet":{"unit":"px","size":""},"description_typography_font_size_mobile":{"unit":"px","size":""},"description_typography_font_family":"Lora","description_typography_font_weight":"","description_typography_text_transform":"","description_typography_font_style":"","description_typography_line_height":{"unit":"em","size":"1.6"},"description_typography_line_height_tablet":{"unit":"em","size":""},"description_typography_line_height_mobile":{"unit":"em","size":""},"description_typography_letter_spacing":{"unit":"px","size":""},"description_typography_letter_spacing_tablet":{"unit":"px","size":""},"description_typography_letter_spacing_mobile":{"unit":"px","size":""},"_section_style":"","_margin":{"unit":"px","top":"","right":"","bottom":"","left":"","isLinked":true},"_margin_tablet":{"unit":"px","top":"","right":"","bottom":"","left":"","isLinked":true},"_margin_mobile":{"unit":"px","top":"0","right":"0","bottom":"10","left":"0","isLinked":false},"_padding":{"unit":"px","top":"65","right":"35","bottom":"65","left":"35","isLinked":false},"_padding_tablet":{"unit":"px","top":"","right":"","bottom":"","left":"","isLinked":true},"_padding_mobile":{"unit":"px","top":"","right":"","bottom":"","left":"","isLinked":true},"_animation":"","animation_duration":"","_css_classes":"","_section_background":"","_background_background":"classic","_background_color":"#ffffff","_background_image":{"url":"","id":""},"_background_position":"","_background_attachment":"","_background_repeat":"","_background_size":"","_background_video_link":"","_background_video_fallback":{"url":"","id":""},"_border_border":"solid","_border_width":{"unit":"px","top":"1","right":"1","bottom":"1","left":"1","isLinked":true},"_border_color":"#e0c387","_border_radius":{"unit":"px","top":"","right":"","bottom":"","left":"","isLinked":true},"_box_shadow_box_shadow_type":"outset","_box_shadow_box_shadow":{"horizontal":0,"vertical":0,"blur":23,"spread":0,"inset":"","color":"rgba(0,0,0,0.12)"},"_section_responsive":"","responsive_description":"","hide_desktop":"","hide_tablet":"","hide_mobile":"","section_custom_css":"","custom_css":"","custom_css_description":"","section_custom_css_pro":"","custom_css_pro":"","selected_icon":{"value":"fab fa-wpexplorer","library":"fa-brands"}},"elements":[],"widgetType":"icon-box"}],"isInner":true}],"isInner":true},{"id":"zypqpal","elType":"section","settings":{"section_layout":"","layout":"boxed","content_width":{"unit":"px","size":""},"gap":"no","height_inner":"default","custom_height_inner":{"unit":"px","size":400},"column_position":"middle","content_position":"","structure":"30","section_background":"","background_background":"","background_color":"","background_image":{"url":"","id":""},"background_position":"","background_attachment":"","background_repeat":"","background_size":"","background_video_link":"","background_video_fallback":{"url":"","id":""},"background_overlay_section":"","background_overlay_background":"","background_overlay_color":"","background_overlay_image":{"url":"","id":""},"background_overlay_position":"","background_overlay_attachment":"","background_overlay_repeat":"","background_overlay_size":"","background_overlay_video_link":"","background_overlay_video_fallback":{"url":"","id":""},"background_overlay_opacity":{"unit":"px","size":0.5},"section_border":"","border_border":"","border_width":{"unit":"px","top":"","right":"","bottom":"","left":"","isLinked":true},"border_color":"","border_radius":{"unit":"px","top":"","right":"","bottom":"","left":"","isLinked":true},"box_shadow_box_shadow_type":"","box_shadow_box_shadow":{"horizontal":0,"vertical":0,"blur":10,"spread":0,"inset":"","color":"rgba(0,0,0,0.5)"},"section_typo":"","heading_color":"","color_text":"","color_link":"","color_link_hover":"","text_align":"","section_advanced":"","margin":{"unit":"px","top":"","right":"","bottom":"","left":"","isLinked":true},"margin_tablet":{"unit":"px","top":"","right":"","bottom":"","left":"","isLinked":true},"margin_mobile":{"unit":"px","top":"","right":"","bottom":"","left":"","isLinked":true},"padding":{"unit":"px","top":"30","right":"0","bottom":"30","left":"0","isLinked":false},"padding_tablet":{"unit":"px","top":"20","right":"0","bottom":"50","left":"0","isLinked":false},"padding_mobile":{"unit":"px","top":"","right":"","bottom":"","left":"","isLinked":true},"animation":"","animation_duration":"","css_classes":"","_section_responsive":"","reverse_order_mobile":"","heading_visibility":"","responsive_description":"","hide_desktop":"","hide_tablet":"","hide_mobile":"","section_custom_css":"","custom_css":"","custom_css_description":""},"elements":[{"id":"nscibon","elType":"column","settings":{"_inline_size":null,"_column_size":33,"section_style":"","background_background":"","background_color":"","background_image":{"url":"","id":""},"background_position":"","background_attachment":"","background_repeat":"","background_size":"","background_video_link":"","background_video_fallback":{"url":"","id":""},"border_border":"","border_width":{"unit":"px","top":"","right":"","bottom":"","left":"","isLinked":true},"border_color":"","border_radius":{"unit":"px","top":"","right":"","bottom":"","left":"","isLinked":true},"box_shadow_box_shadow_type":"","box_shadow_box_shadow":{"horizontal":0,"vertical":0,"blur":10,"spread":0,"inset":"","color":"rgba(0,0,0,0.5)"},"section_background_overlay":"","background_overlay_background":"","background_overlay_color":"","background_overlay_image":{"url":"","id":""},"background_overlay_position":"","background_overlay_attachment":"","background_overlay_repeat":"","background_overlay_size":"","background_overlay_video_link":"","background_overlay_video_fallback":{"url":"","id":""},"background_overlay_opacity":{"unit":"px","size":0.5},"section_typo":"","heading_color":"","color_text":"","color_link":"","color_link_hover":"","text_align":"","section_advanced":"","margin":{"unit":"px","top":"0","right":"40","bottom":"0","left":"0","isLinked":false},"margin_tablet":{"unit":"px","top":"0","right":"20","bottom":"0","left":"0","isLinked":false},"margin_mobile":{"unit":"px","top":"0","right":"0","bottom":"0","left":"0","isLinked":true},"padding":{"unit":"px","top":"","right":"","bottom":"","left":"","isLinked":true},"padding_tablet":{"unit":"px","top":"","right":"","bottom":"","left":"","isLinked":true},"padding_mobile":{"unit":"px","top":"","right":"","bottom":"","left":"","isLinked":true},"animation":"","animation_duration":"","css_classes":"","section_responsive":"","screen_sm":"default","screen_sm_width":"100","screen_xs":"default","screen_xs_width":"100","section_custom_css":"","custom_css":"","custom_css_description":""},"elements":[{"id":"kfzfsyh","elType":"widget","settings":{"section_icon":"","view":"default","icon":"fa fa-bell-o","shape":"circle","title_text":"Hotels","description_text":"Customer centric hit the ground running powerPointless hammer out, so get all your ducks in a row nor high level ","link":{"is_external":"","url":""},"position":"top","title_size":"h3","section_style_icon":"","primary_color":"#bfc9d1","secondary_color":"","icon_space":{"unit":"px","size":15},"icon_size":{"unit":"px","size":""},"icon_padding":{"unit":"px","size":""},"rotate":{"unit":"deg","size":0},"border_width":{"unit":"px","top":"","right":"","bottom":"","left":"","isLinked":true},"border_radius":{"unit":"px","top":"","right":"","bottom":"","left":"","isLinked":true},"section_hover":"","hover_primary_color":"#e0c387","hover_secondary_color":"","hover_animation":"float","section_style_content":"","text_align":"","text_align_tablet":"","text_align_mobile":"","content_vertical_alignment":"top","heading_title":"","title_bottom_space":{"unit":"px","size":14},"title_bottom_space_tablet":{"unit":"px","size":""},"title_bottom_space_mobile":{"unit":"px","size":""},"title_color":"#002949","title_typography_typography":"custom","title_typography_font_size":{"unit":"px","size":"19"},"title_typography_font_size_tablet":{"unit":"px","size":""},"title_typography_font_size_mobile":{"unit":"px","size":""},"title_typography_font_family":"Poppins","title_typography_font_weight":"600","title_typography_text_transform":"","title_typography_font_style":"","title_typography_line_height":{"unit":"em","size":""},"title_typography_line_height_tablet":{"unit":"em","size":""},"title_typography_line_height_mobile":{"unit":"em","size":""},"title_typography_letter_spacing":{"unit":"px","size":""},"title_typography_letter_spacing_tablet":{"unit":"px","size":""},"title_typography_letter_spacing_mobile":{"unit":"px","size":""},"heading_description":"","description_color":"","description_typography_typography":"custom","description_typography_font_size":{"unit":"px","size":"15"},"description_typography_font_size_tablet":{"unit":"px","size":""},"description_typography_font_size_mobile":{"unit":"px","size":""},"description_typography_font_family":"Lora","description_typography_font_weight":"","description_typography_text_transform":"","description_typography_font_style":"","description_typography_line_height":{"unit":"em","size":"1.6"},"description_typography_line_height_tablet":{"unit":"em","size":""},"description_typography_line_height_mobile":{"unit":"em","size":""},"description_typography_letter_spacing":{"unit":"px","size":""},"description_typography_letter_spacing_tablet":{"unit":"px","size":""},"description_typography_letter_spacing_mobile":{"unit":"px","size":""},"_section_style":"","_margin":{"unit":"px","top":"","right":"","bottom":"","left":"","isLinked":true},"_margin_tablet":{"unit":"px","top":"","right":"","bottom":"","left":"","isLinked":true},"_margin_mobile":{"unit":"px","top":"0","right":"0","bottom":"30","left":"0","isLinked":false},"_padding":{"unit":"px","top":"65","right":"35","bottom":"65","left":"35","isLinked":false},"_padding_tablet":{"unit":"px","top":"","right":"","bottom":"","left":"","isLinked":true},"_padding_mobile":{"unit":"px","top":"","right":"","bottom":"","left":"","isLinked":true},"_animation":"","animation_duration":"","_css_classes":"","_section_background":"","_background_background":"classic","_background_color":"#ffffff","_background_image":{"url":"","id":""},"_background_position":"","_background_attachment":"","_background_repeat":"","_background_size":"","_background_video_link":"","_background_video_fallback":{"url":"","id":""},"_border_border":"solid","_border_width":{"unit":"px","top":"1","right":"1","bottom":"1","left":"1","isLinked":true},"_border_color":"#e0c387","_border_radius":{"unit":"px","top":"","right":"","bottom":"","left":"","isLinked":true},"_box_shadow_box_shadow_type":"outset","_box_shadow_box_shadow":{"horizontal":0,"vertical":0,"blur":23,"spread":0,"inset":"","color":"rgba(0,0,0,0.12)"},"_section_responsive":"","responsive_description":"","hide_desktop":"","hide_tablet":"","hide_mobile":"","section_custom_css":"","custom_css":"","custom_css_description":"","section_custom_css_pro":"","custom_css_pro":"","selected_icon":{"value":"far fa-bell","library":"fa-regular"}},"elements":[],"widgetType":"icon-box"}],"isInner":true},{"id":"gfqcgtb","elType":"column","settings":{"_inline_size":null,"_column_size":33,"section_style":"","background_background":"","background_color":"","background_image":{"url":"","id":""},"background_position":"","background_attachment":"","background_repeat":"","background_size":"","background_video_link":"","background_video_fallback":{"url":"","id":""},"border_border":"","border_width":{"unit":"px","top":"","right":"","bottom":"","left":"","isLinked":true},"border_color":"","border_radius":{"unit":"px","top":"","right":"","bottom":"","left":"","isLinked":true},"box_shadow_box_shadow_type":"","box_shadow_box_shadow":{"horizontal":0,"vertical":0,"blur":10,"spread":0,"inset":"","color":"rgba(0,0,0,0.5)"},"section_background_overlay":"","background_overlay_background":"","background_overlay_color":"","background_overlay_image":{"url":"","id":""},"background_overlay_position":"","background_overlay_attachment":"","background_overlay_repeat":"","background_overlay_size":"","background_overlay_video_link":"","background_overlay_video_fallback":{"url":"","id":""},"background_overlay_opacity":{"unit":"px","size":0.5},"section_typo":"","heading_color":"","color_text":"","color_link":"","color_link_hover":"","text_align":"","section_advanced":"","margin":{"unit":"px","top":"0","right":"20","bottom":"0","left":"20","isLinked":false},"margin_tablet":{"unit":"px","top":"0","right":"10","bottom":"0","left":"10","isLinked":false},"margin_mobile":{"unit":"px","top":"0","right":"0","bottom":"0","left":"0","isLinked":true},"padding":{"unit":"px","top":"","right":"","bottom":"","left":"","isLinked":true},"padding_tablet":{"unit":"px","top":"","right":"","bottom":"","left":"","isLinked":true},"padding_mobile":{"unit":"px","top":"","right":"","bottom":"","left":"","isLinked":true},"animation":"","animation_duration":"","css_classes":"","section_responsive":"","screen_sm":"default","screen_sm_width":"100","screen_xs":"default","screen_xs_width":"100","section_custom_css":"","custom_css":"","custom_css_description":""},"elements":[{"id":"vrzttew","elType":"widget","settings":{"section_icon":"","view":"default","icon":"fa fa-connectdevelop","shape":"circle","title_text":"Concepts","description_text":"Customer centric hit the ground running powerPointless hammer out, so get all your ducks in a row nor high level ","link":{"is_external":"","url":""},"position":"top","title_size":"h3","section_style_icon":"","primary_color":"#bfc9d1","secondary_color":"","icon_space":{"unit":"px","size":15},"icon_size":{"unit":"px","size":""},"icon_padding":{"unit":"px","size":""},"rotate":{"unit":"deg","size":0},"border_width":{"unit":"px","top":"","right":"","bottom":"","left":"","isLinked":true},"border_radius":{"unit":"px","top":"","right":"","bottom":"","left":"","isLinked":true},"section_hover":"","hover_primary_color":"#e0c387","hover_secondary_color":"","hover_animation":"float","section_style_content":"","text_align":"","text_align_tablet":"","text_align_mobile":"","content_vertical_alignment":"top","heading_title":"","title_bottom_space":{"unit":"px","size":14},"title_bottom_space_tablet":{"unit":"px","size":""},"title_bottom_space_mobile":{"unit":"px","size":""},"title_color":"#002949","title_typography_typography":"custom","title_typography_font_size":{"unit":"px","size":"19"},"title_typography_font_size_tablet":{"unit":"px","size":""},"title_typography_font_size_mobile":{"unit":"px","size":""},"title_typography_font_family":"Poppins","title_typography_font_weight":"600","title_typography_text_transform":"","title_typography_font_style":"","title_typography_line_height":{"unit":"em","size":""},"title_typography_line_height_tablet":{"unit":"em","size":""},"title_typography_line_height_mobile":{"unit":"em","size":""},"title_typography_letter_spacing":{"unit":"px","size":""},"title_typography_letter_spacing_tablet":{"unit":"px","size":""},"title_typography_letter_spacing_mobile":{"unit":"px","size":""},"heading_description":"","description_color":"","description_typography_typography":"custom","description_typography_font_size":{"unit":"px","size":"15"},"description_typography_font_size_tablet":{"unit":"px","size":""},"description_typography_font_size_mobile":{"unit":"px","size":""},"description_typography_font_family":"Lora","description_typography_font_weight":"","description_typography_text_transform":"","description_typography_font_style":"","description_typography_line_height":{"unit":"em","size":"1.6"},"description_typography_line_height_tablet":{"unit":"em","size":""},"description_typography_line_height_mobile":{"unit":"em","size":""},"description_typography_letter_spacing":{"unit":"px","size":""},"description_typography_letter_spacing_tablet":{"unit":"px","size":""},"description_typography_letter_spacing_mobile":{"unit":"px","size":""},"_section_style":"","_margin":{"unit":"px","top":"","right":"","bottom":"","left":"","isLinked":true},"_margin_tablet":{"unit":"px","top":"","right":"","bottom":"","left":"","isLinked":true},"_margin_mobile":{"unit":"px","top":"0","right":"0","bottom":"30","left":"0","isLinked":false},"_padding":{"unit":"px","top":"65","right":"35","bottom":"65","left":"35","isLinked":false},"_padding_tablet":{"unit":"px","top":"","right":"","bottom":"","left":"","isLinked":true},"_padding_mobile":{"unit":"px","top":"","right":"","bottom":"","left":"","isLinked":true},"_animation":"","animation_duration":"","_css_classes":"","_section_background":"","_background_background":"classic","_background_color":"#ffffff","_background_image":{"url":"","id":""},"_background_position":"","_background_attachment":"","_background_repeat":"","_background_size":"","_background_video_link":"","_background_video_fallback":{"url":"","id":""},"_border_border":"solid","_border_width":{"unit":"px","top":"1","right":"1","bottom":"1","left":"1","isLinked":true},"_border_color":"#e0c387","_border_radius":{"unit":"px","top":"","right":"","bottom":"","left":"","isLinked":true},"_box_shadow_box_shadow_type":"outset","_box_shadow_box_shadow":{"horizontal":0,"vertical":0,"blur":23,"spread":0,"inset":"","color":"rgba(0,0,0,0.12)"},"_section_responsive":"","responsive_description":"","hide_desktop":"","hide_tablet":"","hide_mobile":"","section_custom_css":"","custom_css":"","custom_css_description":"","section_custom_css_pro":"","custom_css_pro":"","selected_icon":{"value":"fab fa-connectdevelop","library":"fa-brands"}},"elements":[],"widgetType":"icon-box"}],"isInner":true},{"id":"keljjtn","elType":"column","settings":{"_inline_size":null,"_column_size":33,"section_style":"","background_background":"","background_color":"","background_image":{"url":"","id":""},"background_position":"","background_attachment":"","background_repeat":"","background_size":"","background_video_link":"","background_video_fallback":{"url":"","id":""},"border_border":"","border_width":{"unit":"px","top":"","right":"","bottom":"","left":"","isLinked":true},"border_color":"","border_radius":{"unit":"px","top":"","right":"","bottom":"","left":"","isLinked":true},"box_shadow_box_shadow_type":"","box_shadow_box_shadow":{"horizontal":0,"vertical":0,"blur":10,"spread":0,"inset":"","color":"rgba(0,0,0,0.5)"},"section_background_overlay":"","background_overlay_background":"","background_overlay_color":"","background_overlay_image":{"url":"","id":""},"background_overlay_position":"","background_overlay_attachment":"","background_overlay_repeat":"","background_overlay_size":"","background_overlay_video_link":"","background_overlay_video_fallback":{"url":"","id":""},"background_overlay_opacity":{"unit":"px","size":0.5},"section_typo":"","heading_color":"","color_text":"","color_link":"","color_link_hover":"","text_align":"","section_advanced":"","margin":{"unit":"px","top":"0","right":"0","bottom":"0","left":"40","isLinked":false},"margin_tablet":{"unit":"px","top":"0","right":"0","bottom":"0","left":"20","isLinked":false},"margin_mobile":{"unit":"px","top":"0","right":"0","bottom":"0","left":"0","isLinked":true},"padding":{"unit":"px","top":"","right":"","bottom":"","left":"","isLinked":true},"padding_tablet":{"unit":"px","top":"","right":"","bottom":"","left":"","isLinked":true},"padding_mobile":{"unit":"px","top":"","right":"","bottom":"","left":"","isLinked":true},"animation":"","animation_duration":"","css_classes":"","section_responsive":"","screen_sm":"default","screen_sm_width":"100","screen_xs":"default","screen_xs_width":"100","section_custom_css":"","custom_css":"","custom_css_description":""},"elements":[{"id":"oeezsgu","elType":"widget","settings":{"section_icon":"","view":"default","icon":"fa fa-glass","shape":"circle","title_text":"Restaurant","description_text":"Customer centric hit the ground running powerPointless hammer out, so get all your ducks in a row nor high level ","link":{"is_external":"","url":""},"position":"top","title_size":"h3","section_style_icon":"","primary_color":"#bfc9d1","secondary_color":"","icon_space":{"unit":"px","size":15},"icon_size":{"unit":"px","size":""},"icon_padding":{"unit":"px","size":""},"rotate":{"unit":"deg","size":0},"border_width":{"unit":"px","top":"","right":"","bottom":"","left":"","isLinked":true},"border_radius":{"unit":"px","top":"","right":"","bottom":"","left":"","isLinked":true},"section_hover":"","hover_primary_color":"#e0c387","hover_secondary_color":"","hover_animation":"float","section_style_content":"","text_align":"","text_align_tablet":"","text_align_mobile":"","content_vertical_alignment":"top","heading_title":"","title_bottom_space":{"unit":"px","size":14},"title_bottom_space_tablet":{"unit":"px","size":""},"title_bottom_space_mobile":{"unit":"px","size":""},"title_color":"#002949","title_typography_typography":"custom","title_typography_font_size":{"unit":"px","size":"19"},"title_typography_font_size_tablet":{"unit":"px","size":""},"title_typography_font_size_mobile":{"unit":"px","size":""},"title_typography_font_family":"Poppins","title_typography_font_weight":"600","title_typography_text_transform":"","title_typography_font_style":"","title_typography_line_height":{"unit":"em","size":""},"title_typography_line_height_tablet":{"unit":"em","size":""},"title_typography_line_height_mobile":{"unit":"em","size":""},"title_typography_letter_spacing":{"unit":"px","size":""},"title_typography_letter_spacing_tablet":{"unit":"px","size":""},"title_typography_letter_spacing_mobile":{"unit":"px","size":""},"heading_description":"","description_color":"","description_typography_typography":"custom","description_typography_font_size":{"unit":"px","size":"15"},"description_typography_font_size_tablet":{"unit":"px","size":""},"description_typography_font_size_mobile":{"unit":"px","size":""},"description_typography_font_family":"Lora","description_typography_font_weight":"","description_typography_text_transform":"","description_typography_font_style":"","description_typography_line_height":{"unit":"em","size":"1.6"},"description_typography_line_height_tablet":{"unit":"em","size":""},"description_typography_line_height_mobile":{"unit":"em","size":""},"description_typography_letter_spacing":{"unit":"px","size":""},"description_typography_letter_spacing_tablet":{"unit":"px","size":""},"description_typography_letter_spacing_mobile":{"unit":"px","size":""},"_section_style":"","_margin":{"unit":"px","top":"","right":"","bottom":"","left":"","isLinked":true},"_margin_tablet":{"unit":"px","top":"","right":"","bottom":"","left":"","isLinked":true},"_margin_mobile":{"unit":"px","top":"","right":"","bottom":"","left":"","isLinked":true},"_padding":{"unit":"px","top":"65","right":"35","bottom":"65","left":"35","isLinked":false},"_padding_tablet":{"unit":"px","top":"","right":"","bottom":"","left":"","isLinked":true},"_padding_mobile":{"unit":"px","top":"","right":"","bottom":"","left":"","isLinked":true},"_animation":"","animation_duration":"","_css_classes":"","_section_background":"","_background_background":"classic","_background_color":"#ffffff","_background_image":{"url":"","id":""},"_background_position":"","_background_attachment":"","_background_repeat":"","_background_size":"","_background_video_link":"","_background_video_fallback":{"url":"","id":""},"_border_border":"solid","_border_width":{"unit":"px","top":"1","right":"1","bottom":"1","left":"1","isLinked":true},"_border_color":"#e0c387","_border_radius":{"unit":"px","top":"","right":"","bottom":"","left":"","isLinked":true},"_box_shadow_box_shadow_type":"outset","_box_shadow_box_shadow":{"horizontal":0,"vertical":0,"blur":23,"spread":0,"inset":"","color":"rgba(0,0,0,0.12)"},"_section_responsive":"","responsive_description":"","hide_desktop":"","hide_tablet":"","hide_mobile":"","section_custom_css":"","custom_css":"","custom_css_description":"","section_custom_css_pro":"","custom_css_pro":"","selected_icon":{"value":"fas fa-glass-martini","library":"fa-solid"}},"elements":[],"widgetType":"icon-box"}],"isInner":true}],"isInner":true}],"isInner":false}],"isInner":false},{"id":"vulcsuc","elType":"section","settings":{"section_layout":"","stretch_section":"","layout":"full_width","content_width":{"unit":"px","size":""},"gap":"no","height":"min-height","custom_height":{"unit":"px","size":""},"column_position":"stretch","content_position":"middle","structure":"20","section_background":"","background_background":"classic","background_color":"","background_image":{"id":735,"url":"https:\/\/library.elementor.com\/wp-content\/uploads\/2017\/01\/StockSnap_60RZGXHD06.jpg"},"background_position":"center left","background_attachment":"","background_repeat":"","background_size":"cover","background_video_link":"","background_video_fallback":{"url":"","id":""},"background_overlay_section":"","background_overlay_background":"","background_overlay_color":"","background_overlay_image":{"url":"","id":""},"background_overlay_position":"","background_overlay_attachment":"","background_overlay_repeat":"","background_overlay_size":"","background_overlay_video_link":"","background_overlay_video_fallback":{"url":"","id":""},"background_overlay_opacity":{"unit":"px","size":0.5},"section_border":"","border_border":"","border_width":{"unit":"px","top":"","right":"","bottom":"","left":"","isLinked":true},"border_color":"","border_radius":{"unit":"px","top":"","right":"","bottom":"","left":"","isLinked":true},"box_shadow_box_shadow_type":"","box_shadow_box_shadow":{"horizontal":0,"vertical":0,"blur":10,"spread":0,"inset":"","color":"rgba(0,0,0,0.5)"},"section_typo":"","heading_color":"","color_text":"","color_link":"","color_link_hover":"","text_align":"","section_advanced":"","margin":{"unit":"px","top":"0","right":0,"bottom":"20","left":0,"isLinked":false},"margin_tablet":{"unit":"px","top":"","right":"","bottom":"","left":"","isLinked":true},"margin_mobile":{"unit":"px","top":"","right":"","bottom":"","left":"","isLinked":true},"padding":{"unit":"px","top":"","right":"","bottom":"","left":"","isLinked":true},"padding_tablet":{"unit":"px","top":"","right":"","bottom":"","left":"","isLinked":true},"padding_mobile":{"unit":"px","top":"","right":"","bottom":"","left":"","isLinked":true},"animation":"","animation_duration":"","css_classes":"","_section_responsive":"","reverse_order_mobile":"","heading_visibility":"","responsive_description":"","hide_desktop":"","hide_tablet":"","hide_mobile":"","section_custom_css":"","custom_css":"","custom_css_description":"","section_custom_css_pro":"","custom_css_pro":""},"elements":[{"id":"mkyypvt","elType":"column","settings":{"_inline_size":"38.333","_column_size":50,"section_style":"","background_background":"none","background_color":"#ffffff","background_image":{"url":"","id":""},"background_position":"center center","background_attachment":"","background_repeat":"","background_size":"cover","background_video_link":"","background_video_fallback":{"url":"","id":""},"border_border":"","border_width":{"unit":"px","top":"","right":"","bottom":"","left":"","isLinked":true},"border_color":"","border_radius":{"unit":"px","top":"","right":"","bottom":"","left":"","isLinked":true},"box_shadow_box_shadow_type":"","box_shadow_box_shadow":{"horizontal":0,"vertical":0,"blur":10,"spread":0,"inset":"","color":"rgba(0,0,0,0.5)"},"section_background_overlay":"","background_overlay_background":"","background_overlay_color":"","background_overlay_image":{"url":"","id":""},"background_overlay_position":"","background_overlay_attachment":"","background_overlay_repeat":"","background_overlay_size":"","background_overlay_video_link":"","background_overlay_video_fallback":{"url":"","id":""},"background_overlay_opacity":{"unit":"px","size":0.5},"section_typo":"","heading_color":"","color_text":"","color_link":"","color_link_hover":"","text_align":"","section_advanced":"","margin":{"unit":"px","top":"","right":"","bottom":"","left":"","isLinked":true},"margin_tablet":{"unit":"px","top":"","right":"","bottom":"","left":"","isLinked":true},"margin_mobile":{"unit":"px","top":"","right":"","bottom":"","left":"","isLinked":true},"padding":{"unit":"px","top":"","right":"","bottom":"","left":"","isLinked":true},"padding_tablet":{"unit":"px","top":"","right":"","bottom":"","left":"","isLinked":true},"padding_mobile":{"unit":"px","top":"","right":"","bottom":"","left":"","isLinked":true},"animation":"","animation_duration":"","css_classes":"","section_responsive":"","screen_sm":"default","screen_sm_width":"100","screen_xs":"default","screen_xs_width":"100","section_custom_css":"","custom_css":"","custom_css_description":"","section_custom_css_pro":"","custom_css_pro":""},"elements":[],"isInner":false},{"id":"wztekdk","elType":"column","settings":{"_inline_size":"61.667","_column_size":50,"section_style":"","background_background":"classic","background_color":"#e0c387","background_image":{"url":"","id":""},"background_position":"","background_attachment":"","background_repeat":"","background_size":"","background_video_link":"","background_video_fallback":{"url":"","id":""},"border_border":"","border_width":{"unit":"px","top":"","right":"","bottom":"","left":"","isLinked":true},"border_color":"","border_radius":{"unit":"px","top":"","right":"","bottom":"","left":"","isLinked":true},"box_shadow_box_shadow_type":"","box_shadow_box_shadow":{"horizontal":0,"vertical":0,"blur":10,"spread":0,"inset":"","color":"rgba(0,0,0,0.5)"},"section_background_overlay":"","background_overlay_background":"","background_overlay_color":"","background_overlay_image":{"url":"","id":""},"background_overlay_position":"","background_overlay_attachment":"","background_overlay_repeat":"","background_overlay_size":"","background_overlay_video_link":"","background_overlay_video_fallback":{"url":"","id":""},"background_overlay_opacity":{"unit":"px","size":0.5},"section_typo":"","heading_color":"","color_text":"","color_link":"","color_link_hover":"","text_align":"","section_advanced":"","margin":{"unit":"px","top":"","right":"","bottom":"","left":"","isLinked":true},"margin_tablet":{"unit":"px","top":"","right":"","bottom":"","left":"","isLinked":true},"margin_mobile":{"unit":"px","top":"","right":"","bottom":"","left":"","isLinked":true},"padding":{"unit":"%","top":"9","right":"16","bottom":"9","left":"0","isLinked":false},"padding_tablet":{"unit":"px","top":"","right":"","bottom":"","left":"","isLinked":true},"padding_mobile":{"unit":"px","top":"50","right":"30","bottom":"50","left":"0","isLinked":false},"animation":"","animation_duration":"","css_classes":"","section_responsive":"","screen_sm":"default","screen_sm_width":"100","screen_xs":"default","screen_xs_width":"100","section_custom_css":"","custom_css":"","custom_css_description":"","section_custom_css_pro":"","custom_css_pro":""},"elements":[{"id":"shiuhjc","elType":"widget","settings":{"section_testimonial":"","testimonial_content":"\"Click edit button to change this text. Lorem ipsum dolor sit amet, consectetur adipiscing elit. Ut elit tellus, luctus nec ullamcorper mattis, pulvinar dapibus\"","testimonial_image":{"id":"731","url":"https:\/\/library.elementor.com\/wp-content\/uploads\/2017\/01\/cropped-StockSnap_H7X6H0Q4IA.jpg"},"testimonial_name":"Stephen Geist","testimonial_job":"Artist","testimonial_image_position":"top","testimonial_alignment":"center","view":"traditional","section_style_testimonial_content":"","content_content_color":"","content_typography_typography":"custom","content_typography_font_size":{"unit":"px","size":""},"content_typography_font_size_tablet":{"unit":"px","size":""},"content_typography_font_size_mobile":{"unit":"px","size":""},"content_typography_font_family":"Lora","content_typography_font_weight":"","content_typography_text_transform":"","content_typography_font_style":"","content_typography_line_height":{"unit":"em","size":1.9},"content_typography_line_height_tablet":{"unit":"em","size":""},"content_typography_line_height_mobile":{"unit":"em","size":""},"content_typography_letter_spacing":{"unit":"px","size":""},"content_typography_letter_spacing_tablet":{"unit":"px","size":""},"content_typography_letter_spacing_mobile":{"unit":"px","size":""},"section_style_testimonial_image":"","image_size":{"unit":"px","size":86},"image_border_border":"","image_border_width":{"unit":"px","top":"","right":"","bottom":"","left":"","isLinked":true},"image_border_color":"","image_border_radius":{"unit":"px","top":"","right":"","bottom":"","left":"","isLinked":true},"section_style_testimonial_name":"","name_text_color":"#002949","name_typography_typography":"custom","name_typography_font_size":{"unit":"px","size":""},"name_typography_font_size_tablet":{"unit":"px","size":""},"name_typography_font_size_mobile":{"unit":"px","size":""},"name_typography_font_family":"Poppins","name_typography_font_weight":"600","name_typography_text_transform":"uppercase","name_typography_font_style":"","name_typography_line_height":{"unit":"em","size":""},"name_typography_line_height_tablet":{"unit":"em","size":""},"name_typography_line_height_mobile":{"unit":"em","size":""},"name_typography_letter_spacing":{"unit":"px","size":2.1},"name_typography_letter_spacing_tablet":{"unit":"px","size":""},"name_typography_letter_spacing_mobile":{"unit":"px","size":""},"section_style_testimonial_job":"","job_text_color":"#e0c387","job_typography_typography":"custom","job_typography_font_size":{"unit":"px","size":""},"job_typography_font_size_tablet":{"unit":"px","size":""},"job_typography_font_size_mobile":{"unit":"px","size":""},"job_typography_font_family":"Lora","job_typography_font_weight":"","job_typography_text_transform":"","job_typography_font_style":"","job_typography_line_height":{"unit":"em","size":1.7},"job_typography_line_height_tablet":{"unit":"em","size":""},"job_typography_line_height_mobile":{"unit":"em","size":""},"job_typography_letter_spacing":{"unit":"px","size":""},"job_typography_letter_spacing_tablet":{"unit":"px","size":""},"job_typography_letter_spacing_mobile":{"unit":"px","size":""},"_section_style":"","_margin":{"unit":"%","top":"0","right":"0","bottom":"0","left":"-17","isLinked":false},"_margin_tablet":{"unit":"px","top":"","right":"","bottom":"","left":"","isLinked":true},"_margin_mobile":{"unit":"px","top":"0","right":"0","bottom":"0","left":"0","isLinked":true},"_padding":{"unit":"px","top":"80","right":"50","bottom":"80","left":"50","isLinked":false},"_padding_tablet":{"unit":"px","top":"","right":"","bottom":"","left":"","isLinked":true},"_padding_mobile":{"unit":"px","top":"40","right":"40","bottom":"40","left":"40","isLinked":true},"_animation":"","animation_duration":"","_css_classes":"","_section_background":"","_background_background":"classic","_background_color":"#ffffff","_background_image":{"url":"","id":""},"_background_position":"","_background_attachment":"","_background_repeat":"","_background_size":"","_background_video_link":"","_background_video_fallback":{"url":"","id":""},"_border_border":"","_border_width":{"unit":"px","top":"","right":"","bottom":"","left":"","isLinked":true},"_border_color":"","_border_radius":{"unit":"px","top":"","right":"","bottom":"","left":"","isLinked":true},"_box_shadow_box_shadow_type":"outset","_box_shadow_box_shadow":{"horizontal":0,"vertical":0,"blur":"50","spread":0,"inset":"","color":"rgba(0,0,0,0.18)"},"_section_responsive":"","responsive_description":"","hide_desktop":"","hide_tablet":"","hide_mobile":"","section_custom_css":"","custom_css":"","custom_css_description":"","section_custom_css_pro":"","custom_css_pro":""},"elements":[],"widgetType":"testimonial"}],"isInner":false}],"isInner":false}],"page_settings":[]}