{"content":[{"id":"2341d828","elType":"section","settings":{"gap":"no","custom_height":{"unit":"px","size":80},"content_position":"middle","structure":"33","background_background":"classic","background_color":"#ffffff","margin":{"unit":"px","top":"","right":0,"bottom":"","left":0,"isLinked":true},"padding_tablet":{"unit":"px","top":"30","right":"20","bottom":"30","left":"20","isLinked":false},"padding_mobile":{"unit":"px","top":"20","right":"20","bottom":"20","left":"20","isLinked":false},"height":"min-height","background_color_b":"#f9f9f9","html_tag":"header"},"elements":[{"id":"73c4cd94","elType":"column","settings":{"_column_size":25,"_inline_size":null,"_inline_size_mobile":50},"elements":[{"id":"82ff28f","elType":"widget","settings":{"__dynamic__":{"image":"[elementor-tag id=\"\" name=\"site-logo\" settings=\"%7B%7D\"]","link":"[elementor-tag id=\"\" name=\"site-url\" settings=\"%7B%7D\"]"},"width":{"unit":"px","size":120},"width_mobile":{"unit":"px","size":70}},"elements":[],"widgetType":"theme-site-logo"}],"isInner":false},{"id":"3cded942","elType":"column","settings":{"_column_size":50,"_inline_size":70.439,"_inline_size_mobile":35},"elements":[{"id":"654952ae","elType":"widget","settings":{"align_items":"right","animation_text":"sink","toggle_align":"right","color_menu_item":"#2a302f","color_menu_item_hover":"#00ce1b","pointer_color_menu_item_hover":"#00ce1b","menu_typography_typography":"custom","menu_typography_font_size":{"unit":"px","size":15},"pointer_width":{"unit":"px","size":5},"color_dropdown_item":"#000000","background_color_dropdown_item":"#f2f2f2","color_dropdown_item_hover":"#00ce1b","background_color_dropdown_item_hover":"#ededed","dropdown_typography_typography":"custom","dropdown_typography_font_size":{"unit":"px","size":15},"toggle_color":"#000000","toggle_color_hover":"#00ce1b","toggle_size":{"unit":"px","size":25},"toggle_border_width":{"unit":"px","size":0},"toggle_border_radius":{"unit":"px","size":0},"menu_typography_font_weight":"500","padding_vertical_menu_item":{"unit":"px","size":40},"full_width":"stretch","dropdown_top_distance_tablet":{"unit":"px","size":45},"dropdown_top_distance_mobile":{"unit":"px","size":35},"toggle_background_color":"rgba(0,0,0,0)"},"elements":[],"widgetType":"nav-menu"}],"isInner":false},{"id":"1f634c38","elType":"column","settings":{"_column_size":25,"_inline_size":4.561,"_inline_size_mobile":15},"elements":[{"id":"6436c80d","elType":"widget","settings":{"skin":"full_screen","placeholder":"Search...","button_text":"Search","toggle_align":"right","toggle_size":{"unit":"px","size":40},"overlay_background_color":"rgba(0,0,0,0.87)","input_typography_typography":"custom","input_typography_font_size":{"unit":"px","size":35},"toggle_color":"#2a302f","toggle_icon_size":{"unit":"px","size":50},"toggle_background_color":"rgba(0,0,0,0)"},"elements":[],"widgetType":"search-form"}],"isInner":false}],"isInner":false}],"page_settings":[]}