{"content":[{"id":"4d98c93c","elType":"section","settings":{"margin":{"unit":"px","top":"50","right":0,"bottom":"50","left":0,"isLinked":true}},"elements":[{"id":"1733dd16","elType":"column","settings":{"_column_size":100,"background_background":"classic","background_color":"#ffffff","padding":{"unit":"px","top":"60","right":"60","bottom":"60","left":"60","isLinked":true},"box_shadow_box_shadow":{"horizontal":0,"vertical":0,"blur":34,"spread":0,"color":"rgba(0,0,0,0.11)"},"padding_mobile":{"unit":"px","top":"0","right":"0","bottom":"0","left":"0","isLinked":true}},"elements":[{"id":"1bdb88c4","elType":"widget","settings":{"typography_typography":"custom","typography_font_size":{"unit":"px","size":12},"text_color":"#7a7a7a","link_color":"#7a7a7a","link_hover_color":"#000000"},"elements":[],"widgetType":"breadcrumbs"},{"id":"6d72507e","elType":"widget","settings":{"__dynamic__":{"title":"[elementor-tag id=\"\" name=\"post-title\" settings=\"%7B%22before%22%3A%22%22%2C%22after%22%3A%22%22%2C%22fallback%22%3A%22%22%7D\"]"},"title":"Add Your Heading Text Here","title_color":"#000000","typography_typography":"custom","typography_font_size":{"unit":"px","size":60},"typography_font_size_mobile":{"unit":"px","size":33},"typography_font_weight":"600","_margin":{"unit":"px","top":"0","right":"0","bottom":"30","left":"0","isLinked":false}},"elements":[],"widgetType":"theme-post-title"},{"id":"43ab31dd","elType":"widget","settings":{"icon_list":[{"type":"author","icon":"fa fa-user-circle-o","_id":"a339c7b","date_format":"default","custom_date_format":"F j, Y","time_format":"default","custom_time_format":"g:i a","taxonomy":[],"text_prefix":"By","show_avatar":"","avatar_size":{"unit":"px","size":""},"avatar_size_tablet":{"unit":"px","size":""},"avatar_size_mobile":{"unit":"px","size":""},"comments_custom_strings":"","string_no_comments":"","string_one_comment":"","string_comments":"","link":"yes","show_icon":"default"},{"type":"date","icon":"fa fa-calendar","_id":"ba9c996","date_format":"default","custom_date_format":"F j, Y","time_format":"default","custom_time_format":"g:i a","taxonomy":[],"text_prefix":"","show_avatar":"","avatar_size":{"unit":"px","size":""},"avatar_size_tablet":{"unit":"px","size":""},"avatar_size_mobile":{"unit":"px","size":""},"comments_custom_strings":"","string_no_comments":"","string_one_comment":"","string_comments":"","link":"yes","show_icon":"default"},{"type":"time","icon":"fa fa-clock-o","_id":"d7670a7","date_format":"default","custom_date_format":"F j, Y","time_format":"default","custom_time_format":"g:i a","taxonomy":[],"text_prefix":"","show_avatar":"","avatar_size":{"unit":"px","size":""},"avatar_size_tablet":{"unit":"px","size":""},"avatar_size_mobile":{"unit":"px","size":""},"comments_custom_strings":"","string_no_comments":"","string_one_comment":"","string_comments":"","link":"yes","show_icon":"default"},{"type":"comments","icon":"fa fa-commenting-o","_id":"afbda51","date_format":"default","custom_date_format":"F j, Y","time_format":"default","custom_time_format":"g:i a","taxonomy":[],"text_prefix":"","show_avatar":"","avatar_size":{"unit":"px","size":""},"avatar_size_tablet":{"unit":"px","size":""},"avatar_size_mobile":{"unit":"px","size":""},"comments_custom_strings":"","string_no_comments":"","string_one_comment":"","string_comments":"","link":"yes","show_icon":"default"}],"space_between":{"unit":"px","size":25},"space_between_mobile":{"unit":"px","size":15},"icon_align_mobile":"center","icon_color":"#54595f","icon_size_mobile":{"unit":"px","size":16},"text_indent":{"unit":"px","size":8},"text_color":"#54595f","icon_typography_typography":"custom","icon_typography_font_size":{"unit":"px","size":13},"icon_typography_font_weight":"300","icon_size":{"unit":"px","size":13},"_padding":{"unit":"px","top":"15","right":"0","bottom":"15","left":"0","isLinked":false},"_border_border":"dotted","_border_width":{"unit":"px","top":"1","right":"0","bottom":"1","left":"0","isLinked":false},"_border_color":"#afafaf","icon_typography_line_height_mobile":{"unit":"px","size":27}},"elements":[],"widgetType":"post-info"},{"id":"742b3e08","elType":"widget","settings":{"__dynamic__":{"excerpt":"[elementor-tag id=\"\" name=\"post-excerpt\" settings=\"%7B%22before%22%3A%22%22%2C%22after%22%3A%22%22%2C%22fallback%22%3A%22%22%7D\"]"},"title_color":"#54595f","typography_typography":"custom","typography_font_size":{"unit":"px","size":19},"typography_font_weight":"500","typography_line_height":{"unit":"em","size":1.8},"_margin":{"unit":"px","top":"30","right":"0","bottom":"30","left":"0","isLinked":false}},"elements":[],"widgetType":"theme-post-excerpt"},{"id":"4a7dbfc2","elType":"widget","settings":{"__dynamic__":{"image":"[elementor-tag id=\"\" name=\"post-featured-image\" settings=\"%7B%22fallback%22%3A%7B%22url%22%3A%22%22%2C%22id%22%3A%22%22%7D%7D\"]"},"image_size":"custom","image_custom_dimension":{"width":"1140","height":"500"}},"elements":[],"widgetType":"theme-post-featured-image"},{"id":"4bb4cc97","elType":"widget","settings":{"typography_typography":"custom","typography_line_height":{"unit":"em","size":2.1}},"elements":[],"widgetType":"theme-post-content"},{"id":"3acbfbd7","elType":"widget","settings":{"icon_list":[{"type":"terms","icon":"fa fa-commenting-o","_id":"178a5d0","date_format":"default","custom_date_format":"F j, Y","time_format":"default","custom_time_format":"g:i a","taxonomy":"post_tag","text_prefix":"","show_avatar":"","avatar_size":{"unit":"px","size":""},"avatar_size_tablet":{"unit":"px","size":""},"avatar_size_mobile":{"unit":"px","size":""},"comments_custom_strings":"","string_no_comments":"","string_one_comment":"","string_comments":"","link":"yes","show_icon":"default"}],"icon_color":"#7a7a7a","text_indent":{"unit":"px","size":9},"text_color":"#a3a3a3","icon_typography_typography":"custom","icon_typography_font_size":{"unit":"px","size":13},"icon_typography_text_transform":"uppercase","_margin":{"unit":"px","top":"-10","right":"0","bottom":"40","left":"0","isLinked":false}},"elements":[],"widgetType":"post-info"},{"id":"4341bc8","elType":"widget","settings":{"share_buttons":[{"button":"facebook","_id":"62d78a5","text":""},{"button":"google","_id":"0f55b88","text":""},{"button":"twitter","_id":"21de836","text":""},{"button":"linkedin","_id":"f780b63","text":""},{"button":"pinterest","text":"","_id":"050fff4"}],"row_gap":{"unit":"px","size":""},"row_gap_mobile":{"unit":"px","size":10},"button_size":{"unit":"px","size":0.8},"icon_size":{"unit":"em","size":1.5},"button_height":{"unit":"em","size":5},"skin":"flat","columns":"5","columns_mobile":"1","typography_typography":"custom","typography_text_transform":"uppercase"},"elements":[],"widgetType":"share-buttons"},{"id":"16f0ad9b","elType":"widget","settings":{"author_name":"John Doe","author_bio":"Click edit button to change this text. Lorem ipsum dolor sit amet consectetur adipiscing elit dolor","link_text":"All Posts \u00bb","link_to":"posts_archive","show_link":"yes","image_vertical_align":"middle","image_size":{"unit":"px","size":100},"image_size_mobile":{"unit":"px","size":37},"image_gap":{"unit":"px","size":45},"name_typography_typography":"custom","name_typography_text_transform":"uppercase","bio_typography_typography":"custom","bio_typography_font_size":{"unit":"px","size":15},"button_border_width":{"unit":"px","size":0},"button_text_padding":{"unit":"px","top":"0","right":"0","bottom":"0","left":"0","isLinked":true},"_padding":{"unit":"px","top":"35","right":"45","bottom":"35","left":"45","isLinked":false},"_background_background":"classic","_background_color":"#f2f2f2","_border_radius":{"unit":"px","top":"0","right":"0","bottom":"6","left":"6","isLinked":false}},"elements":[],"widgetType":"author-box"},{"id":"3cb71dad","elType":"widget","settings":{"prev_label":"Previous","next_label":"Next","show_borders":"","label_color":"#aaaaaa","label_typography_typography":"custom","label_typography_font_family":"Roboto","label_typography_font_size":{"unit":"px","size":21},"_margin":{"unit":"px","top":"50","right":"0","bottom":"0","left":"0","isLinked":false}},"elements":[],"widgetType":"post-navigation"},{"id":"1a59cd2e","elType":"widget","settings":{"style":"dotted","color":"#afafaf","gap":{"unit":"px","size":30}},"elements":[],"widgetType":"divider"},{"id":"184643a8","elType":"widget","settings":{"_skin":"theme_comments"},"elements":[],"widgetType":"post-comments"}],"isInner":false}],"isInner":false}],"page_settings":[]}