{"content":[{"id":"5b98a40a","elType":"section","settings":{"gap":"no","custom_height":{"unit":"px","size":150},"content_position":"middle","structure":"33","background_background":"classic","background_color":"#ffffff","margin":{"unit":"px","top":"","right":0,"bottom":"","left":0,"isLinked":true},"padding_tablet":{"unit":"px","top":"30","right":"20","bottom":"30","left":"20","isLinked":false},"box_shadow_box_shadow":{"horizontal":0,"vertical":0,"blur":24,"spread":0,"color":"rgba(0,0,0,0.15)"},"z_index":1,"border_border":"solid","border_width":{"unit":"px","top":"0","right":"0","bottom":"1","left":"0","isLinked":false},"border_color":"#d3d3d3","padding_mobile":{"unit":"px","top":"20","right":"20","bottom":"20","left":"20","isLinked":true},"sticky":"top","html_tag":"header"},"elements":[{"id":"34cce020","elType":"column","settings":{"_column_size":25,"_inline_size":null,"_inline_size_mobile":50,"_inline_size_tablet":30,"margin_mobile":{"unit":"px","top":"0","right":"0","bottom":"0","left":"0","isLinked":true}},"elements":[{"id":"9bdd253","elType":"widget","settings":{"__dynamic__":{"image":"[elementor-tag id=\"\" name=\"site-logo\" settings=\"%7B%7D\"]","link":"[elementor-tag id=\"\" name=\"site-url\" settings=\"%7B%7D\"]"},"align_tablet":"left","align_mobile":"left","width":{"unit":"px","size":120},"width_mobile":{"unit":"px","size":80}},"elements":[],"widgetType":"theme-site-logo"}],"isInner":false},{"id":"6ab99d13","elType":"column","settings":{"_column_size":50,"_inline_size":57.281,"_inline_size_mobile":50,"_inline_size_tablet":40,"margin_tablet":{"unit":"px","top":"0","right":"0","bottom":"0","left":"0","isLinked":false},"margin_mobile":{"unit":"px","top":"0","right":"0","bottom":"0","left":"0","isLinked":true}},"elements":[{"id":"559a6fe1","elType":"widget","settings":{"align_items":"center","animation_line":"slide","animation_text":"none","color_menu_item":"#54595f","color_menu_item_hover":"#39c7ce","pointer_color_menu_item_hover":"#39c7ce","menu_typography_typography":"custom","menu_typography_font_size":{"unit":"px","size":14},"pointer_width":{"unit":"px","size":3},"color_dropdown_item":"#000000","background_color_dropdown_item":"#f2f2f2","color_dropdown_item_hover":"#39c7ce","background_color_dropdown_item_hover":"#ededed","dropdown_typography_typography":"custom","dropdown_typography_font_size":{"unit":"px","size":15},"toggle_color":"#000000","toggle_color_hover":"#39c7ce","toggle_size":{"unit":"px","size":30},"toggle_border_width":{"unit":"px","size":0},"toggle_border_radius":{"unit":"px","size":0},"menu_typography_text_transform":"uppercase","menu_typography_font_size_tablet":{"unit":"px","size":13},"menu_space_between":{"unit":"px","size":6},"menu_space_between_tablet":{"unit":"px","size":0},"menu_typography_font_weight":"400","padding_vertical_menu_item":{"unit":"px","size":36},"full_width":"stretch","toggle_align":"right","dropdown_top_distance_mobile":{"unit":"px","size":31},"toggle_background_color":"rgba(0,0,0,0)"},"elements":[],"widgetType":"nav-menu"}],"isInner":false},{"id":"11ed2eb8","elType":"column","settings":{"_column_size":25,"_inline_size":17.719,"_inline_size_mobile":100,"_inline_size_tablet":30},"elements":[{"id":"5e72740","elType":"widget","settings":{"social_icon_list":[{"social":"fa fa-twitter","_id":"022bbc9","link":{"url":"","is_external":"true","nofollow":""}},{"social":"fa fa-behance","link":{"is_external":"true"},"_id":"bbe0fd0"},{"social":"fa fa-dribbble","_id":"ba39e7d","link":{"url":"","is_external":"true","nofollow":""}},{"social":"fa fa-instagram","_id":"c58d333","link":{"url":"","is_external":"true","nofollow":""}}],"shape":"circle","align":"right","icon_size":{"unit":"px","size":13},"icon_padding":{"unit":"em","size":0.9},"icon_spacing":{"unit":"px","size":7},"align_tablet":"right","align_mobile":"center","hide_mobile":"hidden-phone"},"elements":[],"widgetType":"social-icons"}],"isInner":false}],"isInner":false}],"page_settings":[]}