{"content":[{"id":"1050c30","elType":"section","settings":{"layout":"full_width","custom_height":{"unit":"px","size":80},"content_position":"middle","structure":"30","box_shadow_box_shadow_type":"yes","box_shadow_box_shadow":{"horizontal":0,"vertical":0,"blur":40,"spread":0,"color":"rgba(0,0,0,0.16)"},"padding":{"unit":"px","top":"25","right":"25","bottom":"25","left":"25","isLinked":true},"padding_tablet":{"unit":"px","top":"20","right":"20","bottom":"20","left":"20","isLinked":true},"sticky":"top","html_tag":"header"},"elements":[{"id":"7831c2f","elType":"column","settings":{"_column_size":33,"_inline_size":null,"_inline_size_mobile":20},"elements":[{"id":"9edef81","elType":"widget","settings":{"layout":"dropdown","full_width":"stretch","text_align":"center","toggle_align":"left","color_dropdown_item":"#ffffff","background_color_dropdown_item":"rgba(0,0,0,0.84)","padding_vertical_dropdown_item":{"unit":"px","size":32},"dropdown_top_distance":{"unit":"px","size":36},"toggle_color":"#000000","toggle_background_color":"rgba(0,0,0,0)","dropdown_top_distance_mobile":{"unit":"px","size":30}},"elements":[],"widgetType":"nav-menu"}],"isInner":false},{"id":"274e103","elType":"column","settings":{"_column_size":33,"_inline_size":null,"_inline_size_mobile":60},"elements":[{"id":"26f02c9","elType":"widget","settings":{"__dynamic__":{"image":"[elementor-tag id=\"\" name=\"site-logo\" settings=\"%7B%7D\"]","link":"[elementor-tag id=\"\" name=\"site-url\" settings=\"%7B%7D\"]"},"align":"center","width":{"unit":"px","size":120},"width_mobile":{"unit":"px","size":70}},"elements":[],"widgetType":"theme-site-logo"}],"isInner":false},{"id":"b77f8a1","elType":"column","settings":{"_column_size":33,"_inline_size":null,"_inline_size_mobile":20},"elements":[{"id":"16de0d4","elType":"widget","settings":{"skin":"full_screen","placeholder":"Search...","button_text":"Search","toggle_align":"right","toggle_color":"#000000","toggle_background_color":"rgba(0,0,0,0)"},"elements":[],"widgetType":"search-form"}],"isInner":false}],"isInner":false}],"page_settings":[]}