{"content":[{"id":"648ad761","elType":"section","settings":{"content_position":"middle","background_background":"classic","background_color":"#f2f2f2","margin":{"unit":"px","top":"","right":0,"bottom":"","left":0,"isLinked":true},"padding":{"unit":"px","top":"30","right":"0","bottom":"30","left":"0","isLinked":false},"padding_tablet":{"unit":"px","top":"30","right":"20","bottom":"30","left":"20","isLinked":false},"padding_mobile":{"unit":"px","top":"25","right":"20","bottom":"25","left":"20","isLinked":false},"html_tag":"footer"},"elements":[{"id":"21fa866e","elType":"column","settings":{"_column_size":100,"_inline_size":null,"_inline_size_mobile":100,"_inline_size_tablet":100},"elements":[{"id":"97ada27","elType":"section","settings":{"content_position":"middle","structure":"20","border_border":"dotted","border_width":{"unit":"px","top":"0","right":"0","bottom":"1","left":"0","isLinked":false},"border_color":"#9b9b9b","margin":{"unit":"px","top":"0","right":0,"bottom":"30","left":0,"isLinked":false},"padding":{"unit":"px","top":"0","right":"0","bottom":"30","left":"0","isLinked":false}},"elements":[{"id":"0055c7b","elType":"column","settings":{"_column_size":50,"_inline_size":null,"_inline_size_mobile":30},"elements":[{"id":"4429ada","elType":"widget","settings":{"align_items":"left","animation_line":"drop-out","animation_text":"none","color_menu_item_hover":"#000000","pointer_color_menu_item_hover":"#00ce1b","menu_typography_typography":"custom","menu_typography_font_size":{"unit":"px","size":15},"pointer_width":{"unit":"px","size":1},"color_dropdown_item":"#000000","background_color_dropdown_item":"#eaeaea","color_dropdown_item_hover":"#00ce1b","background_color_dropdown_item_hover":"#ededed","dropdown_typography_typography":"custom","dropdown_typography_font_size":{"unit":"px","size":15},"toggle_color":"#000000","toggle_color_hover":"#00ce1b","toggle_size":{"unit":"px","size":30},"toggle_border_width":{"unit":"px","size":0},"toggle_border_radius":{"unit":"px","size":0},"pointer":"none","dropdown":"mobile","menu_typography_font_size_tablet":{"unit":"px","size":13},"menu_typography_font_weight":"500","padding_horizontal_menu_item":{"unit":"px","size":0},"menu_space_between":{"unit":"px","size":31},"toggle_align":"left","full_width":"stretch","text_align":"center","dropdown_top_distance_mobile":{"unit":"px","size":40},"toggle_background_color":"rgba(0,0,0,0)"},"elements":[],"widgetType":"nav-menu"}],"isInner":true},{"id":"a04a1d8","elType":"column","settings":{"_column_size":50,"_inline_size":null,"_inline_size_mobile":70},"elements":[{"id":"4cf0b8b9","elType":"widget","settings":{"title":"+ 44 641 754 0072\n","align":"right","title_color":"#54595f","typography_typography":"custom","typography_font_size":{"unit":"px","size":15},"typography_font_weight":"500","typography_font_size_mobile":{"unit":"px","size":20},"align_mobile":"right","typography_font_size_tablet":{"unit":"px","size":22},"header_size":"p"},"elements":[],"widgetType":"heading"}],"isInner":true}],"isInner":true},{"id":"618376a","elType":"section","settings":{"content_position":"middle","structure":"20"},"elements":[{"id":"349e180","elType":"column","settings":{"_column_size":50,"_inline_size":null},"elements":[{"id":"6294e0a7","elType":"widget","settings":{"title":"\u00a9 2018  All rights Reserved. Design by Elementor","title_color":"#54595f","typography_typography":"custom","typography_font_size":{"unit":"px","size":13},"typography_font_weight":"300","align":"left","align_mobile":"center","typography_line_height_mobile":{"unit":"px","size":19},"header_size":"p"},"elements":[],"widgetType":"heading"}],"isInner":true},{"id":"05efbb3","elType":"column","settings":{"_column_size":50,"_inline_size":null},"elements":[{"id":"9b488ee","elType":"widget","settings":{"social_icon_list":[{"social":"fa fa-facebook","_id":"993ef04","link":{"url":"","is_external":"true","nofollow":""}},{"social":"fa fa-twitter","_id":"a229ff5","link":{"url":"","is_external":"true","nofollow":""}},{"social":"fa fa-google-plus","_id":"a1c64d4","link":{"url":"","is_external":"true","nofollow":""}},{"social":"fa fa-pinterest","link":{"url":"","is_external":"true","nofollow":""},"_id":"f4f16ac"}],"icon_color":"custom","icon_primary_color":"rgba(0,0,0,0)","icon_secondary_color":"rgba(84,89,95,0.73)","icon_size":{"unit":"px","size":14},"icon_padding":{"unit":"em","size":0},"icon_spacing":{"unit":"px","size":20},"hover_secondary_color":"#00ce1b","align":"right","hover_primary_color":"rgba(255,255,255,0)","align_mobile":"center","icon_size_tablet":{"unit":"px","size":13},"icon_spacing_tablet":{"unit":"px","size":10}},"elements":[],"widgetType":"social-icons"}],"isInner":true}],"isInner":true}],"isInner":false}],"isInner":false}],"page_settings":[]}