{"content":[{"id":"caea66a","elType":"section","settings":{"height":"min-height","custom_height":{"unit":"px","size":90},"content_position":"middle","structure":"20","border_border":"dotted","border_width":{"unit":"px","top":"1","right":"0","bottom":"0","left":"0","isLinked":false},"border_color":"#d6d6d6","padding_tablet":{"unit":"px","top":"10","right":"20","bottom":"10","left":"20","isLinked":false},"padding_mobile":{"unit":"px","top":"20","right":"20","bottom":"0","left":"20","isLinked":false},"html_tag":"footer"},"elements":[{"id":"c7e012a","elType":"column","settings":{"_column_size":50,"_inline_size":null},"elements":[{"id":"4283c550","elType":"widget","settings":{"title":"Made with \u2764 with Elementor","title_color":"rgba(0,0,0,0.39)","typography_typography":"custom","typography_font_size":{"unit":"px","size":13},"typography_font_weight":"300","align_mobile":"center","typography_line_height_mobile":{"unit":"px","size":19},"header_size":"p"},"elements":[],"widgetType":"heading"}],"isInner":false},{"id":"3c6e566","elType":"column","settings":{"_column_size":50,"_inline_size":null},"elements":[{"id":"6e50205b","elType":"widget","settings":{"social_icon_list":[{"social":"fa fa-facebook","_id":"993ef04","link":{"url":"","is_external":"true","nofollow":""}},{"social":"fa fa-twitter","_id":"a229ff5","link":{"url":"","is_external":"true","nofollow":""}},{"social":"fa fa-google-plus","_id":"a1c64d4","link":{"url":"","is_external":"true","nofollow":""}},{"social":"fa fa-pinterest","link":{"url":"","is_external":"true","nofollow":""},"_id":"f4f16ac"}],"icon_color":"custom","icon_primary_color":"rgba(255,255,255,0)","icon_secondary_color":"rgba(0,0,0,0.32)","icon_size":{"unit":"px","size":16},"icon_padding":{"unit":"em","size":0},"icon_spacing":{"unit":"px","size":22},"hover_secondary_color":"#211e1d","hover_primary_color":"rgba(255,255,255,0)","align":"right","align_mobile":"center","icon_size_mobile":{"unit":"px","size":20},"_padding_mobile":{"unit":"px","top":"0","right":"0","bottom":"20","left":"0","isLinked":false}},"elements":[],"widgetType":"social-icons"}],"isInner":false}],"isInner":false}],"page_settings":[]}