{"content":[{"id":"361520dd","elType":"section","settings":{"height":"full","custom_height":{"unit":"vh","size":100},"content_position":"middle","structure":"20","background_background":"classic","background_color":"#ffffff","layout":"full_width","column_position":"stretch","reverse_order_mobile":"reverse-mobile","custom_height_tablet":{"unit":"vh","size":""},"custom_height_mobile":{"unit":"vh","size":""}},"elements":[{"id":"5f3bdcec","elType":"column","settings":{"_column_size":50,"_inline_size":null,"_inline_size_tablet":55},"elements":[{"id":"182f6b7b","elType":"widget","settings":{"title":"404","header_size":"p","align":"center","title_color":"#000000","typography_typography":"custom","typography_font_size":{"unit":"px","size":199},"typography_font_weight":"bold","typography_line_height":{"unit":"px","size":170},"typography_font_size_tablet":{"unit":"px","size":150},"typography_font_size_mobile":{"unit":"px","size":120}},"elements":[],"widgetType":"heading"},{"id":"762a3f84","elType":"widget","settings":{"title":"The page you were looking for\n<br>couldn't be found","header_size":"h3","title_color":"#000000","typography_typography":"custom","typography_font_size":{"unit":"px","size":23},"align":"center","typography_text_transform":"capitalize","typography_line_height":{"unit":"em","size":1.3},"_padding":{"unit":"%","top":"0","right":"15","bottom":"0","left":"15","isLinked":false},"typography_font_size_tablet":{"unit":"px","size":20},"_margin_mobile":{"unit":"px","top":"-30","right":"0","bottom":"0","left":"0","isLinked":false},"_padding_tablet":{"unit":"px","top":"0","right":"0","bottom":"0","left":"0","isLinked":true}},"elements":[],"widgetType":"heading"},{"id":"3b436c36","elType":"widget","settings":{"text":"Go back to Homepage","size":"lg","typography_typography":"custom","typography_text_transform":"uppercase","border_radius":{"unit":"px","top":"0","right":"0","bottom":"0","left":"0","isLinked":true},"_margin":{"unit":"px","top":"90","right":"0","bottom":"0","left":"0","isLinked":false},"typography_letter_spacing":{"unit":"px","size":2.1},"align":"center","icon_indent":{"unit":"px","size":16},"typography_font_size_tablet":{"unit":"px","size":14},"_margin_tablet":{"unit":"px","top":"50","right":"0","bottom":"0","left":"0","isLinked":false},"_margin_mobile":{"unit":"px","top":"30","right":"0","bottom":"0","left":"0","isLinked":false}},"elements":[],"widgetType":"button"}],"isInner":false},{"id":"4a11de06","elType":"column","settings":{"_column_size":50,"_inline_size":null,"background_background":"classic","background_image":{"id":8500,"url":"https:\/\/library.elementor.com\/wp-content\/uploads\/2018\/05\/tim-bish-171738-unsplash.jpg"},"background_position":"center center","background_size":"cover","_inline_size_tablet":45},"elements":[{"id":"87ed7bc","elType":"widget","settings":{"space_mobile":{"unit":"px","size":173}},"elements":[],"widgetType":"spacer"}],"isInner":false}],"isInner":false}],"page_settings":[]}