{"content":[{"id":"15e23374","elType":"section","settings":{"height":"min-height","custom_height":{"unit":"px","size":120},"structure":"20","background_background":"classic","background_color":"#54595f"},"elements":[{"id":"3d469acc","elType":"column","settings":{"_column_size":50,"_inline_size":null},"elements":[{"id":"3cdf8923","elType":"widget","settings":{"__dynamic__":{"title":"[elementor-tag id=\"\" name=\"post-title\" settings=\"%7B%22before%22%3A%22%22%2C%22after%22%3A%22%22%2C%22fallback%22%3A%22%22%7D\"]"},"title":"Add Your Heading Text Here","title_color":"#ffffff"},"elements":[],"widgetType":"theme-post-title"}],"isInner":false},{"id":"35d1362c","elType":"column","settings":{"_column_size":50,"_inline_size":null},"elements":[{"id":"342e40e","elType":"widget","settings":{"align":"right","text_color":"#ffffff","link_color":"#ffffff"},"elements":[],"widgetType":"breadcrumbs"}],"isInner":false}],"isInner":false},{"id":"2c0d518e","elType":"section","settings":{"structure":"22","margin":{"unit":"px","top":"40","right":0,"bottom":"40","left":0,"isLinked":true},"padding_tablet":{"unit":"px","top":"0","right":"20","bottom":"0","left":"20","isLinked":false}},"elements":[{"id":"7ae87edf","elType":"column","settings":{"_column_size":66,"_inline_size":70,"background_background":"classic","background_color":"#ffffff","padding":{"unit":"px","top":"35","right":"35","bottom":"35","left":"35","isLinked":true},"padding_mobile":{"unit":"px","top":"20","right":"20","bottom":"20","left":"20","isLinked":true}},"elements":[{"id":"5591e2de","elType":"widget","settings":[],"elements":[],"widgetType":"theme-post-content"}],"isInner":false},{"id":"3285fd6d","elType":"column","settings":{"_column_size":33,"_inline_size":29.997,"margin":{"unit":"px","top":"0","right":"0","bottom":"0","left":"40","isLinked":false},"margin_mobile":{"unit":"px","top":"30","right":"0","bottom":"0","left":"0","isLinked":false},"padding":{"unit":"px","top":"0","right":"0","bottom":"0","left":"0","isLinked":false}},"elements":[{"id":"38ff9e9b","elType":"widget","settings":{"sidebar":"sidebar-1"},"elements":[],"widgetType":"sidebar"}],"isInner":false}],"isInner":false}],"page_settings":[]}