{"content":[{"id":"208403a5","elType":"section","settings":{"height":"min-height","custom_height":{"unit":"px","size":120},"content_position":"middle","structure":"20","background_background":"classic","background_color":"#eeeeee"},"elements":[{"id":"6e27c665","elType":"column","settings":{"_column_size":50,"_inline_size":null},"elements":[{"id":"76d85cf3","elType":"widget","settings":{"title":"Design Blog","header_size":"h1","align":"left","title_color":"#000000","typography_typography":"custom","typography_font_size":{"unit":"px","size":40},"typography_font_weight":"900","typography_text_transform":"uppercase","__dynamic__":{"title":"[elementor-tag id=\"cbff8e5\" name=\"archive-title\" settings=\"%7B%22fallback%22%3A%22Archive%22%7D\"]"},"align_mobile":"center"},"elements":[],"widgetType":"heading"}],"isInner":false},{"id":"721ef7d9","elType":"column","settings":{"_column_size":50,"_inline_size":null},"elements":[{"id":"47ae2873","elType":"widget","settings":{"align":"right","align_mobile":"center","typography_typography":"custom","typography_font_family":"Roboto","text_color":"#000000"},"elements":[],"widgetType":"breadcrumbs"}],"isInner":false}],"isInner":false},{"id":"8a98603","elType":"section","settings":{"gap":"no","content_position":"top","padding":{"unit":"px","top":"0","right":"0","bottom":"0","left":"0","isLinked":false},"margin":{"unit":"px","top":"40","right":0,"bottom":"40","left":0,"isLinked":false},"padding_mobile":{"unit":"px","top":"20","right":"20","bottom":"20","left":"20","isLinked":true},"padding_tablet":{"unit":"px","top":"20","right":"20","bottom":"20","left":"20","isLinked":true}},"elements":[{"id":"438eaa21","elType":"column","settings":{"_column_size":100,"_inline_size":null},"elements":[{"id":"9ffefed","elType":"widget","settings":{"pagination_page_limit":"5","pagination_prev_label":"&laquo; Previous","pagination_next_label":"Next &raquo;","nothing_found_message":"It seems we can't find what you're looking for.","archive_classic_meta_separator":"\/\/\/","archive_classic_read_more_text":"Read More \u00bb","archive_cards_meta_separator":"\u2022","archive_cards_read_more_text":"Read More \u00bb","_skin":"archive_cards","archive_classic_columns":"1","archive_cards_item_ratio":{"unit":"px","size":0.5},"archive_cards_show_avatar":""},"elements":[],"widgetType":"archive-posts"}],"isInner":false}],"isInner":false}],"page_settings":[]}