{"content":[{"id":"31c3054a","elType":"section","settings":{"structure":"20","box_shadow_box_shadow":{"horizontal":0,"vertical":0,"blur":50,"spread":-10,"color":"rgba(0,0,0,0.5)"},"margin_tablet":{"unit":"px","top":"0","right":0,"bottom":"0","left":0,"isLinked":false},"margin_mobile":{"unit":"px","top":"","right":0,"bottom":"","left":0,"isLinked":true},"padding":{"unit":"%","top":"05","right":"10","bottom":"0","left":"10","isLinked":false},"padding_tablet":{"unit":"%","top":"3","right":"3","bottom":"3","left":"3","isLinked":true},"padding_mobile":{"unit":"%","top":"3","right":"3","bottom":"3","left":"3","isLinked":true}},"elements":[{"id":"7e0e8f63","elType":"column","settings":{"_column_size":50,"_inline_size":null,"background_background":"classic","background_position":"center center","background_repeat":"no-repeat","background_size":"cover","background_hover_color":"#6ec1e4","margin":{"unit":"px","top":"0","right":"15","bottom":"0","left":"0","isLinked":false},"padding":{"unit":"px","top":"500","right":"50","bottom":"020","left":"50","isLinked":false},"__dynamic__":{"background_image":"[elementor-tag id=\"a3557d6\" name=\"woocommerce-product-image-tag\" settings=\"%7B%7D\"]","background_overlay_image":"[elementor-tag id=\"d1320bd\" name=\"post-featured-image\" settings=\"%7B%7D\"]"},"background_overlay_color":"#000000","background_overlay_position":"center center","background_overlay_opacity":{"unit":"px","size":0},"box_shadow_box_shadow_type":"yes","box_shadow_box_shadow":{"horizontal":0,"vertical":0,"blur":30,"spread":0,"color":"rgba(0,0,0,0.12)"},"margin_mobile":{"unit":"px","top":"0","right":"0","bottom":"0","left":"0","isLinked":false},"padding_mobile":{"unit":"px","top":"80","right":"0","bottom":"80","left":"0","isLinked":false}},"elements":[{"id":"75029ba6","elType":"widget","settings":[],"elements":[],"widgetType":"spacer"}],"isInner":false},{"id":"2506628e","elType":"column","settings":{"_column_size":50,"_inline_size":null,"content_position":"center","space_between_widgets":30,"background_background":"classic","background_color":"#ffffff","padding":{"unit":"px","top":"80","right":"80","bottom":"80","left":"80","isLinked":true},"border_width":{"unit":"px","top":"0","right":"0","bottom":"0","left":"10","isLinked":false},"border_color":"#000000","margin":{"unit":"px","top":"0","right":"0","bottom":"0","left":"15","isLinked":false},"box_shadow_box_shadow_type":"yes","box_shadow_box_shadow":{"horizontal":0,"vertical":0,"blur":30,"spread":0,"color":"rgba(0,0,0,0.12)"},"margin_mobile":{"unit":"px","top":"0","right":"0","bottom":"0","left":"0","isLinked":false},"padding_tablet":{"unit":"px","top":"10","right":"10","bottom":"10","left":"10","isLinked":true},"padding_mobile":{"unit":"px","top":"30","right":"20","bottom":"40","left":"20","isLinked":false}},"elements":[{"id":"baaf6d","elType":"widget","settings":{"star_color":"#000000","empty_star_color":"#000000","link_color":"#000000","text_typography_typography":"custom","text_typography_font_family":"Times New Roman","text_typography_font_size":{"unit":"px","size":10},"text_typography_font_weight":"700","text_typography_text_transform":"uppercase","star_size":{"unit":"em","size":0.6},"space_between":{"unit":"em","size":0.9},"alignment":"center"},"elements":[],"widgetType":"woocommerce-product-rating"},{"id":"61a3c8f6","elType":"widget","settings":{"__dynamic__":{"title":"[elementor-tag id=\"\" name=\"woocommerce-product-title-tag\" settings=\"%7B%22before%22%3A%22%22%2C%22after%22%3A%22%22%2C%22fallback%22%3A%22%22%7D\"]"},"title":"Add Your Heading Text Here","align":"center","typography_font_family":"Playfair Display","typography_font_weight":"100","typography_text_transform":"capitalize","text_shadow_text_shadow_type":"yes","text_shadow_text_shadow":{"horizontal":0,"vertical":0,"blur":20,"color":"rgba(0,0,0,0.13)"},"typography_typography":"custom"},"elements":[],"widgetType":"woocommerce-product-title"},{"id":"47f333c2","elType":"widget","settings":{"text_align":"center","text_typography_typography":"custom","text_typography_font_size":{"unit":"px","size":16},"text_typography_font_weight":"200","text_typography_font_family":"Josefin Sans","_padding_tablet":{"unit":"%","top":"0","right":"3","bottom":"0","left":"3","isLinked":false}},"elements":[],"widgetType":"woocommerce-product-short-description"},{"id":"6efa6af5","elType":"widget","settings":{"text_align":"center","price_color":"#000000","typography_typography":"custom","typography_font_family":"Josefin Sans","typography_font_weight":"100","typography_font_size":{"unit":"px","size":16},"typography_text_transform":"none","typography_letter_spacing":{"unit":"px","size":5.4},"sale_price_spacing":{"unit":"px","size":0},"price_block":"yes","sale_price_color":"#0c0c0c","sale_price_typography_typography":"custom","sale_price_typography_font_size":{"unit":"px","size":23},"sale_price_typography_font_weight":"200"},"elements":[],"widgetType":"woocommerce-product-price"},{"id":"20d30885","elType":"widget","settings":{"button_align":"center","button_border_radius":{"unit":"px","top":"0","right":"50","bottom":"50","left":"0","isLinked":false},"button_padding":{"unit":"px","top":"14","right":"020","bottom":"14","left":"20","isLinked":false},"button_border_border":"solid","button_border_width":{"unit":"px","top":"1","right":"1","bottom":"1","left":"1","isLinked":true},"button_text_color":"#ffffff","button_bg_color":"#000000","button_border_color":"#000000","button_text_color_hover":"#000000","button_bg_color_hover":"#ffffff","button_border_color_hover":"#000000","quantity_border_radius":{"unit":"px","top":"50","right":"00","bottom":"0","left":"50","isLinked":false},"quantity_text_color":"#000000","quantity_bg_color":"#ffffff","quantity_border_color":"#000000","quantity_text_color_focus":"#000000","_margin":{"unit":"%","top":"0","right":"0","bottom":"0","left":"0","isLinked":false},"alignment":"center","button_typography_typography":"custom","button_typography_font_family":"Playfair Display","button_typography_text_transform":"capitalize","spacing":{"unit":"px","size":0},"_margin_mobile":{"unit":"px","top":"0","right":"0","bottom":"0","left":"0","isLinked":true},"_padding_mobile":{"unit":"px","top":"0","right":"0","bottom":"0","left":"0","isLinked":true}},"elements":[],"widgetType":"woocommerce-product-add-to-cart"}],"isInner":false}],"isInner":false},{"id":"1fb4a9b8","elType":"section","settings":{"background_background":"classic","margin":{"unit":"%","top":"0","right":0,"bottom":"0","left":0,"isLinked":false},"margin_tablet":{"unit":"px","top":"","right":0,"bottom":"","left":0,"isLinked":true},"margin_mobile":{"unit":"px","top":"0","right":0,"bottom":"0","left":0,"isLinked":false},"padding":{"unit":"%","top":"0","right":"10","bottom":"5","left":"10","isLinked":false},"padding_tablet":{"unit":"%","top":"0","right":"3","bottom":"3","left":"3","isLinked":false},"padding_mobile":{"unit":"%","top":"0","right":"3","bottom":"3","left":"3","isLinked":false}},"elements":[{"id":"60b2408b","elType":"column","settings":{"_column_size":100,"background_background":"classic","background_color":"#ffffff","margin":{"unit":"px","top":"25","right":"0","bottom":"0","left":"0","isLinked":false},"padding":{"unit":"px","top":"80","right":"80","bottom":"80","left":"80","isLinked":true},"box_shadow_box_shadow_type":"yes","box_shadow_box_shadow":{"horizontal":0,"vertical":0,"blur":30,"spread":0,"color":"rgba(0,0,0,0.12)"},"margin_tablet":{"unit":"px","top":"0","right":"0","bottom":"0","left":"0","isLinked":false},"margin_mobile":{"unit":"px","top":"20","right":"0","bottom":"0","left":"0","isLinked":false},"padding_tablet":{"unit":"px","top":"45","right":"45","bottom":"45","left":"45","isLinked":true},"padding_mobile":{"unit":"px","top":"20","right":"20","bottom":"20","left":"20","isLinked":true}},"elements":[{"id":"203fc2de","elType":"widget","settings":{"heading_color":"#000000","tab_typography_typography":"custom","tab_typography_font_family":"Josefin Sans","content_typography_typography":"custom","content_typography_font_family":"Josefin Sans","active_tab_bg_color":"rgba(255,255,255,0.9)","tab_border_radius":{"unit":"px","size":4},"content_typography_font_weight":"100","content_heading_typography_typography":"custom","content_heading_typography_font_family":"Josefin Sans","content_heading_typography_font_weight":"100"},"elements":[],"widgetType":"woocommerce-product-data-tabs"},{"id":"66b250e9","elType":"section","settings":{"margin":{"unit":"px","top":"50","right":0,"bottom":"50","left":0,"isLinked":true},"gap":"wide"},"elements":[{"id":"454546bb","elType":"column","settings":{"_column_size":100,"_inline_size":null,"background_color":"#ffffff","border_border":"solid","border_width":{"unit":"px","top":"3","right":"3","bottom":"3","left":"3","isLinked":true},"border_color":"rgba(255,255,255,0.46)","margin_mobile":{"unit":"px","top":"0","right":"0","bottom":"0","left":"0","isLinked":false},"padding_mobile":{"unit":"px","top":"0","right":"0","bottom":"0","left":"0","isLinked":false}},"elements":[{"id":"a07e43c","elType":"widget","settings":{"columns":3,"align":"left","heading_color":"#000000","heading_typography_typography":"custom","heading_typography_font_family":"Josefin Sans","heading_typography_font_size":{"unit":"px","size":20},"heading_typography_font_weight":"500","image_border_width":{"unit":"px","top":"1","right":"1","bottom":"1","left":"1","isLinked":true},"image_border_color":"#ffffff","title_color":"#000000","price_color":"#000000","old_price_color":"#898989","button_border_border":"solid","button_border_width":{"unit":"px","top":"1","right":"1","bottom":"1","left":"1","isLinked":true},"button_border_radius":{"unit":"px","top":"0","right":"0","bottom":"0","left":"0","isLinked":true},"button_spacing":{"unit":"px","size":25},"box_border_radius":{"unit":"px","size":0},"heading_typography_text_transform":"capitalize","title_typography_typography":"custom","title_typography_font_family":"Josefin Sans","price_typography_typography":"custom","price_typography_font_family":"Josefin Sans","button_background_color":"rgba(255,255,255,0.06)","button_border_color":"#bababa","title_typography_text_transform":"capitalize","button_typography_typography":"custom","button_typography_text_transform":"capitalize","columns_mobile":2},"elements":[],"widgetType":"woocommerce-product-upsell"}],"isInner":true}],"isInner":true}],"isInner":false}],"isInner":false}],"page_settings":[]}