{"content":[{"id":"21639e11","elType":"section","settings":{"padding":{"unit":"px","top":"50","right":"0","bottom":"50","left":"0","isLinked":false}},"elements":[{"id":"7d34fc64","elType":"column","settings":{"_column_size":100},"elements":[{"id":"562ca83c","elType":"widget","settings":{"__dynamic__":{"title":"[elementor-tag id=\"\" name=\"archive-title\" settings=\"%7B%22include_context%22%3A%22yes%22%2C%22before%22%3A%22%22%2C%22after%22%3A%22%22%2C%22fallback%22%3A%22%22%7D\"]"},"title":"Add Your Heading Text Here","typography_typography":"custom","typography_font_family":"Archivo Narrow","_margin":{"unit":"px","top":"0","right":"0","bottom":"50","left":"0","isLinked":false}},"elements":[],"widgetType":"theme-archive-title"},{"id":"6d3d1684","elType":"widget","settings":{"paginate":"yes","row_gap":{"unit":"px","size":20},"align":"left","heading_color":"#000000","heading_typography_typography":"custom","heading_typography_font_family":"Archivo Narrow","heading_spacing":{"unit":"px","size":25},"image_border_border":"solid","image_border_width":{"unit":"px","top":"1","right":"1","bottom":"1","left":"1","isLinked":true},"image_border_color":"#dbdbdb","image_spacing":{"unit":"px","size":17},"title_typography_typography":"custom","title_typography_font_family":"Archivo Narrow","title_typography_font_size":{"unit":"px","size":20},"title_typography_font_weight":"100","title_spacing":{"unit":"px","size":0},"star_color":"#7a7a7a","star_size":{"unit":"em","size":0.4},"price_color":"#000000","price_typography_typography":"custom","price_typography_font_family":"Archivo Narrow","price_typography_font_size":{"unit":"px","size":25},"button_background_color":"rgba(255,255,255,0)","button_border_border":"solid","button_border_width":{"unit":"px","top":"1","right":"1","bottom":"1","left":"1","isLinked":true},"box_padding":{"unit":"px","top":"30","right":"30","bottom":"30","left":"30","isLinked":true},"box_bg_color":"rgba(255,255,255,0.28)","old_price_typography_typography":"custom","old_price_typography_font_family":"Archivo Narrow","old_price_typography_font_size":{"unit":"px","size":20},"old_price_typography_font_weight":"100","button_typography_typography":"custom","button_typography_font_family":"Archivo Narrow","rows":3,"title_typography_font_size_mobile":{"unit":"px","size":15},"price_typography_font_size_mobile":{"unit":"px","size":20},"old_price_typography_font_size_mobile":{"unit":"px","size":20},"button_typography_font_size_mobile":{"unit":"px","size":15},"box_padding_mobile":{"unit":"px","top":"15","right":"15","bottom":"15","left":"15","isLinked":true},"columns_tablet":3,"columns_mobile":2},"elements":[],"widgetType":"woocommerce-archive-products"}],"isInner":false}],"isInner":false}],"page_settings":[]}