{"content":[{"id":"438d84a2","elType":"section","settings":{"background_background":"classic","background_color":"#000000","padding":{"unit":"px","top":"60","right":"0","bottom":"130","left":"0","isLinked":false},"background_position":"center center","background_size":"cover","background_overlay_color":"#000000","background_overlay_opacity":{"unit":"px","size":0.84},"padding_tablet":{"unit":"px","top":"60","right":"0","bottom":"60","left":"0","isLinked":false},"padding_mobile":{"unit":"px","top":"0","right":"0","bottom":"0","left":"0","isLinked":true}},"elements":[{"id":"2b2906c2","elType":"column","settings":{"_column_size":100,"margin":{"unit":"%","top":"0","right":"33","bottom":"0","left":"0","isLinked":false},"margin_tablet":{"unit":"px","top":"0","right":"0","bottom":"0","left":"0","isLinked":false},"padding_tablet":{"unit":"px","top":"0","right":"80","bottom":"0","left":"80","isLinked":false},"padding_mobile":{"unit":"px","top":"40","right":"40","bottom":"40","left":"40","isLinked":true}},"elements":[{"id":"581aa5b","elType":"widget","settings":{"icon_list":[{"type":"terms","date_format":"default","custom_date_format":"F j, Y","time_format":"default","custom_time_format":"g:i a","taxonomy":"category","text_prefix":"","show_avatar":"","avatar_size":{"unit":"px","size":""},"avatar_size_tablet":{"unit":"px","size":""},"avatar_size_mobile":{"unit":"px","size":""},"comments_custom_strings":false,"string_no_comments":"","string_one_comment":"","string_comments":"","custom_text":"","link":"yes","custom_url":{"url":"","is_external":"","nofollow":""},"show_icon":"none","icon":"","_id":"124edcf"}],"text_color":"#ffffff","icon_typography_typography":"custom","icon_typography_font_size":{"unit":"px","size":15},"icon_align_tablet":"center"},"elements":[],"widgetType":"post-info"},{"id":"50c23dd0","elType":"widget","settings":{"__dynamic__":{"title":"[elementor-tag id=\"\" name=\"post-title\" settings=\"%7B%22before%22%3A%22%22%2C%22after%22%3A%22%22%2C%22fallback%22%3A%22%22%7D\"]"},"title":"Add Your Heading Text Here","title_color":"#ffffff","typography_typography":"custom","typography_font_family":"Merriweather","typography_line_height":{"unit":"em","size":1.3},"_margin":{"unit":"px","top":"-10","right":"0","bottom":"40","left":"0","isLinked":false},"align_tablet":"center","typography_font_size_mobile":{"unit":"px","size":25}},"elements":[],"widgetType":"theme-post-title"},{"id":"6f2e5fd6","elType":"widget","settings":{"share_buttons":[{"button":"facebook","_id":"8cda448","text":""},{"button":"google","_id":"07d8f39","text":""},{"button":"twitter","_id":"b1bb6c6","text":""},{"button":"linkedin","_id":"f4b2232","text":""}],"view":"icon","column_gap":{"unit":"px","size":9},"color_source":"custom","primary_color":"rgba(84,108,124,0.46)","alignment":"center"},"elements":[],"widgetType":"share-buttons"}],"isInner":false}],"isInner":false},{"id":"5b285ce4","elType":"section","settings":{"structure":"22","margin":{"unit":"px","top":"40","right":0,"bottom":"40","left":0,"isLinked":true},"z_index":1,"margin_tablet":{"unit":"px","top":"0","right":0,"bottom":"0","left":0,"isLinked":false}},"elements":[{"id":"2d29a7d7","elType":"column","settings":{"_column_size":66,"_inline_size":null,"background_background":"classic","background_color":"#ffffff","box_shadow_box_shadow_type":"yes","box_shadow_box_shadow":{"horizontal":0,"vertical":0,"blur":20,"spread":0,"color":"rgba(0,0,0,0.09)"},"margin":{"unit":"px","top":"-120","right":"0","bottom":"0","left":"0","isLinked":false},"padding":{"unit":"px","top":"40","right":"40","bottom":"40","left":"40","isLinked":true},"_inline_size_tablet":100,"margin_tablet":{"unit":"px","top":"0","right":"0","bottom":"0","left":"0","isLinked":true}},"elements":[{"id":"12b8ad6a","elType":"widget","settings":{"__dynamic__":{"excerpt":"[elementor-tag id=\"\" name=\"post-excerpt\" settings=\"%7B%22fallback%22%3A%22A%20VPN%20is%20an%20essential%20component%20of%20IT%20security%2C%20whether%20you%E2%80%99re%20just%20starting%20a%20business%20or%20are%20already%20up%20and%20running.%20Most%20business%20interactions%20and%20transactions%20happen%20online%20and%20VPN%22%7D\"]"},"title_color":"#000000","typography_typography":"custom","typography_font_size":{"unit":"px","size":19},"typography_font_weight":"600","typography_line_height":{"unit":"em","size":1.5},"_margin":{"unit":"px","top":"0","right":"0","bottom":"40","left":"0","isLinked":false}},"elements":[],"widgetType":"theme-post-excerpt"},{"id":"a626400","elType":"widget","settings":{"__dynamic__":{"image":"[elementor-tag id=\"\" name=\"post-featured-image\" settings=\"%7B%22fallback%22%3A%7B%22url%22%3A%22%22%2C%22id%22%3A%22%22%7D%7D\"]"},"_padding":{"unit":"px","top":"4","right":"4","bottom":"4","left":"4","isLinked":true},"_border_border":"solid","_border_width":{"unit":"px","top":"1","right":"1","bottom":"1","left":"1","isLinked":true},"_border_color":"#d1d1d1","image":{"id":"1172","url":"https:\/\/library.elementor.com\/wp-content\/uploads\/2017\/03\/placeholder-1.png"}},"elements":[],"widgetType":"theme-post-featured-image"},{"id":"54d08888","elType":"widget","settings":{"typography_typography":"custom","typography_line_height":{"unit":"em","size":1.9}},"elements":[],"widgetType":"theme-post-content"},{"id":"240a150a","elType":"widget","settings":{"follow_url":"https:\/\/www.facebook.com\/elemntor\/"},"elements":[],"widgetType":"facebook-button"},{"id":"236bead6","elType":"widget","settings":{"author_name":"John Doe","show_link":"","author_bio":"Click edit button to change this text. Lorem ipsum dolor sit amet consectetur adipiscing elit dolor","link_text":"All Posts","image_gap":{"unit":"px","size":30},"image_border_radius":{"unit":"px","size":0},"name_color":"#000000","name_typography_typography":"custom","name_typography_font_family":"Merriweather","name_typography_font_size":{"unit":"px","size":18},"bio_typography_typography":"custom","bio_typography_font_size":{"unit":"px","size":15},"_margin":{"unit":"px","top":"40","right":"0","bottom":"40","left":"0","isLinked":false},"_padding":{"unit":"px","top":"30","right":"30","bottom":"20","left":"30","isLinked":false},"_background_background":"classic","_background_color":"#f7f7f7","_border_border":"solid","_border_width":{"unit":"px","top":"04","right":"0","bottom":"0","left":"0","isLinked":false},"image_size_mobile":{"unit":"px","size":40},"author_avatar":{"id":"1172","url":"https:\/\/library.elementor.com\/wp-content\/uploads\/2017\/03\/placeholder-1.png"}},"elements":[],"widgetType":"author-box"},{"id":"6a74e551","elType":"widget","settings":{"title":"Leave a Replay","header_size":"h4","title_color":"#000000","typography_typography":"custom","typography_font_family":"Merriweather"},"elements":[],"widgetType":"heading"},{"id":"6fde775c","elType":"widget","settings":{"comments_number":5},"elements":[],"widgetType":"facebook-comments"}],"isInner":false},{"id":"23f688c0","elType":"column","settings":{"_column_size":33,"_inline_size":null,"padding":{"unit":"px","top":"0","right":"45","bottom":"40","left":"45","isLinked":false},"_inline_size_tablet":100,"padding_tablet":{"unit":"px","top":"40","right":"40","bottom":"40","left":"40","isLinked":true}},"elements":[{"id":"5feea4d1","elType":"widget","settings":{"placeholder":"Search...","button_text":"Search","input_background_color":"#ffffff","border_radius":{"unit":"px","size":0},"button_background_color":"#000000"},"elements":[],"widgetType":"search-form"},{"id":"6a6def3e","elType":"widget","settings":{"title":"About Me","header_size":"h4","title_color":"#000000","typography_typography":"custom","typography_font_family":"Merriweather","_margin":{"unit":"px","top":"40","right":"0","bottom":"0","left":"0","isLinked":false}},"elements":[],"widgetType":"heading"},{"id":"7edcf661","elType":"widget","settings":{"typography_typography":"custom","typography_font_size":{"unit":"px","size":15}},"elements":[],"widgetType":"text-editor"},{"id":"4af29907","elType":"widget","settings":{"social_icon_list":[{"social":"fa fa-facebook","_id":"0d1bf11","link":{"url":"","is_external":"true","nofollow":""}},{"social":"fa fa-twitter","_id":"ae20f37","link":{"url":"","is_external":"true","nofollow":""}},{"social":"fa fa-youtube","link":{"url":"","is_external":"true","nofollow":""},"_id":"24858d7"},{"social":"fa fa-medium","link":{"url":"","is_external":"true","nofollow":""},"_id":"bce7a8f"}],"shape":"square","align":"","icon_size":{"unit":"px","size":14},"icon_padding":{"unit":"em","size":0.7}},"elements":[],"widgetType":"social-icons"},{"id":"607425e","elType":"widget","settings":{"title":"Recent Posts","header_size":"h4","title_color":"#000000","typography_typography":"custom","typography_font_family":"Merriweather","_margin":{"unit":"px","top":"40","right":"0","bottom":"0","left":"0","isLinked":false}},"elements":[],"widgetType":"heading"},{"id":"1e0f0dd0","elType":"widget","settings":{"classic_columns":"1","classic_posts_per_page":3,"classic_thumbnail":"left","classic_item_ratio":{"unit":"px","size":1},"classic_image_width":{"unit":"%","size":20},"classic_show_excerpt":"","classic_meta_data":[],"classic_meta_separator":"\/\/\/","classic_read_more_text":"Read More \u00bb","cards_meta_separator":"\u2022","cards_read_more_text":"Read More \u00bb","classic_row_gap":{"unit":"px","size":20},"classic_title_typography_typography":"custom","classic_title_typography_font_size":{"unit":"px","size":15},"classic_read_more_color":"#a0a0a0","classic_read_more_typography_typography":"custom","classic_read_more_typography_font_family":"Merriweather","classic_read_more_typography_font_size":{"unit":"px","size":10},"pagination_page_limit":"5","pagination_prev_label":"&laquo; Previous","pagination_next_label":"Next &raquo;","classic_item_ratio_mobile":{"unit":"px","size":1},"classic_image_width_mobile":{"unit":"%","size":20}},"elements":[],"widgetType":"posts"},{"id":"7d118ab5","elType":"widget","settings":{"title":"Follow Us","header_size":"h4","title_color":"#000000","typography_typography":"custom","typography_font_family":"Merriweather","_margin":{"unit":"px","top":"40","right":"0","bottom":"0","left":"0","isLinked":false}},"elements":[],"widgetType":"heading"},{"id":"418f8629","elType":"widget","settings":{"url":"https:\/\/www.facebook.com\/elemntor\/","tabs":[],"height":{"unit":"px","size":220}},"elements":[],"widgetType":"facebook-page"},{"id":"4e9fa00b","elType":"widget","settings":{"title":"Weekly Tutorial","header_size":"h4","title_color":"#000000","typography_typography":"custom","typography_font_family":"Merriweather","_margin":{"unit":"px","top":"40","right":"0","bottom":"0","left":"0","isLinked":false}},"elements":[],"widgetType":"heading"},{"id":"77ad612a","elType":"widget","settings":{"youtube_url":"https:\/\/www.youtube.com\/watch?v=KMPVOt_1F2A","vimeo_url":"https:\/\/vimeo.com\/235215203","dailymotion_url":"https:\/\/www.dailymotion.com\/video\/x6koazf","showinfo":"","image_overlay":{"id":"1172","url":"https:\/\/library.elementor.com\/wp-content\/uploads\/2017\/03\/placeholder-1.png"}},"elements":[],"widgetType":"video"}],"isInner":false}],"isInner":false},{"id":"5fbd7bc5","elType":"section","settings":{"background_background":"classic","background_color":"#000000","margin":{"unit":"px","top":"-120","right":0,"bottom":"0","left":0,"isLinked":false},"padding":{"unit":"px","top":"140","right":"0","bottom":"60","left":"0","isLinked":false}},"elements":[{"id":"1fa1c56d","elType":"column","settings":{"_column_size":100,"margin":{"unit":"%","top":"0","right":"33","bottom":"0","left":"0","isLinked":false},"margin_tablet":{"unit":"px","top":"0","right":"0","bottom":"0","left":"0","isLinked":true},"padding_tablet":{"unit":"px","top":"0","right":"80","bottom":"0","left":"80","isLinked":false},"padding_mobile":{"unit":"px","top":"40","right":"40","bottom":"40","left":"40","isLinked":true}},"elements":[{"id":"79d94b9a","elType":"widget","settings":{"title":"Sign up for our Newsletter\n","title_color":"#ffffff","typography_typography":"custom","typography_font_family":"Merriweather","typography_text_transform":"capitalize","typography_line_height":{"unit":"em","size":1.3},"align_tablet":"center"},"elements":[],"widgetType":"heading"},{"id":"c06a64d","elType":"widget","settings":{"form_name":"New Form","form_fields":[{"_id":"email","field_type":"email","required":"true","field_label":"Email","placeholder":"Email","width":"66","field_value":"","min_date":"","max_date":"","field_options":"","allow_multiple":"","select_size":"","inline_list":"","field_html":"","width_tablet":"","width_mobile":"","rows":4,"recaptcha_size":"normal","recaptcha_style":"light","css_classes":"","file_sizes":"","file_types":"","allow_multiple_upload":"","max_files":"","acceptance_text":"","checked_by_default":"","field_min":"","field_max":"","use_native_date":"","use_native_time":"","custom_id":"email"}],"input_size":"lg","show_labels":"","button_text":"Send","button_size":"lg","button_width":"33","email_content":"[all-fields]","email_content_2":"[all-fields]","success_message":"The form was sent successfully.","error_message":"An error occured.","required_field_message":"This field is required.","invalid_message":"There's something wrong. The form is invalid.","column_gap":{"unit":"px","size":0},"row_gap":{"unit":"px","size":0},"field_border_width":{"unit":"px","top":"0","right":"0","bottom":"0","left":"0","isLinked":true},"field_border_radius":{"unit":"px","top":"0","right":"0","bottom":"0","left":"0","isLinked":true},"button_background_color":"rgba(84,108,124,0.79)","button_typography_typography":"custom","button_typography_font_family":"Merriweather","button_border_radius":{"unit":"px","top":"0","right":"0","bottom":"0","left":"0","isLinked":true}},"elements":[],"widgetType":"form"},{"id":"4eaefa","elType":"widget","settings":{"editor":"<p>Click edit button to change this text. Lorem ipsum dolor sit amet, consectetur adipiscing elit<\/p>","text_color":"rgba(255,255,255,0.51)","typography_typography":"custom","typography_font_size":{"unit":"px","size":14},"align_tablet":"center"},"elements":[],"widgetType":"text-editor"}],"isInner":false}],"isInner":false}],"page_settings":{"background_background":"classic","background_color":"#f5f5f5"}}