{"content":[{"id":"4cbb2f83","elType":"section","settings":{"content_width":{"unit":"px","size":850},"custom_height":{"unit":"vh","size":57},"background_background":"classic","background_position":"center center","background_repeat":"no-repeat","background_size":"cover","padding":{"unit":"px","top":"150","right":"0","bottom":"280","left":"0","isLinked":false},"background_color":"#04093f","background_overlay_position":"center center","background_overlay_repeat":"no-repeat","background_overlay_size":"cover","background_overlay_opacity":{"unit":"px","size":0.43},"z_index":5,"padding_tablet":{"unit":"px","top":"150","right":"0","bottom":"150","left":"0","isLinked":false},"margin_mobile":{"unit":"px","top":"0","right":0,"bottom":"0","left":0,"isLinked":true},"padding_mobile":{"unit":"px","top":"80","right":"20","bottom":"150","left":"20","isLinked":false},"background_image":{"id":9396,"url":"https:\/\/library.elementor.com\/wp-content\/uploads\/2018\/11\/backgroud_hero_section.jpg"},"background_overlay_color":"#04093f"},"elements":[{"id":"3ee566a4","elType":"column","settings":{"_column_size":100},"elements":[{"id":"32a229b3","elType":"widget","settings":{"_margin":{"unit":"px","top":"0","right":"0700","bottom":"120","left":"-20","isLinked":false},"_margin_mobile":{"unit":"%","top":"-6","right":"60","bottom":"0","left":"20","isLinked":false},"_border_border":"solid","_border_width":{"unit":"px","top":"7","right":"7","bottom":"7","left":"7","isLinked":true},"_border_color":"rgba(255,194,233,0.47)","jet_tricks_widget_satellite_text":"Lorem Ipsum","jet_tricks_widget_tooltip_description":"Lorem Ipsum","space":{"unit":"px","size":140},"_border_radius":{"unit":"px","top":"0","right":"0","bottom":"0","left":"050","isLinked":false},"space_mobile":{"unit":"px","size":80},"_margin_tablet":{"unit":"px","top":"0","right":"0600","bottom":"100","left":"0","isLinked":false},"hide_mobile":"hidden-phone"},"elements":[],"widgetType":"spacer"},{"id":"66c158ac","elType":"widget","settings":{"_margin":{"unit":"px","top":"-160","right":"800","bottom":"-150","left":"-40","isLinked":false},"_margin_mobile":{"unit":"%","top":"-6","right":"60","bottom":"0","left":"20","isLinked":false},"_border_border":"solid","_border_width":{"unit":"px","top":"6","right":"6","bottom":"6","left":"6","isLinked":true},"_border_color":"rgba(224,153,36,0.47)","jet_tricks_widget_satellite_text":"Lorem Ipsum","jet_tricks_widget_tooltip_description":"Lorem Ipsum","space":{"unit":"px","size":62},"_border_radius":{"unit":"px","top":"0","right":"0","bottom":"0","left":"0","isLinked":false},"_margin_tablet":{"unit":"px","top":"-160","right":"600","bottom":"-160","left":"80","isLinked":false},"hide_mobile":"hidden-phone"},"elements":[],"widgetType":"spacer"},{"id":"6e157416","elType":"widget","settings":{"title":"Design conference","align":"right","title_color":"#ffffff","typography_typography":"custom","typography_font_size":{"unit":"px","size":50},"typography_font_size_tablet":{"unit":"px","size":40},"typography_font_weight":"600","typography_line_height":{"unit":"em","size":1},"typography_letter_spacing":{"unit":"px","size":1},"_margin":{"unit":"px","top":"0","right":"50","bottom":"-95","left":"0","isLinked":false},"_margin_tablet":{"unit":"px","top":"0","right":"50","bottom":"-70","left":"0","isLinked":false},"align_mobile":"center","typography_font_size_mobile":{"unit":"px","size":30},"_margin_mobile":{"unit":"px","top":"0","right":"0","bottom":"0","left":"0","isLinked":false},"typography_font_family":"Teko"},"elements":[],"widgetType":"heading"},{"id":"41b397d7","elType":"widget","settings":{"title":"Tokyo","header_size":"h1","align":"center","title_color":"#79e1e8","typography_typography":"custom","typography_font_size":{"unit":"px","size":400},"typography_font_weight":"500","typography_letter_spacing":{"unit":"px","size":-5},"text_shadow_text_shadow_type":"yes","text_shadow_text_shadow":{"horizontal":-10,"vertical":0,"blur":50,"color":"rgba(0,0,0,0.69)"},"jet_tricks_widget_satellite_text":"Lorem Ipsum","jet_tricks_widget_tooltip_description":"Lorem Ipsum","typography_font_size_tablet":{"unit":"px","size":250},"_margin_tablet":{"unit":"px","top":"0","right":"0","bottom":"0","left":"0","isLinked":false},"typography_font_size_mobile":{"unit":"px","size":100},"typography_letter_spacing_mobile":{"unit":"px","size":5},"_margin_mobile":{"unit":"px","top":"-20","right":"0","bottom":"0","left":"0","isLinked":false},"typography_font_family":"Teko"},"elements":[],"widgetType":"heading"},{"id":"4bc2c649","elType":"widget","settings":{"title":"2019","align":"right","title_color":"#79e1e8","typography_typography":"custom","typography_font_size":{"unit":"px","size":75},"typography_font_weight":"500","typography_letter_spacing":{"unit":"px","size":6.6},"_margin":{"unit":"px","top":"-90","right":"055","bottom":"0","left":"0","isLinked":false},"jet_tricks_widget_satellite_text":"Lorem Ipsum","jet_tricks_widget_tooltip_description":"Lorem Ipsum","_margin_tablet":{"unit":"px","top":"-70","right":"80","bottom":"0","left":"0","isLinked":false},"align_mobile":"center","typography_font_size_tablet":{"unit":"px","size":80},"typography_font_size_mobile":{"unit":"px","size":30},"_margin_mobile":{"unit":"px","top":"-20","right":"0","bottom":"0","left":"0","isLinked":false},"typography_font_family":"Teko"},"elements":[],"widgetType":"heading"},{"id":"872e6e2","elType":"widget","settings":{"evergreen_counter_hours":23,"show_days":"","label_days":"Days","label_hours":"Hours","label_minutes":"Minutes","label_seconds":"Seconds","expire_actions":["hide","message"],"message_after_expire":"Sorry, our sale is over, see you next time","container_width_tablet":{"unit":"%","size":60},"box_background_color":"rgba(0,0,0,0)","box_spacing":{"unit":"px","size":30},"box_spacing_tablet":{"unit":"px","size":0},"digits_color":"#ffc2e9","digits_typography_typography":"custom","digits_typography_font_family":"Teko","digits_typography_font_size":{"unit":"px","size":150},"digits_typography_font_weight":"400","digits_typography_line_height":{"unit":"em","size":0.7},"label_color":"#ffc2e9","label_typography_typography":"custom","label_typography_font_size":{"unit":"px","size":22},"label_typography_font_weight":"400","label_typography_letter_spacing":{"unit":"px","size":2},"align":"left","text_color":"#ffc2e9","typography_typography":"custom","typography_font_family":"Teko","typography_font_size":{"unit":"px","size":60},"typography_line_height":{"unit":"em","size":0.9},"typography_letter_spacing":{"unit":"px","size":0},"_margin":{"unit":"px","top":"-100","right":"400","bottom":"0","left":"0","isLinked":false},"_margin_tablet":{"unit":"px","top":"-110","right":"180","bottom":"0","left":"-50","isLinked":false},"evergreen_counter_minutes":0.3,"due_date":"2020-01-09 08:39","container_width_mobile":{"unit":"%","size":80},"digits_typography_font_size_tablet":{"unit":"px","size":100},"digits_typography_font_size_mobile":{"unit":"px","size":80},"_margin_mobile":{"unit":"px","top":"-20","right":"0","bottom":"0","left":"0","isLinked":false},"label_typography_font_family":"Teko"},"elements":[],"widgetType":"countdown"}],"isInner":false}],"isInner":false},{"id":"7ca6d572","elType":"section","settings":{"content_width":{"unit":"px","size":900},"structure":"20","background_background":"classic","background_color":"#04093f","margin":{"unit":"px","top":"0","right":0,"bottom":"0","left":0,"isLinked":false},"padding":{"unit":"px","top":"0","right":"0","bottom":"220","left":"0","isLinked":false},"margin_tablet":{"unit":"px","top":"","right":0,"bottom":"","left":0,"isLinked":true},"padding_tablet":{"unit":"px","top":"10","right":"10","bottom":"120","left":"0","isLinked":false},"padding_mobile":{"unit":"px","top":"10","right":"10","bottom":"10","left":"10","isLinked":true}},"elements":[{"id":"4a12a35","elType":"column","settings":{"_column_size":50,"_inline_size":null,"margin":{"unit":"px","top":"-100","right":"0","bottom":"0","left":"0","isLinked":false}},"elements":[{"id":"2a42378b","elType":"widget","settings":{"icon":"fa fa-play","view":"framed","shape":"square","primary_color":"#79e1e8","size":{"unit":"px","size":26},"border_width":{"unit":"px","top":"4","right":"4","bottom":"4","left":"4","isLinked":true},"_border_width":{"unit":"px","top":"3","right":"3","bottom":"3","left":"3","isLinked":true},"_border_color":"#79e1e8","__dynamic__":{"link":"[elementor-tag id=\"15f1125\" name=\"lightbox\" settings=\"%7B%22type%22%3A%22video%22%2C%22video_url%22%3A%22https%3A%2F%2Fwww.youtube.com%2Fwatch%3Fv%3DoRt9DO5OCP0%22%7D\"]"},"align":"left","_margin":{"unit":"px","top":"-40","right":"0","bottom":"0","left":"-30","isLinked":false},"_margin_tablet":{"unit":"px","top":"0","right":"0","bottom":"0","left":"0","isLinked":false},"_margin_mobile":{"unit":"px","top":"0","right":"0","bottom":"0","left":"0","isLinked":true},"_z_index":10},"elements":[],"widgetType":"icon"},{"id":"4fc8d8f8","elType":"widget","settings":{"image":{"id":9414,"url":"https:\/\/library.elementor.com\/wp-content\/uploads\/2018\/11\/speaker1.jpg"},"align":"left","width":{"unit":"%","size":70},"image_box_shadow_box_shadow_type":"yes","image_box_shadow_box_shadow":{"horizontal":0,"vertical":0,"blur":50,"spread":0,"color":"rgba(0,0,0,0.69)"},"_margin":{"unit":"px","top":"-60","right":"0","bottom":"0","left":"0","isLinked":false},"_z_index":6,"jet_tricks_widget_satellite_text":"Lorem Ipsum","jet_tricks_widget_tooltip_description":"Lorem Ipsum","_margin_tablet":{"unit":"px","top":"-50","right":"0","bottom":"0","left":"25","isLinked":false}},"elements":[],"widgetType":"image"},{"id":"55f11ec7","elType":"widget","settings":{"_margin":{"unit":"px","top":"-140","right":"60","bottom":"0","left":"180","isLinked":false},"_margin_mobile":{"unit":"px","top":"-80","right":"030","bottom":"0","left":"180","isLinked":false},"_border_border":"solid","_border_width":{"unit":"px","top":"7","right":"7","bottom":"7","left":"7","isLinked":true},"_border_color":"#b828ea","jet_tricks_widget_satellite_text":"Lorem Ipsum","jet_tricks_widget_tooltip_description":"Lorem Ipsum","space":{"unit":"px","size":165},"space_tablet":{"unit":"px","size":100},"space_mobile":{"unit":"px","size":100},"_margin_tablet":{"unit":"px","top":"-90","right":"50","bottom":"0","left":"200","isLinked":false}},"elements":[],"widgetType":"spacer"},{"id":"14ea0b9a","elType":"widget","settings":{"_margin":{"unit":"px","top":"-35","right":"300","bottom":"0","left":"70","isLinked":false},"_margin_mobile":{"unit":"px","top":"-40","right":"0200","bottom":"0","left":"70","isLinked":false},"_border_border":"solid","_border_width":{"unit":"px","top":"5","right":"5","bottom":"5","left":"5","isLinked":true},"_border_color":"#ffc2e9","jet_tricks_widget_satellite_text":"Lorem Ipsum","jet_tricks_widget_tooltip_description":"Lorem Ipsum","space_tablet":{"unit":"px","size":45},"space_mobile":{"unit":"px","size":42},"_margin_tablet":{"unit":"px","top":"-30","right":"230","bottom":"0","left":"80","isLinked":false},"hide_mobile":"hidden-phone"},"elements":[],"widgetType":"spacer"}],"isInner":false},{"id":"2349d09b","elType":"column","settings":{"_column_size":50,"_inline_size":null,"content_position":"center"},"elements":[{"id":"30f66d2e","elType":"widget","settings":{"space":{"unit":"px","size":70},"_margin":{"unit":"px","top":"0","right":"0","bottom":"40","left":"0","isLinked":false},"_border_border":"solid","_border_width":{"unit":"px","top":"0","right":"0","bottom":"0","left":"5","isLinked":false},"_border_color":"#ffc2e9","jet_tricks_widget_satellite_text":"Lorem Ipsum","jet_tricks_widget_tooltip_description":"Lorem Ipsum","hide_mobile":"hidden-phone"},"elements":[],"widgetType":"spacer"},{"id":"15bc00bd","elType":"widget","settings":{"title":"The most influential speakers","title_color":"#79e1e8","typography_typography":"custom","typography_font_size":{"unit":"px","size":40},"typography_font_weight":"400","jet_tricks_widget_satellite_text":"Lorem Ipsum","jet_tricks_widget_tooltip_description":"Lorem Ipsum","typography_font_size_mobile":{"unit":"px","size":50},"_margin_mobile":{"unit":"px","top":"40","right":"0","bottom":"0","left":"0","isLinked":false},"typography_font_family":"Teko"},"elements":[],"widgetType":"heading"},{"id":"450a25a1","elType":"widget","settings":{"jet_tricks_widget_satellite_text":"Lorem Ipsum","jet_tricks_widget_tooltip_description":"Lorem Ipsum","editor":"<p>Lorem ipsum dolor sit amet, consectetur adipiscing elit, sed do eiusmod tempor incididunt ut labore et dolore magna aliqua. Congue nisi vitae suscipit tellus.<\/p>","text_color":"rgba(255,255,255,0.7)","typography_typography":"custom"},"elements":[],"widgetType":"text-editor"}],"isInner":false}],"isInner":false},{"id":"639cc5af","elType":"section","settings":{"content_width":{"unit":"px","size":900},"structure":"20","background_background":"classic","background_color":"#04093f","background_position":"center right","background_repeat":"no-repeat","background_size":"contain","background_overlay_background":"classic","background_overlay_image":{"id":9397,"url":"https:\/\/library.elementor.com\/wp-content\/uploads\/2018\/11\/background_Section_rating.jpg"},"background_overlay_position":"center right","background_overlay_repeat":"no-repeat","background_overlay_size":"contain","background_overlay_opacity":{"unit":"px","size":0.31},"overlay_blend_mode":"luminosity","margin":{"unit":"px","top":"0","right":0,"bottom":"0","left":0,"isLinked":false},"padding":{"unit":"px","top":"0","right":"0","bottom":"100","left":"0","isLinked":false},"padding_mobile":{"unit":"px","top":"20","right":"10","bottom":"10","left":"10","isLinked":false},"z_index":1,"margin_mobile":{"unit":"px","top":"-1","right":0,"bottom":"-1","left":0,"isLinked":true},"padding_tablet":{"unit":"px","top":"20","right":"20","bottom":"20","left":"20","isLinked":true}},"elements":[{"id":"1e427dad","elType":"column","settings":{"_column_size":50,"_inline_size":null,"content_position":"center","margin":{"unit":"px","top":"0","right":"90","bottom":"0","left":"0","isLinked":false},"margin_mobile":{"unit":"px","top":"0","right":"0","bottom":"0","left":"0","isLinked":true},"margin_tablet":{"unit":"px","top":"0","right":"30","bottom":"0","left":"0","isLinked":false}},"elements":[{"id":"349887ea","elType":"widget","settings":{"title":"Participant Ratings","title_color":"#ffc2e9","typography_typography":"custom","typography_font_size":{"unit":"px","size":60},"typography_font_weight":"400","jet_tricks_widget_satellite_text":"Lorem Ipsum","jet_tricks_widget_tooltip_description":"Lorem Ipsum","typography_font_size_tablet":{"unit":"px","size":50},"typography_font_size_mobile":{"unit":"px","size":50},"typography_font_family":"Teko"},"elements":[],"widgetType":"heading"},{"id":"44d456a","elType":"widget","settings":{"editor":"<p>Ipsum suspendisse ultrices gravida dictum fusce ut placerat orci nulla.<\/p>","text_color":"rgba(255,255,255,0.7)","jet_tricks_widget_satellite_text":"Lorem Ipsum","jet_tricks_widget_tooltip_description":"Lorem Ipsum"},"elements":[],"widgetType":"text-editor"},{"id":"6ffda49a","elType":"widget","settings":{"title":"Location","title_typography_typography":"custom","title_typography_font_family":"Teko","title_typography_font_size":{"unit":"px","size":30},"title_color":"#79e1e8","stars_color":"#e09924","stars_unmarked_color":"#79e1e8","_border_border":"dotted","_border_width":{"unit":"px","top":"0","right":"0","bottom":"2","left":"0","isLinked":false},"_border_color":"#e09924","align":"justify","title_gap_mobile":{"unit":"px","size":140},"jet_tricks_widget_satellite_text":"Lorem Ipsum","jet_tricks_widget_tooltip_description":"Lorem Ipsum","rating":4.5},"elements":[],"widgetType":"star-rating"},{"id":"27c6e5c9","elType":"widget","settings":{"title":"Speakers","title_typography_typography":"custom","title_typography_font_family":"Teko","title_typography_font_size":{"unit":"px","size":30},"title_color":"#79e1e8","stars_color":"#e09924","stars_unmarked_color":"#79e1e8","_border_border":"dotted","_border_width":{"unit":"px","top":"0","right":"0","bottom":"2","left":"0","isLinked":false},"_border_color":"#e09924","align":"justify","title_gap_mobile":{"unit":"px","size":135},"jet_tricks_widget_satellite_text":"Lorem Ipsum","jet_tricks_widget_tooltip_description":"Lorem Ipsum","rating":4},"elements":[],"widgetType":"star-rating"},{"id":"1a84125a","elType":"widget","settings":{"title":"Catering","title_typography_typography":"custom","title_typography_font_family":"Teko","title_typography_font_size":{"unit":"px","size":30},"title_color":"#79e1e8","stars_color":"#e09924","stars_unmarked_color":"#79e1e8","_border_border":"dotted","_border_width":{"unit":"px","top":"0","right":"0","bottom":"2","left":"0","isLinked":false},"_border_color":"#e09924","align":"justify","title_gap_mobile":{"unit":"px","size":170},"jet_tricks_widget_satellite_text":"Lorem Ipsum","jet_tricks_widget_tooltip_description":"Lorem Ipsum","rating":3.5},"elements":[],"widgetType":"star-rating"}],"isInner":false},{"id":"169b381d","elType":"column","settings":{"_column_size":50,"_inline_size":null,"content_position":"top","margin":{"unit":"px","top":"0","right":"0","bottom":"0","left":"0","isLinked":false},"margin_mobile":{"unit":"px","top":"50","right":"0","bottom":"0","left":"0","isLinked":false}},"elements":[{"id":"525dd58e","elType":"widget","settings":{"_margin":{"unit":"px","top":"-50","right":"0","bottom":"0","left":"310","isLinked":false},"_margin_mobile":{"unit":"px","top":"0","right":"-20","bottom":"-70","left":"230","isLinked":false},"_border_border":"solid","_border_width":{"unit":"px","top":"5","right":"5","bottom":"5","left":"5","isLinked":true},"_border_color":"#e09924","jet_tricks_widget_satellite_text":"Lorem Ipsum","jet_tricks_widget_tooltip_description":"Lorem Ipsum","space":{"unit":"px","size":110},"space_tablet":{"unit":"px","size":80},"space_mobile":{"unit":"px","size":100},"_margin_tablet":{"unit":"px","top":"0","right":"20","bottom":"0","left":"200","isLinked":false}},"elements":[],"widgetType":"spacer"},{"id":"4ce79cc0","elType":"widget","settings":{"image":{"id":9398,"url":"https:\/\/library.elementor.com\/wp-content\/uploads\/2018\/11\/gallery_people.png"},"align":"left","width":{"unit":"px","size":400},"image_box_shadow_box_shadow_type":"yes","image_box_shadow_box_shadow":{"horizontal":0,"vertical":0,"blur":50,"spread":0,"color":"rgba(0,0,0,0.69)"},"_margin":{"unit":"px","top":"-50","right":"0","bottom":"0","left":"0","isLinked":false},"_z_index":5,"_margin_mobile":{"unit":"px","top":"0","right":"0","bottom":"0","left":"0","isLinked":false},"jet_tricks_widget_satellite_text":"Lorem Ipsum","jet_tricks_widget_tooltip_description":"Lorem Ipsum"},"elements":[],"widgetType":"image"},{"id":"4e3342c5","elType":"widget","settings":{"_margin":{"unit":"px","top":"-50","right":"390","bottom":"0","left":"-30","isLinked":false},"_margin_mobile":{"unit":"px","top":"-50","right":"270","bottom":"0","left":"-20","isLinked":false},"_border_border":"solid","_border_width":{"unit":"px","top":"5","right":"5","bottom":"5","left":"5","isLinked":true},"_border_color":"rgba(184,40,234,0.3)","jet_tricks_widget_satellite_text":"Lorem Ipsum","jet_tricks_widget_tooltip_description":"Lorem Ipsum","space":{"unit":"px","size":60},"space_mobile":{"unit":"px","size":60},"_margin_tablet":{"unit":"px","top":"-50","right":"280","bottom":"0","left":"-20","isLinked":false},"_box_shadow_box_shadow_type":"yes","_box_shadow_box_shadow":{"horizontal":20,"vertical":20,"blur":0,"spread":0,"color":"rgba(255,255,255,0.06)"}},"elements":[],"widgetType":"spacer"},{"id":"6bc6cb9b","elType":"widget","settings":{"space":{"unit":"px","size":100},"_margin":{"unit":"px","top":"0","right":"-80","bottom":"-180","left":"0","isLinked":false},"_border_border":"solid","_border_width":{"unit":"px","top":"0","right":"5","bottom":"0","left":"0","isLinked":false},"_border_color":"#79e1e8","jet_tricks_widget_satellite_text":"Lorem Ipsum","jet_tricks_widget_tooltip_description":"Lorem Ipsum","_border_radius":{"unit":"px","top":"0","right":"0","bottom":"0","left":"0","isLinked":true},"space_mobile":{"unit":"px","size":100},"_margin_tablet":{"unit":"px","top":"0","right":"0","bottom":"-80","left":"0","isLinked":false},"_margin_mobile":{"unit":"px","top":"-80","right":"30","bottom":"0","left":"0","isLinked":false}},"elements":[],"widgetType":"spacer"}],"isInner":false}],"isInner":false},{"id":"4a5e1e5c","elType":"section","settings":{"background_background":"classic","background_color":"#04093f","padding":{"unit":"px","top":"100","right":"0","bottom":"120","left":"0","isLinked":false},"padding_tablet":{"unit":"px","top":"100","right":"50","bottom":"050","left":"50","isLinked":false},"padding_mobile":{"unit":"px","top":"0","right":"0","bottom":"0","left":"0","isLinked":true}},"elements":[{"id":"493d61d1","elType":"column","settings":{"_column_size":100},"elements":[{"id":"38cd523e","elType":"widget","settings":{"jet_tricks_widget_satellite_text":"Lorem Ipsum","jet_tricks_widget_tooltip_description":"Lorem Ipsum","space_mobile":{"unit":"px","size":10}},"elements":[],"widgetType":"spacer"}],"isInner":false}],"isInner":false},{"id":"1e40637a","elType":"section","settings":{"content_width":{"unit":"px","size":900},"gap":"no","structure":"20","background_background":"gradient","background_color":"#04093f","background_color_b":"#000b5e","background_overlay_background":"classic","background_overlay_image":{"id":9395,"url":"https:\/\/library.elementor.com\/wp-content\/uploads\/2018\/11\/baceground_section_gallery.jpg"},"background_overlay_position":"bottom left","background_overlay_repeat":"no-repeat","background_overlay_size":"contain","margin":{"unit":"px","top":"0","right":0,"bottom":"0","left":0,"isLinked":false},"padding":{"unit":"px","top":"0","right":"0","bottom":"0","left":"0","isLinked":false},"z_index":1,"background_overlay_opacity":{"unit":"px","size":0.6},"overlay_blend_mode":"luminosity","padding_tablet":{"unit":"px","top":"20","right":"20","bottom":"20","left":"20","isLinked":true}},"elements":[{"id":"2f55ad37","elType":"column","settings":{"_column_size":50},"elements":[{"id":"26e2c655","elType":"widget","settings":{"title":"Gallery","title_color":"#ffc2e9","typography_typography":"custom","typography_font_size":{"unit":"px","size":150},"typography_font_weight":"400","text_shadow_text_shadow_type":"yes","text_shadow_text_shadow":{"horizontal":0,"vertical":0,"blur":50,"color":"rgba(0,0,0,0.61)"},"_margin":{"unit":"px","top":"-80","right":"0","bottom":"40","left":"0","isLinked":false},"jet_tricks_widget_satellite_text":"Lorem Ipsum","jet_tricks_widget_tooltip_description":"Lorem Ipsum","typography_font_size_mobile":{"unit":"px","size":100},"_margin_mobile":{"unit":"px","top":"0","right":"0","bottom":"0","left":"0","isLinked":false},"typography_font_family":"Teko"},"elements":[],"widgetType":"heading"},{"id":"af0f9a8","elType":"widget","settings":{"image":{"id":9409,"url":"https:\/\/library.elementor.com\/wp-content\/uploads\/2018\/11\/speaker02.jpg"},"image_size":"full","align":"right","width":{"unit":"px","size":320},"image_border_border":"solid","image_border_width":{"unit":"px","top":"6","right":"6","bottom":"6","left":"6","isLinked":true},"image_border_color":"#ffc2e9","image_box_shadow_box_shadow_type":"yes","image_box_shadow_box_shadow":{"horizontal":0,"vertical":0,"blur":50,"spread":0,"color":"rgba(0,0,0,0.65)"},"_margin":{"unit":"px","top":"0","right":"-80","bottom":"-80","left":"0","isLinked":false},"_z_index":1,"jet_tricks_widget_satellite_text":"Lorem Ipsum","jet_tricks_widget_tooltip_description":"Lorem Ipsum","align_tablet":"right","align_mobile":"right","width_tablet":{"unit":"px","size":250},"width_mobile":{"unit":"px","size":150},"_margin_tablet":{"unit":"px","top":"0","right":"-50","bottom":"-80","left":"0","isLinked":false},"_margin_mobile":{"unit":"px","top":"0","right":"0","bottom":"0","left":"0","isLinked":false}},"elements":[],"widgetType":"image"},{"id":"1620e4a5","elType":"widget","settings":{"space":{"unit":"px","size":5},"_margin":{"unit":"px","top":"0","right":"0","bottom":"0","left":"-600","isLinked":false},"_border_border":"solid","_border_width":{"unit":"px","top":"0","right":"0","bottom":"7","left":"0","isLinked":false},"_border_color":"#e09924","jet_tricks_widget_satellite_text":"Lorem Ipsum","jet_tricks_widget_tooltip_description":"Lorem Ipsum","_margin_tablet":{"unit":"px","top":"0","right":"0","bottom":"-20","left":"-300","isLinked":false},"hide_mobile":"hidden-phone"},"elements":[],"widgetType":"spacer"}],"isInner":false},{"id":"6e81f05d","elType":"column","settings":{"_column_size":50,"_inline_size":56.333,"_inline_size_tablet":50},"elements":[{"id":"49d6604c","elType":"widget","settings":{"_margin":{"unit":"px","top":"-100","right":"240","bottom":"40","left":"-50","isLinked":false},"_margin_mobile":{"unit":"px","top":"-100","right":"100","bottom":"0","left":"-10","isLinked":false},"_border_width":{"unit":"px","top":"5","right":"5","bottom":"5","left":"5","isLinked":true},"_border_color":"#e09924","jet_tricks_widget_satellite_text":"Lorem Ipsum","jet_tricks_widget_tooltip_description":"Lorem Ipsum","space":{"unit":"px","size":280},"_background_background":"classic","_background_color":"#79e1e8","space_tablet":{"unit":"px","size":150},"space_mobile":{"unit":"px","size":200},"_margin_tablet":{"unit":"px","top":"-80","right":"200","bottom":"0","left":"-30","isLinked":false}},"elements":[],"widgetType":"spacer"},{"id":"62dc1428","elType":"widget","settings":{"image":{"id":9400,"url":"https:\/\/library.elementor.com\/wp-content\/uploads\/2018\/11\/gallery.png"},"align":"left","width":{"unit":"px","size":380},"_margin":{"unit":"px","top":"-260","right":"0","bottom":"0","left":"0","isLinked":false},"jet_tricks_widget_satellite_text":"Lorem Ipsum","jet_tricks_widget_tooltip_description":"Lorem Ipsum","width_tablet":{"unit":"px","size":280},"width_mobile":{"unit":"px","size":250},"_margin_tablet":{"unit":"px","top":"-130","right":"0","bottom":"0","left":"10","isLinked":false},"_margin_mobile":{"unit":"px","top":"-160","right":"0","bottom":"0","left":"25","isLinked":false}},"elements":[],"widgetType":"image"},{"id":"5997e4c2","elType":"widget","settings":{"image":{"id":9399,"url":"https:\/\/library.elementor.com\/wp-content\/uploads\/2018\/11\/gallery.2.png"},"align":"right","width":{"unit":"px","size":300},"css_filters_css_filter":"custom","image_box_shadow_box_shadow_type":"yes","image_box_shadow_box_shadow":{"horizontal":0,"vertical":0,"blur":50,"spread":0,"color":"rgba(0,0,0,0.33)"},"_margin":{"unit":"px","top":"50","right":"-40","bottom":"0","left":"0","isLinked":false},"_z_index":1,"jet_tricks_widget_satellite_text":"Lorem Ipsum","jet_tricks_widget_tooltip_description":"Lorem Ipsum","align_mobile":"right","width_tablet":{"unit":"px","size":230},"_margin_tablet":{"unit":"px","top":"50","right":"0","bottom":"0","left":"0","isLinked":false}},"elements":[],"widgetType":"image"},{"id":"199f3944","elType":"widget","settings":{"icon":"fa fa-play","view":"framed","shape":"square","primary_color":"#79e1e8","size":{"unit":"px","size":26},"border_width":{"unit":"px","top":"4","right":"4","bottom":"4","left":"4","isLinked":true},"_border_width":{"unit":"px","top":"3","right":"3","bottom":"3","left":"3","isLinked":true},"_border_color":"#79e1e8","__dynamic__":{"link":"[elementor-tag id=\"15f1125\" name=\"lightbox\" settings=\"%7B%22type%22%3A%22video%22%2C%22video_url%22%3A%22https%3A%2F%2Fwww.youtube.com%2Fwatch%3Fv%3DoRt9DO5OCP0%22%2C%22image%22%3A%7B%22url%22%3A%22http%3A%2F%2Fconference.local%2Fwp-content%2Fuploads%2F2018%2F11%2Fpeople_02-1.png%22%2C%22id%22%3A187%7D%7D\"]"},"align":"right","align_mobile":"right","_margin":{"unit":"px","top":"-150","right":"80","bottom":"0","left":"0","isLinked":false},"_margin_tablet":{"unit":"px","top":"-130","right":"80","bottom":"0","left":"0","isLinked":false},"_z_index":5},"elements":[],"widgetType":"icon"},{"id":"38cd32ef","elType":"widget","settings":{"_margin":{"unit":"px","top":"-30","right":"-80","bottom":"0","left":"430","isLinked":false},"_margin_mobile":{"unit":"px","top":"-40","right":"150","bottom":"0","left":"50","isLinked":false},"_border_border":"solid","_border_width":{"unit":"px","top":"5","right":"5","bottom":"5","left":"5","isLinked":true},"_border_color":"#e09924","jet_tricks_widget_satellite_text":"Lorem Ipsum","jet_tricks_widget_tooltip_description":"Lorem Ipsum","space":{"unit":"px","size":110},"_border_radius":{"unit":"px","top":"0","right":"0","bottom":"0","left":"0","isLinked":false},"space_mobile":{"unit":"px","size":110},"_margin_tablet":{"unit":"px","top":"-60","right":"-15","bottom":"0","left":"250","isLinked":false}},"elements":[],"widgetType":"spacer"}],"isInner":false}],"isInner":false},{"id":"3fa9f6cf","elType":"section","settings":{"content_width":{"unit":"px","size":900},"height":"min-height","custom_height":{"unit":"px","size":""},"background_background":"gradient","background_color":"#000b5e","background_color_b":"#04093f","padding":{"unit":"px","top":"180","right":"0","bottom":"50","left":"0","isLinked":false},"padding_tablet":{"unit":"px","top":"100","right":"10","bottom":"10","left":"10","isLinked":false},"padding_mobile":{"unit":"px","top":"60","right":"0","bottom":"0","left":"0","isLinked":false}},"elements":[{"id":"70e26b26","elType":"column","settings":{"_column_size":100},"elements":[{"id":"17e31106","elType":"section","settings":{"content_width":{"unit":"px","size":600}},"elements":[{"id":"e4c68c","elType":"column","settings":{"_column_size":100,"_inline_size":null},"elements":[{"id":"69c3a01d","elType":"widget","settings":{"image":{"id":9402,"url":"https:\/\/library.elementor.com\/wp-content\/uploads\/2018\/11\/icons3.png"},"align":"left","width":{"unit":"px","size":90},"jet_tricks_widget_satellite_text":"Lorem Ipsum","jet_tricks_widget_tooltip_description":"Lorem Ipsum","image_size":"full","width_mobile":{"unit":"px","size":60},"_margin_mobile":{"unit":"px","top":"0","right":"0","bottom":"-50","left":"-10","isLinked":false}},"elements":[],"widgetType":"image"},{"id":"43df11a","elType":"widget","settings":{"title":"Social","title_color":"rgba(184,40,234,0.65)","typography_typography":"custom","typography_font_size":{"unit":"px","size":140},"typography_font_weight":"400","text_shadow_text_shadow_type":"yes","text_shadow_text_shadow":{"horizontal":0,"vertical":0,"blur":50,"color":"rgba(0,0,0,0.61)"},"_margin":{"unit":"px","top":"-90","right":"0","bottom":"40","left":"0","isLinked":false},"align":"center","jet_tricks_widget_satellite_text":"Lorem Ipsum","jet_tricks_widget_tooltip_description":"Lorem Ipsum","typography_font_size_mobile":{"unit":"px","size":100},"_margin_mobile":{"unit":"px","top":"0","right":"0","bottom":"0","left":"0","isLinked":true},"typography_font_family":"Teko"},"elements":[],"widgetType":"heading"},{"id":"634a891b","elType":"widget","settings":{"title":"Review","title_color":"#ffc2e9","typography_typography":"custom","typography_font_size":{"unit":"px","size":160},"typography_font_weight":"400","text_shadow_text_shadow_type":"yes","text_shadow_text_shadow":{"horizontal":0,"vertical":-25,"blur":50,"color":"rgba(0,0,0,0.61)"},"_margin":{"unit":"px","top":"-105","right":"0","bottom":"-110","left":"0","isLinked":false},"align":"center","jet_tricks_widget_satellite_text":"Lorem Ipsum","jet_tricks_widget_tooltip_description":"Lorem Ipsum","typography_font_size_mobile":{"unit":"px","size":120},"_margin_mobile":{"unit":"px","top":"-90","right":"0","bottom":"0","left":"0","isLinked":false},"typography_font_family":"Teko"},"elements":[],"widgetType":"heading"},{"id":"d0d70b8","elType":"widget","settings":{"image":{"id":9401,"url":"https:\/\/library.elementor.com\/wp-content\/uploads\/2018\/11\/icons2.png"},"image_size":"full","align":"right","width":{"unit":"px","size":100},"_margin":{"unit":"px","top":"0","right":"-40","bottom":"0","left":"0","isLinked":false},"jet_tricks_widget_satellite_text":"Lorem Ipsum","jet_tricks_widget_tooltip_description":"Lorem Ipsum","width_mobile":{"unit":"px","size":60},"_margin_mobile":{"unit":"px","top":"-40","right":"-10","bottom":"0","left":"0","isLinked":false}},"elements":[],"widgetType":"image"}],"isInner":true}],"isInner":true},{"id":"115ab623","elType":"widget","settings":{"slides":[{"content":"Lorem ipsum dolor sit amet, consectetur adipiscing elit, sed do eiusmod tempor incididunt ut labore et dolore magna aliqua. Congue nisi vitae suscipit tellus. Ipsum suspendisse ultrices gravida dictum fusce ut placerat orci nulla. ","name":"Dave Shapira","title":"Influencer","image":{"id":9403,"url":"https:\/\/library.elementor.com\/wp-content\/uploads\/2018\/11\/image_reviews.1.jpg"},"_id":"297a33e","rating":4,"social_icon":"fa fa-twitter","link":{"url":"","is_external":"","nofollow":""}},{"content":"Nunc vel risus commodo viverra maecenas accumsan. Nec dui nunc mattis enim ut tellus. Lorem ipsum dolor sit amet. Vestibulum sed arcu non odio euismod lacinia. Ipsum consequat nisl vel pretium lectus. Tempor orci dapibus ultrices in iaculis nunc sed.","name":"Delphine Leroy","title":"Brand Ambassador","image":{"id":9405,"url":"https:\/\/library.elementor.com\/wp-content\/uploads\/2018\/11\/image_reviews.3.jpg"},"_id":"e929c4d","rating":4.5,"social_icon":"fa fa-whatsapp","link":{"url":"","is_external":"","nofollow":""}},{"content":"Lorem ipsum dolor sit amet, consectetur adipiscing elit, sed do eiusmod tempor incididunt ut labore et dolore Nunc vel risus commodo viverra maecenas accumsan. Nec dui nunc mattis enim ut tellus. Lorem ipsum dolor sit amet.","name":"Eva Rossi","title":"VP Marketing","image":{"id":9406,"url":"https:\/\/library.elementor.com\/wp-content\/uploads\/2018\/11\/image_reviews.4.jpg"},"_id":"b0b2702","rating":5,"social_icon":"fa fa-tripadvisor","link":{"url":"","is_external":"","nofollow":""}},{"content":"Nunc vel risus commodo viverra maecenas accumsan. Nec dui nunc mattis enim ut tellus. Lorem ipsum dolor sit amet.","name":"Thomas Brose","title":"CEO","image":{"id":9404,"url":"https:\/\/library.elementor.com\/wp-content\/uploads\/2018\/11\/image_reviews.2.jpg"},"_id":"35cb752","rating":4,"social_icon":"fa fa-tripadvisor","link":{"url":"","is_external":"","nofollow":""}}],"slides_per_view":"3","slides_to_scroll":"2","width":{"unit":"%","size":100},"show_arrows":"","space_between":{"unit":"px","size":15},"slide_background_color":"rgba(255,194,233,0.1)","slide_border_size":{"unit":"px","top":"0","right":"0","bottom":"0","left":"0","isLinked":true},"slide_border_radius":{"unit":"px","size":5},"slide_padding":{"unit":"px","top":"40","right":"30","bottom":"40","left":"30","isLinked":false},"show_separator":"","separator_size":{"unit":"px","size":0},"content_gap":{"unit":"px","size":70},"header_background_color":"rgba(121,225,232,0.04)","name_color":"#79e1e8","name_typography_typography":"custom","name_typography_font_size":{"unit":"px","size":18},"name_typography_line_height":{"unit":"em","size":1.1},"title_color":"#ffffff","title_typography_typography":"custom","title_typography_font_size":{"unit":"px","size":15},"title_typography_line_height":{"unit":"em","size":1.4},"content_color":"rgba(255,255,255,0.84)","content_typography_typography":"custom","content_typography_font_size":{"unit":"px","size":14},"image_size":{"unit":"px","size":50},"image_gap":{"unit":"px","size":15},"icon_color":"custom","icon_custom_color":"#e09924","icon_size":{"unit":"px","size":20},"star_size":{"unit":"px","size":7},"star_space":{"unit":"px","size":2},"stars_color":"#e09924","stars_unmarked_color":"rgba(121,225,232,0.59)","arrows_color":"#e09924","pagination_size":{"unit":"px","size":5},"pagination_color":"#e09924","_margin":{"unit":"px","top":"060","right":"0","bottom":"0","left":"0","isLinked":false},"_padding":{"unit":"px","top":"10","right":"10","bottom":"0","left":"10","isLinked":false},"jet_tricks_widget_satellite_text":"Lorem Ipsum","jet_tricks_widget_tooltip_description":"Lorem Ipsum","name_typography_font_weight":"500","slides_per_view_tablet":"2","width_tablet":{"unit":"%","size":100},"name_typography_font_family":"Teko","title_typography_font_family":"Teko"},"elements":[],"widgetType":"reviews"}],"isInner":false}],"isInner":false},{"id":"5d7eb08c","elType":"section","settings":{"content_width":{"unit":"px","size":900},"background_background":"classic","background_color":"#04093f","margin":{"unit":"px","top":"","right":0,"bottom":"","left":0,"isLinked":true},"padding":{"unit":"px","top":"60","right":"0","bottom":"40","left":"0","isLinked":false},"margin_mobile":{"unit":"px","top":"-1","right":0,"bottom":"-1","left":0,"isLinked":true},"padding_tablet":{"unit":"px","top":"100","right":"10","bottom":"10","left":"10","isLinked":false},"padding_mobile":{"unit":"px","top":"40","right":"0","bottom":"0","left":"0","isLinked":false}},"elements":[{"id":"b530fa4","elType":"column","settings":{"_column_size":100},"elements":[{"id":"f619d5b","elType":"section","settings":{"content_position":"middle","structure":"30"},"elements":[{"id":"f24e8d4","elType":"column","settings":{"_column_size":33,"_inline_size":32.727},"elements":[{"id":"2bdec87d","elType":"widget","settings":{"title":"Sponsors","title_color":"#79e1e8","typography_typography":"custom","typography_font_size":{"unit":"px","size":40},"typography_font_weight":"400","jet_tricks_widget_satellite_text":"Lorem Ipsum","jet_tricks_widget_tooltip_description":"Lorem Ipsum","typography_font_family":"Teko"},"elements":[],"widgetType":"heading"}],"isInner":true},{"id":"78c6653d","elType":"column","settings":{"_column_size":33,"_inline_size":35.151},"elements":[{"id":"1207cc5e","elType":"widget","settings":{"editor":"Lorem ipsum dolor sit amet, consectetur adipiscing elit, sed do eiusmod tempor","text_color":"rgba(255,255,255,0.7)","jet_tricks_widget_satellite_text":"Lorem Ipsum","jet_tricks_widget_tooltip_description":"Lorem Ipsum"},"elements":[],"widgetType":"text-editor"}],"isInner":true},{"id":"7dce97f9","elType":"column","settings":{"_column_size":33,"_inline_size":32.121},"elements":[{"id":"5d582b99","elType":"widget","settings":{"text":"Become a  Sponsor","align":"right","button_text_color":"#ffc2e9","background_color":"rgba(0,0,0,0)","border_border":"solid","border_width":{"unit":"px","top":"2","right":"2","bottom":"2","left":"2","isLinked":true},"border_radius":{"unit":"px","top":"50","right":"50","bottom":"50","left":"50","isLinked":true},"text_padding":{"unit":"px","top":"15","right":"030","bottom":"15","left":"30","isLinked":false},"_margin":{"unit":"px","top":"0","right":"0","bottom":"0","left":"0","isLinked":false},"jet_tricks_widget_satellite_text":"Lorem Ipsum","jet_tricks_widget_tooltip_description":"Lorem Ipsum","align_mobile":"left","border_color":"#ffc2e9","_margin_mobile":{"unit":"px","top":"0","right":"0","bottom":"0","left":"0","isLinked":false}},"elements":[],"widgetType":"button"}],"isInner":true}],"isInner":true},{"id":"589eff2c","elType":"section","settings":{"margin":{"unit":"px","top":"70","right":0,"bottom":"0","left":0,"isLinked":false},"margin_mobile":{"unit":"px","top":"30","right":0,"bottom":"0","left":0,"isLinked":false}},"elements":[{"id":"369bea37","elType":"column","settings":{"_column_size":100,"_inline_size":null},"elements":[{"id":"40f4f148","elType":"widget","settings":{"image":{"id":9407,"url":"https:\/\/library.elementor.com\/wp-content\/uploads\/2018\/11\/logos.png"},"image_size":"full","opacity":{"unit":"px","size":0.7},"jet_tricks_widget_satellite_text":"Lorem Ipsum","jet_tricks_widget_tooltip_description":"Lorem Ipsum"},"elements":[],"widgetType":"image"}],"isInner":true}],"isInner":true}],"isInner":false}],"isInner":false},{"id":"78655b65","elType":"section","settings":{"content_width":{"unit":"px","size":900},"height":"min-height","custom_height":{"unit":"px","size":""},"background_background":"gradient","background_color":"#04093f","background_color_b":"#401688","padding":{"unit":"px","top":"90","right":"0","bottom":"90","left":"0","isLinked":false},"content_position":"middle","z_index":5,"margin_mobile":{"unit":"px","top":"-1","right":0,"bottom":"-1","left":0,"isLinked":true},"padding_tablet":{"unit":"px","top":"150","right":"20","bottom":"100","left":"20","isLinked":false},"padding_mobile":{"unit":"px","top":"70","right":"10","bottom":"50","left":"10","isLinked":false}},"elements":[{"id":"69ee3015","elType":"column","settings":{"_column_size":100,"_inline_size":40},"elements":[{"id":"638ff8d4","elType":"widget","settings":{"_margin":{"unit":"px","top":"0","right":"-90","bottom":"-20","left":"380","isLinked":false},"_margin_mobile":{"unit":"px","top":"0","right":"140","bottom":"-20","left":"0130","isLinked":false},"_border_border":"solid","_border_width":{"unit":"px","top":"5","right":"5","bottom":"5","left":"5","isLinked":true},"_border_color":"#e09924","jet_tricks_widget_satellite_text":"Lorem Ipsum","jet_tricks_widget_tooltip_description":"Lorem Ipsum","space":{"unit":"px","size":40},"_border_radius":{"unit":"px","top":"0","right":"0","bottom":"0","left":"0","isLinked":false},"space_tablet":{"unit":"px","size":40},"_margin_tablet":{"unit":"px","top":"0","right":"-130","bottom":"-20","left":"352","isLinked":false},"_background_background":"classic","_background_color":"#e09924"},"elements":[],"widgetType":"spacer"},{"id":"2173f449","elType":"widget","settings":{"_margin":{"unit":"px","top":"0","right":"-40","bottom":"-80","left":"290","isLinked":false},"_margin_mobile":{"unit":"px","top":"0","right":"40","bottom":"-70","left":"180","isLinked":false},"_border_border":"solid","_border_width":{"unit":"px","top":"5","right":"5","bottom":"5","left":"5","isLinked":true},"_border_color":"#b828ea","jet_tricks_widget_satellite_text":"Lorem Ipsum","jet_tricks_widget_tooltip_description":"Lorem Ipsum","space":{"unit":"px","size":80},"_border_radius":{"unit":"px","top":"0","right":"0","bottom":"0","left":"0","isLinked":false},"space_tablet":{"unit":"px","size":80},"space_mobile":{"unit":"px","size":90},"_margin_tablet":{"unit":"px","top":"0","right":"-80","bottom":"-80","left":"260","isLinked":false}},"elements":[],"widgetType":"spacer"},{"id":"cd45dc4","elType":"widget","settings":{"anchor":"tickets"},"elements":[],"widgetType":"menu-anchor"},{"id":"2d665921","elType":"widget","settings":{"title":"Tickets","title_color":"#ffc2e9","typography_typography":"custom","typography_font_size":{"unit":"px","size":150},"typography_font_weight":"400","text_shadow_text_shadow_type":"yes","text_shadow_text_shadow":{"horizontal":0,"vertical":10,"blur":50,"color":"rgba(0,0,0,0.61)"},"_margin":{"unit":"px","top":"0","right":"0","bottom":"0","left":"0","isLinked":false},"jet_tricks_widget_satellite_text":"Lorem Ipsum","jet_tricks_widget_tooltip_description":"Lorem Ipsum","typography_font_size_mobile":{"unit":"px","size":100},"typography_font_family":"Teko"},"elements":[],"widgetType":"heading"},{"id":"4500872","elType":"widget","settings":{"editor":"<p>Ipsum suspendisse ultrices gravida dictum fusce ut placerat orci nulla.\u00a0<\/p>","text_color":"rgba(255,255,255,0.7)","jet_tricks_widget_satellite_text":"Lorem Ipsum","jet_tricks_widget_tooltip_description":"Lorem Ipsum"},"elements":[],"widgetType":"text-editor"},{"id":"6545f5df","elType":"section","settings":{"gap":"no","content_position":"bottom","structure":"20","border_border":"dotted","border_width":{"unit":"px","top":"0","right":"0","bottom":"02","left":"0","isLinked":false},"border_color":"#e09924","margin":{"unit":"px","top":"40","right":0,"bottom":"20","left":0,"isLinked":false},"padding":{"unit":"px","top":"0","right":"0","bottom":"10","left":"0","isLinked":false}},"elements":[{"id":"47059265","elType":"column","settings":{"_column_size":50,"_inline_size":null,"_inline_size_mobile":60},"elements":[{"id":"666c4286","elType":"widget","settings":{"title":"Single","title_color":"#79e1e8","typography_typography":"custom","typography_font_size":{"unit":"px","size":40},"typography_font_weight":"400","jet_tricks_widget_satellite_text":"Lorem Ipsum","jet_tricks_widget_tooltip_description":"Lorem Ipsum","typography_font_family":"Teko"},"elements":[],"widgetType":"heading"}],"isInner":true},{"id":"54ee32e3","elType":"column","settings":{"_column_size":50,"_inline_size":null,"_inline_size_mobile":40},"elements":[{"id":"3d1d3b61","elType":"widget","settings":{"title":"152$","align":"right","title_color":"#79e1e8","typography_typography":"custom","typography_font_size":{"unit":"px","size":40},"typography_font_weight":"400","jet_tricks_widget_satellite_text":"Lorem Ipsum","jet_tricks_widget_tooltip_description":"Lorem Ipsum","typography_font_family":"Teko"},"elements":[],"widgetType":"heading"}],"isInner":true}],"isInner":true},{"id":"60739001","elType":"section","settings":{"gap":"no","content_position":"bottom","structure":"20","border_border":"dotted","border_width":{"unit":"px","top":"0","right":"0","bottom":"02","left":"0","isLinked":false},"border_color":"#e09924","margin":{"unit":"px","top":"20","right":0,"bottom":"20","left":0,"isLinked":false},"padding":{"unit":"px","top":"0","right":"0","bottom":"10","left":"0","isLinked":false}},"elements":[{"id":"48907efb","elType":"column","settings":{"_column_size":50,"_inline_size":null,"_inline_size_mobile":60},"elements":[{"id":"26e0db7f","elType":"widget","settings":{"title":"Group","title_color":"#79e1e8","typography_typography":"custom","typography_font_size":{"unit":"px","size":40},"typography_font_weight":"400","jet_tricks_widget_satellite_text":"Lorem Ipsum","jet_tricks_widget_tooltip_description":"Lorem Ipsum","typography_font_family":"Teko"},"elements":[],"widgetType":"heading"},{"id":"592c23fd","elType":"widget","settings":{"editor":"<p>Up to 4 tickets<\/p>","text_color":"#ffffff","typography_typography":"custom","typography_font_size":{"unit":"px","size":13},"_margin":{"unit":"px","top":"-20","right":"0","bottom":"-20","left":"0","isLinked":false},"jet_tricks_widget_satellite_text":"Lorem Ipsum","jet_tricks_widget_tooltip_description":"Lorem Ipsum","align":"left"},"elements":[],"widgetType":"text-editor"}],"isInner":true},{"id":"5a10ea89","elType":"column","settings":{"_column_size":50,"_inline_size":null,"_inline_size_mobile":40},"elements":[{"id":"33ee4c37","elType":"widget","settings":{"title":"130$","align":"right","title_color":"#79e1e8","typography_typography":"custom","typography_font_size":{"unit":"px","size":40},"typography_font_weight":"400","jet_tricks_widget_satellite_text":"Lorem Ipsum","jet_tricks_widget_tooltip_description":"Lorem Ipsum","typography_font_family":"Teko"},"elements":[],"widgetType":"heading"}],"isInner":true}],"isInner":true},{"id":"3225532e","elType":"section","settings":{"gap":"no","content_position":"bottom","structure":"20","border_border":"dotted","border_width":{"unit":"px","top":"0","right":"0","bottom":"02","left":"0","isLinked":false},"border_color":"#e09924","margin":{"unit":"px","top":"20","right":0,"bottom":"20","left":0,"isLinked":false},"padding":{"unit":"px","top":"0","right":"0","bottom":"10","left":"0","isLinked":false}},"elements":[{"id":"201d86d0","elType":"column","settings":{"_column_size":50,"_inline_size":null,"_inline_size_mobile":60},"elements":[{"id":"4549025a","elType":"widget","settings":{"title":"Large Team","title_color":"#79e1e8","typography_typography":"custom","typography_font_size":{"unit":"px","size":40},"typography_font_weight":"400","jet_tricks_widget_satellite_text":"Lorem Ipsum","jet_tricks_widget_tooltip_description":"Lorem Ipsum","typography_font_family":"Teko"},"elements":[],"widgetType":"heading"},{"id":"4af355b0","elType":"widget","settings":{"editor":"<p>5+ tickets<\/p>","text_color":"#ffffff","typography_typography":"custom","typography_font_size":{"unit":"px","size":13},"_margin":{"unit":"px","top":"-20","right":"0","bottom":"-20","left":"0","isLinked":false},"jet_tricks_widget_satellite_text":"Lorem Ipsum","jet_tricks_widget_tooltip_description":"Lorem Ipsum","align":"left"},"elements":[],"widgetType":"text-editor"}],"isInner":true},{"id":"5a183e84","elType":"column","settings":{"_column_size":50,"_inline_size":null,"_inline_size_mobile":40},"elements":[{"id":"7127cad8","elType":"widget","settings":{"title":"109$","align":"right","title_color":"#79e1e8","typography_typography":"custom","typography_font_size":{"unit":"px","size":40},"typography_font_weight":"400","jet_tricks_widget_satellite_text":"Lorem Ipsum","jet_tricks_widget_tooltip_description":"Lorem Ipsum","typography_font_family":"Teko"},"elements":[],"widgetType":"heading"}],"isInner":true}],"isInner":true}],"isInner":false},{"id":"794fcd70","elType":"column","settings":{"_column_size":100,"_inline_size":60,"content_position":"bottom","margin":{"unit":"px","top":"0","right":"0","bottom":"0","left":"150","isLinked":false},"margin_tablet":{"unit":"px","top":"0","right":"0","bottom":"0","left":"80","isLinked":false},"margin_mobile":{"unit":"px","top":"30","right":"0","bottom":"0","left":"0","isLinked":false}},"elements":[{"id":"37706a1d","elType":"widget","settings":{"form_name":"New Form","form_fields":[{"_id":"name","field_type":"text","field_label":"First & Last Name","placeholder":"Full Name","width":"100","field_value":"","required":"","min_date":"","max_date":"","field_options":"","allow_multiple":"","select_size":"","inline_list":"","field_html":"","width_tablet":"","width_mobile":"","rows":4,"recaptcha_size":"normal","recaptcha_style":"light","css_classes":"","file_sizes":"","file_types":"","allow_multiple_upload":"","max_files":"","acceptance_text":"","checked_by_default":"","field_min":"","field_max":"","use_native_date":"","use_native_time":"","custom_id":"name"},{"_id":"email","field_type":"email","required":"true","field_label":"Email Address","placeholder":"Email","width":"100","field_value":"","min_date":"","max_date":"","field_options":"","allow_multiple":"","select_size":"","inline_list":"","field_html":"","width_tablet":"","width_mobile":"","rows":4,"recaptcha_size":"normal","recaptcha_style":"light","css_classes":"","file_sizes":"","file_types":"","allow_multiple_upload":"","max_files":"","acceptance_text":"","checked_by_default":"","field_min":"","field_max":"","use_native_date":"","use_native_time":"","custom_id":"email"},{"_id":"message","field_type":"select","field_label":"Choose a Pass","placeholder":"Message","width":"100","field_value":"Single","required":"","min_date":"","max_date":"","field_options":"- Select one -\nSingle \nGroup\nTeam","allow_multiple":"","select_size":"","inline_list":"","field_html":"","width_tablet":"","width_mobile":"","rows":4,"recaptcha_size":"normal","recaptcha_style":"light","css_classes":"","file_sizes":"","file_types":"","allow_multiple_upload":"","max_files":"","acceptance_text":"","checked_by_default":"","field_min":"","field_max":"","use_native_date":"","use_native_time":"","custom_id":"message"}],"input_size":"md","button_text":"Yes, I'm in!","button_size":"md","button_align":"end","email_content":"[all-fields]","email_content_2":"[all-fields]","success_message":"The form was sent successfully.","error_message":"An error occured.","required_field_message":"This field is required.","invalid_message":"There's something wrong. The form is invalid.","row_gap":{"unit":"px","size":30},"label_spacing":{"unit":"px","size":10},"label_color":"#79e1e8","field_text_color":"rgba(255,255,255,0.74)","field_background_color":"rgba(255,255,255,0.09)","field_border_width":{"unit":"px","top":"0","right":"0","bottom":"0","left":"0","isLinked":true},"field_border_radius":{"unit":"px","top":"0","right":"0","bottom":"0","left":"0","isLinked":true},"button_background_color":"#ffc2e9","button_text_color":"#4d16ab","button_border_radius":{"unit":"px","top":"0","right":"0","bottom":"0","left":"0","isLinked":true},"button_text_padding":{"unit":"px","top":"0","right":"50","bottom":"0","left":"50","isLinked":false},"_z_index":1,"jet_tricks_widget_satellite_text":"Lorem Ipsum","jet_tricks_widget_tooltip_description":"Lorem Ipsum","button_typography_typography":"custom","button_typography_text_transform":"uppercase"},"elements":[],"widgetType":"form"},{"id":"2ff3eb27","elType":"widget","settings":{"_margin":{"unit":"%","top":"-20","right":"42","bottom":"0","left":"45","isLinked":false},"_margin_mobile":{"unit":"px","top":"-70","right":"0160","bottom":"0","left":"100","isLinked":false},"_border_width":{"unit":"px","top":"3","right":"3","bottom":"3","left":"3","isLinked":true},"_border_color":"#79e1e8","jet_tricks_widget_satellite_text":"Lorem Ipsum","jet_tricks_widget_tooltip_description":"Lorem Ipsum","space":{"unit":"px","size":40},"_background_background":"classic","_background_color":"rgba(121,225,232,0)","_box_shadow_box_shadow_type":"yes","_box_shadow_box_shadow":{"horizontal":-10,"vertical":-10,"blur":0,"spread":0,"color":"rgba(255,194,233,0.22)"},"space_mobile":{"unit":"px","size":50},"_border_border":"solid","hide_mobile":"hidden-phone"},"elements":[],"widgetType":"spacer"}],"isInner":false}],"isInner":false},{"id":"3f7a67a0","elType":"section","settings":{"content_width":{"unit":"px","size":900},"background_background":"classic","background_color":"#04093f","padding":{"unit":"px","top":"100","right":"0","bottom":"150","left":"0","isLinked":false},"padding_tablet":{"unit":"px","top":"100","right":"10","bottom":"100","left":"10","isLinked":false},"padding_mobile":{"unit":"px","top":"50","right":"10","bottom":"80","left":"10","isLinked":false}},"elements":[{"id":"4168cadd","elType":"column","settings":{"_column_size":100},"elements":[{"id":"297c67c5","elType":"section","settings":{"gap":"no","content_position":"middle","structure":"40","border_border":"solid","border_width":{"unit":"px","top":"1","right":"0","bottom":"1","left":"0","isLinked":false},"border_color":"rgba(255,194,233,0.52)","margin":{"unit":"px","top":"10","right":0,"bottom":"0","left":0,"isLinked":false},"padding":{"unit":"px","top":"15","right":"0","bottom":"15","left":"0","isLinked":false}},"elements":[{"id":"51eecc9c","elType":"column","settings":{"_column_size":25,"_inline_size":null,"_inline_size_mobile":50},"elements":[{"id":"668fd55f","elType":"widget","settings":{"title":"Join us","title_color":"#79e1e8","typography_typography":"custom","typography_font_size":{"unit":"px","size":30},"typography_font_weight":"400","jet_tricks_widget_satellite_text":"Lorem Ipsum","jet_tricks_widget_tooltip_description":"Lorem Ipsum","typography_font_size_mobile":{"unit":"px","size":25},"typography_font_family":"Teko"},"elements":[],"widgetType":"heading"}],"isInner":true},{"id":"440e85eb","elType":"column","settings":{"_column_size":25,"_inline_size":null,"_inline_size_mobile":50},"elements":[{"id":"3b86b0a","elType":"widget","settings":{"view":"inline","icon_list":[{"text":"","icon":"fa fa-facebook","_id":"82a600a","link":{"url":"","is_external":"","nofollow":""}},{"text":"","icon":"fa fa-instagram","_id":"94e769d","link":{"url":"","is_external":"","nofollow":""}},{"text":"","icon":"fa fa-twitter","_id":"286ddda","link":{"url":"","is_external":"","nofollow":""}}],"icon_color":"#79e1e8","icon_size":{"unit":"px","size":20},"jet_tricks_widget_satellite_text":"Lorem Ipsum","jet_tricks_widget_tooltip_description":"Lorem Ipsum","icon_align_mobile":"right"},"elements":[],"widgetType":"icon-list"}],"isInner":true},{"id":"252c5f53","elType":"column","settings":{"_column_size":25,"_inline_size":null,"border_border":"solid","border_width":{"unit":"px","top":"0","right":"0","bottom":"0","left":"01","isLinked":false},"border_color":"rgba(255,194,233,0.52)","border_radius":{"unit":"px","top":"0","right":"0","bottom":"0","left":"0","isLinked":false},"_inline_size_mobile":50,"margin_mobile":{"unit":"px","top":"30","right":"0","bottom":"0","left":"0","isLinked":false},"padding_mobile":{"unit":"px","top":"0","right":"0","bottom":"0","left":"0","isLinked":false}},"elements":[{"id":"357ec571","elType":"widget","settings":{"title":"info@tokyo.org","title_color":"#79e1e8","typography_typography":"custom","typography_font_size":{"unit":"px","size":30},"typography_font_weight":"400","align":"right","jet_tricks_widget_satellite_text":"Lorem Ipsum","jet_tricks_widget_tooltip_description":"Lorem Ipsum","align_mobile":"left","typography_font_size_mobile":{"unit":"px","size":25},"typography_font_family":"Teko"},"elements":[],"widgetType":"heading"}],"isInner":true},{"id":"62e51e92","elType":"column","settings":{"_column_size":25,"_inline_size":null,"_inline_size_mobile":50,"margin_mobile":{"unit":"px","top":"30","right":"0","bottom":"0","left":"0","isLinked":false}},"elements":[{"id":"50e2e3af","elType":"widget","settings":{"title":"+953.329.6969.669","title_color":"#79e1e8","typography_typography":"custom","typography_font_size":{"unit":"px","size":30},"typography_font_weight":"400","align":"right","jet_tricks_widget_satellite_text":"Lorem Ipsum","jet_tricks_widget_tooltip_description":"Lorem Ipsum","typography_font_size_mobile":{"unit":"px","size":25},"typography_font_family":"Teko"},"elements":[],"widgetType":"heading"}],"isInner":true}],"isInner":true}],"isInner":false}],"isInner":false},{"id":"a6dbd50","elType":"section","settings":{"layout":"full_width","margin":{"unit":"px","top":"-100","right":0,"bottom":"0","left":0,"isLinked":false},"padding":{"unit":"px","top":"15","right":"15","bottom":"15","left":"15","isLinked":true},"z_index":3,"sticky":"bottom","margin_mobile":{"unit":"px","top":"-60","right":0,"bottom":"0","left":0,"isLinked":false},"padding_mobile":{"unit":"px","top":"0","right":"0","bottom":"0","left":"0","isLinked":true}},"elements":[{"id":"6b1cd38","elType":"column","settings":{"_column_size":100},"elements":[{"id":"3834b5d3","elType":"widget","settings":{"text":"Buy a Pass","align":"left","button_text_color":"#ffffff","background_color":"#b828ea","border_width":{"unit":"px","top":"2","right":"2","bottom":"2","left":"2","isLinked":true},"border_radius":{"unit":"px","top":"50","right":"50","bottom":"50","left":"50","isLinked":true},"text_padding":{"unit":"px","top":"10","right":"35","bottom":"10","left":"35","isLinked":false},"_margin":{"unit":"px","top":"0","right":"0","bottom":"0","left":"0","isLinked":false},"link":{"url":"#tickets","is_external":"","nofollow":""},"typography_typography":"custom","typography_font_family":"Teko","typography_font_size":{"unit":"px","size":25},"typography_font_weight":"400","button_box_shadow_box_shadow_type":"yes","button_box_shadow_box_shadow":{"horizontal":10,"vertical":10,"blur":30,"spread":0,"color":"rgba(0,0,0,0.48)"},"size":"xs","jet_tricks_widget_satellite_text":"Lorem Ipsum","jet_tricks_widget_tooltip_description":"Lorem Ipsum","typography_font_size_mobile":{"unit":"px","size":20},"text_padding_mobile":{"unit":"px","top":"10","right":"25","bottom":"10","left":"25","isLinked":false}},"elements":[],"widgetType":"button"}],"isInner":false}],"isInner":false}],"page_settings":[]}