{"content":[{"id":"4ca8e2a9","elType":"section","settings":{"height":"min-height","custom_height":{"unit":"vh","size":100},"background_background":"classic","background_color_stop":{"unit":"%","size":39},"background_color_b":"#8d278b","background_color_b_stop":{"unit":"%","size":73},"background_gradient_angle":{"unit":"deg","size":220},"background_overlay_background":"classic","background_overlay_position":"center center","background_overlay_repeat":"no-repeat","background_overlay_size":"cover","background_overlay_opacity":{"unit":"px","size":1},"background_image":{"id":9446,"url":"https:\/\/library.elementor.com\/wp-content\/uploads\/2018\/11\/heroSection.jpg"},"background_position":"center center","background_repeat":"no-repeat","background_size":"cover","z_index":3,"margin":{"unit":"px","top":"0","right":0,"bottom":"0","left":0,"isLinked":true},"padding":{"unit":"px","top":"0","right":"0","bottom":"0","left":"0","isLinked":true},"padding_mobile":{"unit":"px","top":"020","right":"0","bottom":"0","left":"0","isLinked":false}},"elements":[{"id":"2e6e4cd6","elType":"column","settings":{"_column_size":100,"_inline_size":null,"box_shadow_box_shadow":{"horizontal":0,"vertical":0,"blur":65,"spread":0,"color":"rgba(0,0,0,0.5)"},"margin":{"unit":"px","top":"0","right":"0","bottom":"0","left":"0","isLinked":false}},"elements":[{"id":"47074e0c","elType":"widget","settings":{"title":"B L K","align":"center","title_color":"#ffffff","typography_typography":"custom","typography_font_family":"Open Sans","typography_font_size":{"unit":"px","size":150},"typography_font_weight":"700","_margin":{"unit":"px","top":"0","right":"0","bottom":"0","left":"0","isLinked":true},"_padding":{"unit":"px","top":"0","right":"0","bottom":"0","left":"0","isLinked":true},"typography_font_size_mobile":{"unit":"px","size":140}},"elements":[],"widgetType":"heading"},{"id":"cb02f6f","elType":"widget","settings":{"title":"25% OFF","align":"center","title_color":"#ffffff","typography_typography":"custom","typography_font_family":"Open Sans","typography_font_size":{"unit":"px","size":200},"typography_font_weight":"100","custom_css":".sale \n{text-shadow:\n0 0 20px #fff, 0 0 10px #fff, 0 0 50px #ff0fad, 0 0 50px #ff0fad, 0 0 40px #ff0fad, 0 0 100px #ff0fad, 0 0 75px #ff0fad;\n}\n","header_size":"h1","typography_letter_spacing":{"unit":"px","size":-5},"_css_classes":"sale","typography_font_size_mobile":{"unit":"px","size":90},"_margin_mobile":{"unit":"px","top":"0","right":"0","bottom":"0","left":"0","isLinked":false}},"elements":[],"widgetType":"heading"},{"id":"1ca10416","elType":"section","settings":{"gap":"no","structure":"20","margin":{"unit":"px","top":"0","right":0,"bottom":"0","left":0,"isLinked":false},"content_position":"middle","padding_tablet":{"unit":"px","top":"0","right":"0","bottom":"0","left":"180","isLinked":false},"padding_mobile":{"unit":"px","top":"0","right":"10","bottom":"0","left":"0","isLinked":false}},"elements":[{"id":"37a07dba","elType":"column","settings":{"_column_size":50,"_inline_size":60.982,"_inline_size_tablet":55,"_inline_size_mobile":80},"elements":[{"id":"1a7bde67","elType":"widget","settings":{"title":"F R I","align":"right","title_color":"#ffffff","typography_typography":"custom","typography_font_family":"Open Sans","typography_font_size":{"unit":"px","size":150},"typography_font_weight":"700","_margin":{"unit":"px","top":"0","right":"0","bottom":"0","left":"0","isLinked":true},"_padding":{"unit":"px","top":"0","right":"0","bottom":"0","left":"0","isLinked":true},"typography_font_size_mobile":{"unit":"px","size":125}},"elements":[],"widgetType":"heading"}],"isInner":true},{"id":"4f0f114c","elType":"column","settings":{"_column_size":50,"_inline_size":39.018,"_inline_size_mobile":20,"padding_mobile":{"unit":"px","top":"0","right":"0","bottom":"0","left":"0","isLinked":false}},"elements":[{"id":"3b1957e7","elType":"widget","settings":{"title":"2018","title_color":"#ffffff","typography_typography":"custom","typography_font_family":"Open Sans","typography_font_size":{"unit":"px","size":50},"typography_font_weight":"700","custom_css":".year \n{\n\n\/* Safari *\/\n-webkit-transform: rotate(90deg);\n\n\/* Firefox *\/\n-moz-transform: rotate(90deg);\n\n\/* IE *\/\n-ms-transform: rotate(90deg);\n\n\/* Opera *\/\n-o-transform: rotate(90deg);\n\nfloat: left;\n\n}\n","_margin":{"unit":"px","top":"0","right":"0","bottom":"0","left":"0","isLinked":true},"_padding":{"unit":"px","top":"0","right":"0","bottom":"0","left":"0","isLinked":true},"_css_classes":"year","align_mobile":"left","typography_font_size_mobile":{"unit":"px","size":40}},"elements":[],"widgetType":"heading"}],"isInner":true}],"isInner":true},{"id":"48d48fd6","elType":"widget","settings":{"text":"Buy now","align":"center","size":"lg","icon":"fa fa-shopping-cart","icon_indent":{"unit":"px","size":15},"typography_typography":"custom","typography_font_family":"Open Sans","typography_font_size":{"unit":"em","size":1.5},"typography_font_weight":"bold","typography_text_transform":"uppercase","button_text_color":"#111360","background_color":"#00ffff","border_radius":{"unit":"px","top":"50","right":"50","bottom":"50","left":"50","isLinked":true},"hover_color":"#00ffff","button_background_hover_color":"#111360","_padding":{"unit":"px","top":"29","right":"29","bottom":"29","left":"29","isLinked":true}},"elements":[],"widgetType":"button"}],"isInner":false}],"isInner":false},{"id":"277d8be6","elType":"section","settings":{"background_background":"classic","background_color":"#000000","height":"min-height","custom_height":{"unit":"vh","size":100},"custom_height_tablet":{"unit":"vh","size":80},"background_image":{"id":9441,"url":"https:\/\/library.elementor.com\/wp-content\/uploads\/2018\/11\/background2-1.jpg"},"background_position":"center center","background_repeat":"no-repeat","background_size":"contain","padding":{"unit":"px","top":"040","right":"0","bottom":"40","left":"0","isLinked":false},"padding_tablet":{"unit":"px","top":"40","right":"0","bottom":"40","left":"0","isLinked":false}},"elements":[{"id":"32089911","elType":"column","settings":{"_column_size":100},"elements":[{"id":"4063411c","elType":"widget","settings":{"title":"Why go pro?","align":"center","title_color":"#ffffff","typography_typography":"custom","typography_font_family":"Open Sans","typography_font_size":{"unit":"px","size":90},"typography_font_weight":"100","typography_text_transform":"uppercase","typography_letter_spacing":{"unit":"px","size":-0.9},"text_shadow_text_shadow":{"horizontal":0,"vertical":0,"blur":100,"color":"#d80056"},"_css_classes":"whatever","custom_css":".whatever{text-shadow: 0 0 20px #fff, 0 0 10px #fff, 0 0 50px #ff0fad, 0 0 50px #ff0fad, 0 0 40px #ff0fad, 0 0 100px #ff0fad, 0 0 75px #ff0fad;}","typography_font_size_mobile":{"unit":"px","size":45}},"elements":[],"widgetType":"heading"},{"id":"3168cef5","elType":"section","settings":{"structure":"30","background_background":"classic","background_position":"center center","background_repeat":"no-repeat","background_size":"contain","padding":{"unit":"px","top":"050","right":"0","bottom":"50","left":"0","isLinked":false}},"elements":[{"id":"6d82a6d8","elType":"column","settings":{"_column_size":33,"_inline_size":null,"background_background":"classic","background_position":"center center","background_repeat":"no-repeat","background_size":"cover","_inline_size_tablet":33},"elements":[{"id":"9d2f1b5","elType":"widget","settings":{"graphic_element":"image","image":{"id":9455,"url":"https:\/\/library.elementor.com\/wp-content\/uploads\/2018\/11\/icon.1.png"},"image_size":"full","title_text_a":"Industry Leading <br>Theme Builder","description_text_a":"","background_a_background":"classic","background_a_color":"rgba(0,0,0,0)","background_a_gradient_angle":{"unit":"deg","size":210},"background_a_image":{"id":9454,"url":"https:\/\/library.elementor.com\/wp-content\/uploads\/2018\/11\/tri.png"},"background_a_position":"center center","background_a_repeat":"no-repeat","background_a_size":"contain","title_text_b":"","description_text_b":"Customise your header & footer\nDesign every part of your blog\nBuild advanced, dynamic websites visually\nGet control over your theme without code","button_text":"","background_b_background":"classic","background_b_color":"rgba(0,0,0,0)","background_b_image":{"id":9454,"url":"https:\/\/library.elementor.com\/wp-content\/uploads\/2018\/11\/tri.png"},"background_b_position":"center center","background_b_repeat":"no-repeat","background_b_size":"contain","height":{"unit":"vh","size":41},"border_radius":{"unit":"px","size":0},"flip_direction":"left","flip_3d":"elementor-flip-box--3d","padding_a_tablet":{"unit":"px","top":"0","right":"0","bottom":"0","left":"0","isLinked":true},"vertical_position_a":"middle","image_spacing":{"unit":"px","size":0},"image_width":{"unit":"%","size":60},"image_opacity":{"unit":"px","size":0.91},"image_border_radius":{"unit":"px","size":0},"title_typography_a_typography":"custom","title_typography_a_font_family":"Open Sans","title_typography_a_font_size":{"unit":"px","size":16},"title_typography_a_font_size_tablet":{"unit":"px","size":13},"title_typography_a_font_weight":"400","title_typography_a_text_transform":"uppercase","title_typography_a_line_height":{"unit":"em","size":1.4},"title_typography_a_letter_spacing":{"unit":"px","size":0.9},"description_color_b":"#d3c9cb","description_typography_b_typography":"custom","description_typography_b_font_size":{"unit":"px","size":16},"description_typography_b_font_size_tablet":{"unit":"px","size":12},"_border_width":{"unit":"px","top":"1","right":"1","bottom":"1","left":"1","isLinked":true},"_box_shadow_box_shadow":{"horizontal":0,"vertical":0,"blur":18,"spread":4,"color":"rgba(0,0,0,0.5)"}},"elements":[],"widgetType":"flip-box"}],"isInner":true},{"id":"6567ece0","elType":"column","settings":{"_column_size":33,"_inline_size":null,"background_background":"classic","background_position":"center center","background_repeat":"no-repeat","background_size":"cover","_inline_size_tablet":33},"elements":[{"id":"173055cf","elType":"widget","settings":{"graphic_element":"image","image":{"id":9457,"url":"https:\/\/library.elementor.com\/wp-content\/uploads\/2018\/11\/icon.3.png"},"image_size":"full","image_custom_dimension":{"width":"300","height":"500"},"icon_view":"framed","title_text_a":"50+<br> Top Notch Widgets","description_text_a":"","background_a_background":"classic","background_a_color":"rgba(0,0,0,0)","background_a_color_stop":{"unit":"%","size":58},"background_a_color_b":"#110444","background_a_gradient_type":"radial","background_a_gradient_angle":{"unit":"deg","size":210},"background_a_position":"center center","background_a_repeat":"no-repeat","background_a_size":"contain","title_text_b":"","description_text_b":"Premium media widgets\nFull set of social media widgets\nMenu widget, search bar and more\nComprehensive single post widgets\nMarketing & conversion","button_text":"","background_b_background":"classic","background_b_color":"rgba(0,0,0,0)","background_b_position":"center center","background_b_repeat":"no-repeat","background_b_size":"contain","height":{"unit":"vh","size":41},"border_radius":{"unit":"px","size":0},"flip_direction":"left","flip_3d":"elementor-flip-box--3d","vertical_position_a":"middle","image_spacing":{"unit":"px","size":0},"image_width":{"unit":"%","size":60},"title_typography_a_typography":"custom","title_typography_a_font_family":"Open Sans","title_typography_a_font_size":{"unit":"px","size":16},"title_typography_a_font_weight":"400","title_typography_a_text_transform":"uppercase","title_typography_a_line_height":{"unit":"em","size":1.4},"title_typography_a_letter_spacing":{"unit":"px","size":0.9},"_border_width":{"unit":"px","top":"1","right":"1","bottom":"1","left":"1","isLinked":true},"_box_shadow_box_shadow":{"horizontal":0,"vertical":0,"blur":18,"spread":4,"color":"rgba(0,0,0,0.5)"},"background_a_image":{"id":9454,"url":"https:\/\/library.elementor.com\/wp-content\/uploads\/2018\/11\/tri.png"},"background_b_image":{"id":9454,"url":"https:\/\/library.elementor.com\/wp-content\/uploads\/2018\/11\/tri.png"},"image_opacity":{"unit":"px","size":0.91},"image_border_radius":{"unit":"px","size":0},"description_color_b":"#d3c9cb","description_typography_b_typography":"custom","description_typography_b_font_size":{"unit":"px","size":16},"padding_a_tablet":{"unit":"px","top":"0","right":"0","bottom":"0","left":"0","isLinked":true},"title_typography_a_font_size_tablet":{"unit":"px","size":13},"description_typography_b_font_size_tablet":{"unit":"px","size":12}},"elements":[],"widgetType":"flip-box"}],"isInner":true},{"id":"1ca70adc","elType":"column","settings":{"_column_size":33,"_inline_size":null,"background_background":"classic","background_position":"center center","background_repeat":"no-repeat","background_size":"cover","_inline_size_tablet":33},"elements":[{"id":"69927b5d","elType":"widget","settings":{"graphic_element":"image","image":{"id":9456,"url":"https:\/\/library.elementor.com\/wp-content\/uploads\/2018\/11\/icon.2.png"},"image_size":"full","image_custom_dimension":{"width":"300","height":"500"},"icon_view":"framed","title_text_a":"Visual Form Builder<br> With Integrations","description_text_a":"","background_a_background":"classic","background_a_color":"rgba(0,0,0,0)","background_a_color_stop":{"unit":"%","size":58},"background_a_color_b":"#110444","background_a_gradient_type":"radial","background_a_gradient_angle":{"unit":"deg","size":210},"background_a_position":"center center","background_a_repeat":"no-repeat","background_a_size":"contain","title_text_b":"","description_text_b":"Build high converting forms on the frontend\nDesign your form like never before\nIntegrate to your favorite marketing tools\nAdvanced form fields\nSpam filter and protection","button_text":"","background_b_background":"classic","background_b_color":"rgba(0,0,0,0)","background_b_position":"center center","background_b_repeat":"no-repeat","background_b_size":"contain","height":{"unit":"vh","size":41},"border_radius":{"unit":"px","size":0},"flip_direction":"left","flip_3d":"elementor-flip-box--3d","vertical_position_a":"middle","image_spacing":{"unit":"px","size":0},"image_width":{"unit":"%","size":60},"title_typography_a_typography":"custom","title_typography_a_font_family":"Open Sans","title_typography_a_font_size":{"unit":"px","size":16},"title_typography_a_font_weight":"400","title_typography_a_text_transform":"uppercase","title_typography_a_line_height":{"unit":"em","size":1.4},"title_typography_a_letter_spacing":{"unit":"px","size":0.9},"_border_width":{"unit":"px","top":"1","right":"1","bottom":"1","left":"1","isLinked":true},"_box_shadow_box_shadow":{"horizontal":0,"vertical":0,"blur":18,"spread":4,"color":"rgba(0,0,0,0.5)"},"background_a_image":{"id":9454,"url":"https:\/\/library.elementor.com\/wp-content\/uploads\/2018\/11\/tri.png"},"background_b_image":{"id":9454,"url":"https:\/\/library.elementor.com\/wp-content\/uploads\/2018\/11\/tri.png"},"image_opacity":{"unit":"px","size":0.91},"image_border_radius":{"unit":"px","size":0},"description_color_b":"#d3c9cb","description_typography_b_typography":"custom","description_typography_b_font_size":{"unit":"px","size":16},"padding_a_tablet":{"unit":"px","top":"0","right":"0","bottom":"0","left":"0","isLinked":true},"title_typography_a_font_size_tablet":{"unit":"px","size":13},"description_typography_b_font_size_tablet":{"unit":"px","size":12}},"elements":[],"widgetType":"flip-box"}],"isInner":true}],"isInner":true},{"id":"2ae0f024","elType":"widget","settings":{"text":"Buy now","align":"center","size":"lg","typography_typography":"custom","typography_font_family":"Open Sans","typography_font_size":{"unit":"px","size":20},"typography_text_transform":"uppercase","background_color":"rgba(13,0,158,0.3)","button_background_hover_color":"rgba(255,0,174,0.76)","border_radius":{"unit":"px","top":"30","right":"30","bottom":"30","left":"30","isLinked":true},"button_box_shadow_box_shadow_type":"yes","button_box_shadow_box_shadow":{"horizontal":0,"vertical":0,"blur":20,"spread":11,"color":"rgba(81,74,158,0.35)"}},"elements":[],"widgetType":"button"}],"isInner":false}],"isInner":false},{"id":"1254affd","elType":"section","settings":{"height":"min-height","custom_height":{"unit":"vh","size":75},"background_background":"classic","background_image":{"id":9442,"url":"https:\/\/library.elementor.com\/wp-content\/uploads\/2018\/11\/background3.jpg"},"background_position":"center center","background_attachment":"fixed","background_repeat":"repeat","background_size":"cover","background_overlay_background":"classic","background_overlay_color":"#0f004c","background_overlay_opacity":{"unit":"px","size":0.34},"css_filters_css_filter":"custom","css_filters_blur":{"unit":"px","size":6.3},"css_filters_saturate":{"unit":"px","size":107},"_title":"testamonial","border_border":"solid","border_width":{"unit":"px","top":"2","right":"0","bottom":"2","left":"0","isLinked":false},"border_color":"#00ffff","padding_mobile":{"unit":"px","top":"30","right":"0","bottom":"10","left":"0","isLinked":false}},"elements":[{"id":"11dcb00a","elType":"column","settings":{"_column_size":100},"elements":[{"id":"5f177578","elType":"widget","settings":{"title":"Why customers love us?","align":"center","title_color":"#ffffff","typography_typography":"custom","typography_font_family":"Open Sans","typography_font_size":{"unit":"px","size":50},"typography_font_weight":"100","typography_text_transform":"uppercase","typography_letter_spacing":{"unit":"px","size":-0.9},"text_shadow_text_shadow":{"horizontal":0,"vertical":0,"blur":100,"color":"#ffffff"},"_margin":{"unit":"px","top":"0","right":"0","bottom":"0","left":"0","isLinked":true},"_padding":{"unit":"px","top":"0","right":"0","bottom":"0","left":"0","isLinked":true},"_css_classes":"whatever","custom_css":".elementor-1065 .elementor-element.elementor-element-699dc38 .elementor-heading-title{text-shadow: 0 0 20px #fff, 0 0 10px #fff, 0 0 50px #ff0fad, 0 0 50px #ff0fad, 0 0 40px #ff0fad, 0 0 100px #ff0fad, 0 0 75px #ff0fad;}","typography_font_size_mobile":{"unit":"px","size":45},"typography_line_height_mobile":{"unit":"em","size":1.2}},"elements":[],"widgetType":"heading"},{"id":"40dc6918","elType":"widget","settings":{"slides":[{"content":"I\u2019m totally from the future, so trust me dudes:\nElementor is the standard for building super rad websites.\nDon\u2019t be dweebs, use Elementor!\n","name":"Marty McFlynn","title":"Chief Awesomeness Officer of The Future inc.","image":{"id":9459,"url":"https:\/\/library.elementor.com\/wp-content\/uploads\/2018\/11\/Review0.png"},"_id":"b317fc6","rating":5,"social_icon":"fa fa-twitter","link":{"url":"","is_external":"","nofollow":""}}],"slides_per_view":"1","slides_to_scroll":"1","width":{"unit":"%","size":65},"width_tablet":{"unit":"%","size":85},"width_mobile":{"unit":"%","size":100},"slide_background_color":"rgba(0,0,0,0)","slide_border_radius":{"unit":"px","size":0},"slide_border_color":"rgba(0,0,0,0)","name_color":"#ffffff","name_typography_typography":"custom","name_typography_font_family":"Open Sans","title_color":"#ffffff","title_typography_typography":"custom","title_typography_font_family":"Open Sans","content_color":"#ffffff","content_typography_typography":"custom","content_typography_font_family":"Open Sans","image_size":{"unit":"px","size":57},"image_gap":{"unit":"px","size":20},"image_border_radius":{"unit":"px","size":0},"icon_color":"custom","icon_custom_color":"#ffffff","star_space":{"unit":"px","size":4},"_margin":{"unit":"px","top":"0","right":"0","bottom":"0","left":"0","isLinked":false},"_padding":{"unit":"px","top":"41","right":"0","bottom":"0","left":"0","isLinked":false}},"elements":[],"widgetType":"reviews"}],"isInner":false}],"isInner":false},{"id":"69bdeebb","elType":"section","settings":{"background_background":"classic","background_image":{"id":9465,"url":"https:\/\/library.elementor.com\/wp-content\/uploads\/2018\/11\/space2.jpg"},"background_position":"center center","background_repeat":"no-repeat","background_size":"cover","margin":{"unit":"px","top":"","right":0,"bottom":"","left":0,"isLinked":true},"padding":{"unit":"px","top":"150","right":"0","bottom":"150","left":"0","isLinked":false},"padding_mobile":{"unit":"px","top":"20","right":"0","bottom":"20","left":"0","isLinked":false}},"elements":[{"id":"78391b61","elType":"column","settings":{"_column_size":100},"elements":[{"id":"58e05f8c","elType":"widget","settings":{"title":"Take Your Design to the Next Level","align":"center","title_color":"#ffffff","typography_typography":"custom","typography_font_family":"Open Sans","typography_font_size":{"unit":"px","size":50},"typography_font_weight":"normal","typography_text_transform":"uppercase","typography_letter_spacing":{"unit":"px","size":-0.9},"text_shadow_text_shadow":{"horizontal":0,"vertical":0,"blur":100,"color":"#ffffff"},"_margin":{"unit":"px","top":"0","right":"0","bottom":"0","left":"0","isLinked":true},"_padding":{"unit":"px","top":"0","right":"0","bottom":"0","left":"0","isLinked":true},"_css_classes":"whatever","custom_css":".elementor-1065 .elementor-element.elementor-element-8ee81fe .elementor-heading-title{text-shadow: 0 0 20px #fff, 0 0 10px #fff, 0 0 50px #ff0fad, 0 0 50px #ff0fad, 0 0 40px #ff0fad, 0 0 100px #ff0fad, 0 0 75px #ff0fad;}","typography_font_size_mobile":{"unit":"px","size":45},"typography_line_height_mobile":{"unit":"em","size":1.3},"_margin_mobile":{"unit":"px","top":"0","right":"0","bottom":"0","left":"0","isLinked":false}},"elements":[],"widgetType":"heading"},{"id":"6204d761","elType":"widget","settings":{"editor":"<p><span style=\"font-weight: 400;\">Choose your plan before these offers self-destruct<\/span><\/p>","align":"center","text_color":"#ffffff","typography_typography":"custom","typography_font_family":"Open Sans","typography_font_size":{"unit":"px","size":18}},"elements":[],"widgetType":"text-editor"},{"id":"61227791","elType":"widget","settings":{"due_date":"2020-01-09 06:54","label_display":"inline","custom_labels":"yes","label_days":":","label_hours":":","label_minutes":":","label_seconds":"","box_background_color":"rgba(0,0,0,0)","box_spacing":{"unit":"px","size":15},"digits_color":"#ffffff","digits_typography_typography":"custom","digits_typography_font_family":"Space Mono","digits_typography_font_size":{"unit":"px","size":46},"digits_typography_font_weight":"100","label_color":"#ffffff","label_typography_typography":"custom","label_typography_font_family":"Open Sans","label_typography_font_size":{"unit":"px","size":40},"label_typography_font_weight":"400","digits_typography_font_size_mobile":{"unit":"px","size":35},"evergreen_counter_hours":24,"evergreen_counter_minutes":5,"show_days":""},"elements":[],"widgetType":"countdown"},{"id":"65dc410f","elType":"section","settings":{"structure":"30"},"elements":[{"id":"306f940a","elType":"column","settings":{"_column_size":33,"_inline_size":null},"elements":[{"id":"67347548","elType":"widget","settings":{"heading":"Personal","sub_heading":"","price":"36.75","sale":"yes","original_price":49,"period":"For 1 Site","features_list":[{"item_text":" Premium Support","item_icon":"fa fa-check","_id":"0f6fe04","item_icon_color":"#000000"},{"item_text":" Theme Builder","item_icon":"fa fa-check","_id":"7c11582","item_icon_color":"#000000"},{"item_text":"WooCommerce Builder","item_icon":"fa fa-check","_id":"cb277f0","item_icon_color":"#000000"},{"item_text":"50+ Pro Widgets","item_icon":"fa fa-check","_id":"e404377","item_icon_color":"#000000"},{"item_text":"300+ Pro Templates","item_icon":"fa fa-check","_id":"e6be371","item_icon_color":"#000000"},{"item_text":"1 Year of Updates","item_icon":"fa fa-check","_id":"44466fe","item_icon_color":"#000000"}],"button_text":"BUY NOW","footer_additional_info":"This is text element","show_ribbon":"","ribbon_title":"Popular","header_bg_color":"rgba(0,0,0,0)","heading_color":"#ffffff","heading_typography_typography":"custom","heading_typography_font_family":"Open Sans","heading_typography_text_transform":"uppercase","sub_heading_color":"rgba(0,0,0,0)","pricing_element_bg_color":"rgba(0,0,0,0)","pricing_element_padding":{"unit":"px","top":"20","right":"0","bottom":"0","left":"0","isLinked":false},"price_color":"#ffffff","price_typography_typography":"custom","price_typography_font_family":"Open Sans","price_typography_font_weight":"bold","original_price_color":"#ffffff","original_price_typography_typography":"custom","original_price_typography_font_family":"Open Sans","period_color":"#ffffff","period_typography_typography":"custom","period_typography_font_family":"Open Sans","period_typography_font_size":{"unit":"px","size":20},"period_typography_text_transform":"uppercase","period_typography_line_height":{"unit":"em","size":5},"features_list_bg_color":"rgba(0,0,0,0)","features_list_padding":{"unit":"px","top":"0","right":"0","bottom":"20","left":"0","isLinked":false},"features_list_color":"#ffffff","features_list_typography_typography":"custom","features_list_typography_font_family":"Open Sans","features_list_typography_font_size":{"unit":"px","size":18},"features_list_typography_line_height":{"unit":"em","size":1.8},"features_list_alignment":"left","item_width":{"unit":"px","size":80},"list_divider":"","divider_color":"rgba(221,221,221,0)","divider_weight":{"unit":"px","size":1},"divider_gap":{"unit":"px","size":10},"footer_bg_color":"rgba(0,0,0,0)","button_size":"lg","button_background_color":"rgba(0,0,0,0.87)","button_border_border":"solid","button_border_color":"#000000","button_border_radius":{"unit":"px","top":"30","right":"30","bottom":"30","left":"30","isLinked":true},"button_hover_color":"#000000","button_background_hover_color":"#00f6ff","button_hover_border_color":"#00f6ff","additional_info_color":"rgba(0,0,0,0)","additional_info_margin":{"unit":"px","top":"","right":"","bottom":"","left":"","isLinked":true},"_background_background":"classic","_background_color":"rgba(0,0,0,0.24)","_background_hover_background":"classic","_background_hover_color":"rgba(0,0,0,0.46)","_background_hover_transition":{"unit":"px","size":0.4},"_box_shadow_box_shadow":{"horizontal":0,"vertical":0,"blur":10,"spread":0,"color":"#ffffff"},"_box_shadow_hover_box_shadow_type":"yes","_box_shadow_hover_box_shadow":{"horizontal":0,"vertical":0,"blur":10,"spread":0,"color":"#ffffff"},"features_list_typography_font_size_tablet":{"unit":"px","size":13}},"elements":[],"widgetType":"price-table"}],"isInner":true},{"id":"2e3bc354","elType":"column","settings":{"_column_size":33,"_inline_size":null},"elements":[{"id":"32ff08","elType":"widget","settings":{"heading":"BUSINESS","sub_heading":"","price":"74.25","sale":"yes","original_price":99,"period":"For 3 Sites","features_list":[{"item_text":" Premium Support","item_icon":"fa fa-check","_id":"0f6fe04","item_icon_color":"#000000"},{"item_text":" Theme Builder","item_icon":"fa fa-check","_id":"7c11582","item_icon_color":"#000000"},{"item_text":"WooCommerce Builder","item_icon":"fa fa-check","_id":"cb277f0","item_icon_color":"#000000"},{"item_text":"50+ Pro Widgets","item_icon":"fa fa-check","_id":"e404377","item_icon_color":"#000000"},{"item_text":"300+ Pro Templates","item_icon":"fa fa-check","_id":"e6be371","item_icon_color":"#000000"},{"item_text":"1 Year of Updates","item_icon":"fa fa-check","_id":"44466fe","item_icon_color":"#000000"}],"button_text":"BUY NOW","footer_additional_info":"This is text element","show_ribbon":"","ribbon_title":"Popular","header_bg_color":"rgba(0,0,0,0)","heading_color":"#ffffff","heading_typography_typography":"custom","heading_typography_font_family":"Open Sans","heading_typography_text_transform":"uppercase","sub_heading_color":"rgba(0,0,0,0)","pricing_element_bg_color":"rgba(0,0,0,0)","pricing_element_padding":{"unit":"px","top":"20","right":"0","bottom":"0","left":"0","isLinked":false},"price_color":"#ffffff","price_typography_typography":"custom","price_typography_font_family":"Open Sans","price_typography_font_weight":"bold","original_price_color":"#ffffff","original_price_typography_typography":"custom","original_price_typography_font_family":"Open Sans","period_color":"#ffffff","period_typography_typography":"custom","period_typography_font_family":"Open Sans","period_typography_font_size":{"unit":"px","size":20},"period_typography_text_transform":"uppercase","period_typography_line_height":{"unit":"em","size":5},"features_list_bg_color":"rgba(0,0,0,0)","features_list_padding":{"unit":"px","top":"0","right":"0","bottom":"20","left":"0","isLinked":false},"features_list_color":"#ffffff","features_list_typography_typography":"custom","features_list_typography_font_family":"Open Sans","features_list_typography_font_size":{"unit":"px","size":18},"features_list_typography_line_height":{"unit":"em","size":1.8},"features_list_alignment":"left","item_width":{"unit":"px","size":80},"list_divider":"","divider_color":"rgba(221,221,221,0)","divider_weight":{"unit":"px","size":1},"divider_gap":{"unit":"px","size":10},"footer_bg_color":"rgba(0,0,0,0)","button_size":"lg","button_background_color":"rgba(0,0,0,0.87)","button_border_border":"solid","button_border_color":"#000000","button_border_radius":{"unit":"px","top":"30","right":"30","bottom":"30","left":"30","isLinked":true},"button_hover_color":"#000000","button_background_hover_color":"#00f6ff","button_hover_border_color":"#00f6ff","additional_info_color":"rgba(0,0,0,0)","additional_info_margin":{"unit":"px","top":"","right":"","bottom":"","left":"","isLinked":true},"_background_background":"classic","_background_color":"rgba(0,0,0,0.24)","_background_hover_background":"classic","_background_hover_color":"rgba(0,0,0,0.46)","_background_hover_transition":{"unit":"px","size":0.4},"_box_shadow_box_shadow":{"horizontal":0,"vertical":0,"blur":10,"spread":0,"color":"#ffffff"},"_box_shadow_hover_box_shadow_type":"yes","_box_shadow_hover_box_shadow":{"horizontal":0,"vertical":0,"blur":10,"spread":0,"color":"#ffffff"},"features_list_typography_font_size_tablet":{"unit":"px","size":13}},"elements":[],"widgetType":"price-table"}],"isInner":true},{"id":"1aaedd6f","elType":"column","settings":{"_column_size":33,"_inline_size":null,"_inline_size_tablet":33},"elements":[{"id":"3d1fc379","elType":"widget","settings":{"heading":"UNLIMITED","sub_heading":"","price":"149.25","sale":"yes","original_price":199,"period":"Unlimited Sites","features_list":[{"item_text":" Premium Support","item_icon":"fa fa-check","_id":"0f6fe04","item_icon_color":"#000000"},{"item_text":" Theme Builder","item_icon":"fa fa-check","_id":"7c11582","item_icon_color":"#000000"},{"item_text":"WooCommerce Builder","item_icon":"fa fa-check","_id":"cb277f0","item_icon_color":"#000000"},{"item_text":"50+ Pro Widgets","item_icon":"fa fa-check","_id":"e404377","item_icon_color":"#000000"},{"item_text":"300+ Pro Templates","item_icon":"fa fa-check","_id":"e6be371","item_icon_color":"#000000"},{"item_text":"1 Year of Updates","item_icon":"fa fa-check","_id":"44466fe","item_icon_color":"#000000"}],"button_text":"BUY NOW","footer_additional_info":"This is text element","show_ribbon":"","ribbon_title":"Popular","header_bg_color":"rgba(0,0,0,0)","heading_color":"#ffffff","heading_typography_typography":"custom","heading_typography_font_family":"Open Sans","heading_typography_text_transform":"uppercase","sub_heading_color":"rgba(0,0,0,0)","pricing_element_bg_color":"rgba(0,0,0,0)","pricing_element_padding":{"unit":"px","top":"20","right":"0","bottom":"0","left":"0","isLinked":false},"price_color":"#ffffff","price_typography_typography":"custom","price_typography_font_family":"Open Sans","price_typography_font_weight":"bold","original_price_color":"#ffffff","original_price_typography_typography":"custom","original_price_typography_font_family":"Open Sans","period_color":"#ffffff","period_typography_typography":"custom","period_typography_font_family":"Open Sans","period_typography_font_size":{"unit":"px","size":20},"period_typography_text_transform":"uppercase","period_typography_line_height":{"unit":"em","size":5},"features_list_bg_color":"rgba(0,0,0,0)","features_list_padding":{"unit":"px","top":"0","right":"0","bottom":"20","left":"0","isLinked":false},"features_list_color":"#ffffff","features_list_typography_typography":"custom","features_list_typography_font_family":"Open Sans","features_list_typography_font_size":{"unit":"px","size":18},"features_list_typography_line_height":{"unit":"em","size":1.8},"features_list_alignment":"left","item_width":{"unit":"px","size":80},"list_divider":"","divider_color":"rgba(221,221,221,0)","divider_weight":{"unit":"px","size":1},"divider_gap":{"unit":"px","size":10},"footer_bg_color":"rgba(0,0,0,0)","button_size":"lg","button_background_color":"rgba(0,0,0,0.87)","button_border_border":"solid","button_border_color":"#000000","button_border_radius":{"unit":"px","top":"30","right":"30","bottom":"30","left":"30","isLinked":true},"button_hover_color":"#000000","button_background_hover_color":"#00f6ff","button_hover_border_color":"#00f6ff","additional_info_color":"rgba(0,0,0,0)","additional_info_margin":{"unit":"px","top":"","right":"","bottom":"","left":"","isLinked":true},"_background_background":"classic","_background_color":"rgba(0,0,0,0.24)","_background_hover_background":"classic","_background_hover_color":"rgba(0,0,0,0.46)","_background_hover_transition":{"unit":"px","size":0.4},"_box_shadow_box_shadow":{"horizontal":0,"vertical":0,"blur":10,"spread":0,"color":"#ffffff"},"_box_shadow_hover_box_shadow_type":"yes","_box_shadow_hover_box_shadow":{"horizontal":0,"vertical":0,"blur":10,"spread":0,"color":"#ffffff"},"features_list_typography_font_size_tablet":{"unit":"px","size":13}},"elements":[],"widgetType":"price-table"}],"isInner":true}],"isInner":true}],"isInner":false}],"isInner":false}],"page_settings":[]}