{"content":[{"id":"131a9313","elType":"section","settings":{"background_background":"classic","background_image":{"id":9573,"url":"https:\/\/library.elementor.com\/wp-content\/uploads\/2019\/01\/3.png"},"background_size":"cover","padding":{"unit":"px","top":"30","right":"30","bottom":"30","left":"30","isLinked":true},"content_width":{"unit":"px","size":500},"padding_tablet":{"unit":"px","top":"20","right":"20","bottom":"20","left":"20","isLinked":true}},"elements":[{"id":"7df8e9ff","elType":"column","settings":{"_column_size":100},"elements":[{"id":"221fd821","elType":"widget","settings":{"title":"Login","header_size":"h3","align":"center","title_color":"#ffffff","typography_typography":"custom","typography_font_family":"Abril Fatface","typography_font_size":{"unit":"px","size":45},"typography_font_weight":"100","typography_text_transform":"uppercase","typography_font_size_tablet":{"unit":"px","size":40}},"elements":[],"widgetType":"heading"},{"id":"1aaa3949","elType":"widget","settings":{"show_labels":"","button_text":"Enter","align":"stretch","user_label":" Username or Email Address","user_placeholder":" Username or Email Address","password_label":"Password","password_placeholder":"Password","row_gap":{"unit":"px","size":13},"links_color":"#ffffff","links_hover_color":"#ffffff","label_typography_typography":"custom","label_typography_font_size":{"unit":"px","size":16},"field_text_color":"#7a7a7a","field_typography_typography":"custom","field_typography_font_family":"Helvetica","field_typography_font_size":{"unit":"px","size":14},"field_border_width":{"unit":"px","top":"0","right":"0","bottom":"0","left":"0","isLinked":false},"field_border_radius":{"unit":"px","top":"0","right":"0","bottom":"0","left":"0","isLinked":true},"button_text_color":"#ffffff","button_typography_typography":"custom","button_typography_font_family":"Helvetica","button_typography_font_size":{"unit":"px","size":16},"button_typography_font_weight":"900","button_typography_text_transform":"uppercase","button_background_color":"#c3ab97","button_border_border":"solid","button_border_width":{"unit":"px","top":"1","right":"1","bottom":"1","left":"1","isLinked":true},"button_border_color":"#c3ab97","button_hover_color":"#ffffff","button_background_hover_color":"#000000","button_hover_border_color":"#ffffff"},"elements":[],"widgetType":"login"}],"isInner":false}],"isInner":false}],"page_settings":{"width":{"unit":"px","size":400},"width_tablet":{"unit":"px","size":300},"width_mobile":{"unit":"vw","size":100},"horizontal_position":"right","vertical_position":"top","box_shadow_box_shadow_type":"","box_shadow_box_shadow":{"horizontal":2,"vertical":8,"blur":23,"spread":3,"color":"#ffffff"},"close_button_vertical":{"unit":"%","size":2.6},"close_button_color":"#ffffff"}}