{"content":[{"id":"ac77a6a","elType":"section","settings":{"gap":"no","structure":"20","border_border":"solid","border_radius":{"unit":"px","top":"0","right":"0","bottom":"0","left":"0","isLinked":true},"reverse_order_mobile":"reverse-mobile"},"elements":[{"id":"d4f52b0","elType":"column","settings":{"_column_size":50,"_inline_size":null,"content_position":"bottom","background_background":"classic","background_image":{"id":9594,"url":"https:\/\/library.elementor.com\/wp-content\/uploads\/2019\/01\/Classic_promotion_01.png"},"background_repeat":"no-repeat","background_size":"contain","background_size_mobile":"cover"},"elements":[{"id":"60f1589d","elType":"widget","settings":{"text":"Order Now","align":"justify","size":"lg","typography_typography":"custom","typography_font_family":"Montserrat","typography_font_size":{"unit":"px","size":25},"background_color":"#000000","hover_color":"#000000","button_background_hover_color":"#ffffff","border_radius":{"unit":"px","top":"0","right":"0","bottom":"0","left":"0","isLinked":true},"_margin_mobile":{"unit":"px","top":"200","right":"0","bottom":"0","left":"0","isLinked":false}},"elements":[],"widgetType":"button"}],"isInner":false},{"id":"6cb4d2b6","elType":"column","settings":{"_column_size":50,"_inline_size":null,"padding":{"unit":"px","top":"40","right":"40","bottom":"40","left":"40","isLinked":true},"padding_mobile":{"unit":"px","top":"20","right":"20","bottom":"20","left":"20","isLinked":true}},"elements":[{"id":"3482cafd","elType":"widget","settings":{"image":{"id":10845,"url":"https:\/\/library.elementor.com\/wp-content\/uploads\/2019\/01\/sale_tag1.png"},"width":{"unit":"px","size":60},"width_mobile":{"unit":"px","size":40}},"elements":[],"widgetType":"image"},{"id":"2c84e06d","elType":"widget","settings":{"title":"Accessories Sale","align":"center","title_color":"#000000","typography_typography":"custom","typography_font_family":"Montserrat","typography_font_size":{"unit":"px","size":50},"typography_font_size_mobile":{"unit":"px","size":40},"typography_font_weight":"300","typography_letter_spacing":{"unit":"px","size":-1}},"elements":[],"widgetType":"heading"},{"id":"62213395","elType":"widget","settings":{"heading":"","sub_heading":"","price":"45","sale":"yes","period":"","features_list":[{"item_text":"","item_icon":"","_id":"87125a8","item_icon_color":""}],"button_text":"","link":{"url":"","is_external":"","nofollow":""},"footer_additional_info":"","show_ribbon":"","ribbon_title":"","header_bg_color":"rgba(0,0,0,0)","heading_typography_line_height":{"unit":"em","size":0.1},"sub_heading_typography_typography":"custom","pricing_element_bg_color":"rgba(0,0,0,0)","pricing_element_padding_mobile":{"unit":"px","top":"0","right":"0","bottom":"0","left":"0","isLinked":true},"price_color":"#000000","price_typography_typography":"custom","price_typography_font_family":"Montserrat","price_typography_font_size":{"unit":"px","size":65},"price_typography_font_weight":"800","currency_size":{"unit":"px","size":40},"currency_position":"after","original_price_color":"#7a7a7a","original_price_typography_typography":"custom","original_price_typography_font_family":"Montserrat","_margin_mobile":{"unit":"px","top":"0","right":"0","bottom":"0","left":"0","isLinked":true},"_background_background":"classic","_background_color":"rgba(0,0,0,0)","pricing_element_padding":{"unit":"px","top":"0","right":"0","bottom":"0","left":"0","isLinked":true},"_margin":{"unit":"px","top":"40","right":"0","bottom":"040","left":"0","isLinked":false}},"elements":[],"widgetType":"price-table"},{"id":"4805c08b","elType":"widget","settings":{"editor":"<p>Fabulous items for fabulous prices.<br \/>You deserve it.<\/p>","align":"center","typography_typography":"custom","typography_font_family":"Montserrat"},"elements":[],"widgetType":"text-editor"}],"isInner":false}],"isInner":false}],"page_settings":{"width":{"unit":"px","size":700},"width_mobile":{"unit":"vw","size":90},"border_border":"solid","border_width":{"unit":"px","top":"10","right":"10","bottom":"10","left":"10","isLinked":true},"border_color":"#000000","border_radius":{"unit":"px","size":0}}}