{"content":[{"id":"3e58dfad","elType":"section","settings":{"gap":"no","structure":"40","background_background":"classic","background_image":{"id":9613,"url":"https:\/\/library.elementor.com\/wp-content\/uploads\/2019\/01\/2.png"},"background_position":"center center","background_size":"cover","background_size_tablet":"contain","background_size_mobile":"contain","padding":{"unit":"px","top":"20","right":"20","bottom":"20","left":"20","isLinked":true},"padding_mobile":{"unit":"px","top":"25","right":"30","bottom":"30","left":"30","isLinked":false}},"elements":[{"id":"657ec29f","elType":"column","settings":{"_column_size":25,"_inline_size":29.386,"_inline_size_tablet":26,"_inline_size_mobile":65},"elements":[{"id":"64a33a44","elType":"widget","settings":{"title":"Special offer","header_size":"h3","align":"left","align_mobile":"left","title_color":"#ffffff","typography_typography":"custom","typography_font_family":"Abril Fatface","typography_font_size":{"unit":"px","size":46},"typography_font_size_tablet":{"unit":"px","size":30},"typography_font_weight":"100"},"elements":[],"widgetType":"heading"}],"isInner":false},{"id":"287dce26","elType":"column","settings":{"_column_size":25,"_inline_size":11.754,"_inline_size_mobile":35},"elements":[{"id":"6f5d5875","elType":"widget","settings":{"title":"-25%","header_size":"h4","align_mobile":"center","title_color":"#ffffff","typography_typography":"custom","typography_font_family":"Helvetica","typography_font_size":{"unit":"px","size":50},"typography_font_size_tablet":{"unit":"px","size":35}},"elements":[],"widgetType":"heading"}],"isInner":false},{"id":"526ceff3","elType":"column","settings":{"_column_size":25,"_inline_size":33.86,"_inline_size_tablet":38,"_inline_size_mobile":100,"content_position":"center"},"elements":[{"id":"61712c85","elType":"widget","settings":{"title":"for a limited time on selected items","header_size":"h4","align_mobile":"center","title_color":"#ffffff","typography_typography":"custom","typography_font_family":"Helvetica","typography_font_size":{"unit":"px","size":20},"typography_font_size_tablet":{"unit":"px","size":15},"typography_font_size_mobile":{"unit":"px","size":16},"typography_font_weight":"400","typography_line_height_mobile":{"unit":"em","size":2.3},"_padding_mobile":{"unit":"px","top":"10","right":"0","bottom":"20","left":"0","isLinked":false}},"elements":[],"widgetType":"heading"}],"isInner":false},{"id":"23bc67d0","elType":"column","settings":{"_column_size":25,"_inline_size":null,"_inline_size_tablet":22},"elements":[{"id":"158e5e07","elType":"widget","settings":{"text":"Buy now","align":"right","align_tablet":"right","align_mobile":"justify","typography_typography":"custom","typography_font_family":"Helvetica","typography_font_size":{"unit":"px","size":18},"typography_font_weight":"bold","typography_text_transform":"uppercase","button_text_color":"#ffffff","background_color":"#c3ab97","hover_color":"#000000","button_background_hover_color":"#ffffff","border_radius":{"unit":"px","top":"0","right":"0","bottom":"0","left":"0","isLinked":true}},"elements":[],"widgetType":"button"}],"isInner":false}],"isInner":false}],"page_settings":{"width":{"unit":"vw","size":100},"vertical_position":"top","close_button_color":"rgba(255,255,255,0.56)","close_button_hover_color":"#ffffff"}}