{"content":[{"id":"6ab67c9","elType":"section","settings":{"background_background":"classic","background_position":"center center","background_repeat":"no-repeat"},"elements":[{"id":"1f6f6d6f","elType":"column","settings":{"_column_size":100},"elements":[{"id":"7ef49a47","elType":"widget","settings":{"image":{"id":9633,"url":"https:\/\/library.elementor.com\/wp-content\/uploads\/2019\/01\/hand_bubbles.png"},"image_size":"full","width":{"unit":"%","size":70},"width_mobile":{"unit":"%","size":77},"space":{"unit":"%","size":100},"_padding":{"unit":"px","top":"10","right":"10","bottom":"10","left":"10","isLinked":true},"_padding_tablet":{"unit":"px","top":"0","right":"0","bottom":"0","left":"0","isLinked":false},"_padding_mobile":{"unit":"px","top":"0","right":"0","bottom":"0","left":"0","isLinked":false}},"elements":[],"widgetType":"image"}],"isInner":false}],"isInner":false},{"id":"410c6576","elType":"section","settings":{"padding":{"unit":"px","top":"0","right":"30","bottom":"0","left":"30","isLinked":false},"padding_tablet":{"unit":"px","top":"0","right":"30","bottom":"0","left":"30","isLinked":false}},"elements":[{"id":"121a4479","elType":"column","settings":{"_column_size":100},"elements":[{"id":"7676028e","elType":"widget","settings":{"title":"sale now!","header_size":"h1","align":"center","title_color":"#ffffff","typography_typography":"custom","typography_font_family":"Teko","typography_font_size":{"unit":"px","size":50},"typography_font_size_tablet":{"unit":"px","size":50},"typography_font_size_mobile":{"unit":"px","size":35},"typography_text_transform":"uppercase"},"elements":[],"widgetType":"heading"},{"id":"5a2340da","elType":"widget","settings":{"title":"50%","align":"center","title_color":"#ff7bac","typography_typography":"custom","typography_font_family":"Teko","typography_font_size":{"unit":"px","size":158},"typography_font_size_tablet":{"unit":"px","size":155},"typography_font_size_mobile":{"unit":"px","size":109},"typography_font_weight":"200","typography_text_transform":"uppercase","text_shadow_text_shadow_type":"yes","_margin":{"unit":"px","top":"-33","right":"0","bottom":"0","left":"0","isLinked":false},"_margin_tablet":{"unit":"px","top":"-22","right":"0","bottom":"0","left":"0","isLinked":false}},"elements":[],"widgetType":"heading"},{"id":"5e001a04","elType":"widget","settings":{"title":"Enter Your Email\n<br>and Get a Discount","align":"center","title_color":"#ffffff","typography_typography":"custom","typography_font_family":"Teko","typography_font_size":{"unit":"px","size":39},"typography_font_size_tablet":{"unit":"px","size":37},"typography_font_size_mobile":{"unit":"px","size":26},"typography_font_weight":"200","_margin":{"unit":"px","top":"-47","right":"0","bottom":"0","left":"0","isLinked":false},"_margin_tablet":{"unit":"px","top":"-43","right":"0","bottom":"0","left":"0","isLinked":false},"_margin_mobile":{"unit":"px","top":"-34","right":"0","bottom":"0","left":"0","isLinked":false}},"elements":[],"widgetType":"heading"},{"id":"1eb3d8df","elType":"widget","settings":{"form_name":"New Form","form_fields":[{"_id":"email","field_type":"email","required":"true","field_label":"","placeholder":"Your Email here...","width":"100","min_date":"","max_date":"","field_options":"","allow_multiple":"","select_size":"","inline_list":"","field_html":"","width_tablet":"","width_mobile":"","rows":4,"recaptcha_size":"normal","recaptcha_style":"light","css_classes":"","field_value":"","file_sizes":"","file_types":"","allow_multiple_upload":"","max_files":"","acceptance_text":"","checked_by_default":"","field_min":"","field_max":"","use_native_date":"","use_native_time":""}],"button_text":"Send","email_content":"[all-fields]","email_content_2":"[all-fields]","success_message":"The form was sent successfully.","error_message":"An error occured.","required_field_message":"This field is required.","invalid_message":"There's something wrong. The form is invalid.","field_text_color":"#54595f","field_typography_typography":"custom","field_typography_font_family":"Teko","field_typography_font_size":{"unit":"px","size":25},"field_typography_font_weight":"200","button_background_color":"#ff7bac","button_text_color":"#ffffff","button_typography_typography":"custom","button_typography_font_family":"Teko","button_typography_font_size":{"unit":"px","size":28},"button_typography_text_transform":"uppercase","_margin_mobile":{"unit":"px","top":"0","right":"0","bottom":"0","left":"0","isLinked":false},"_padding_tablet":{"unit":"px","top":"0","right":"10","bottom":"0","left":"10","isLinked":false},"_padding_mobile":{"unit":"px","top":"0","right":"0","bottom":"0","left":"0","isLinked":false}},"elements":[],"widgetType":"form"},{"id":"7b73f10f","elType":"widget","settings":{"editor":"<p>Click edit button to change this text. Lorem ipsum dolor sit amet, consectetur adipiscing elit. Ut elit tellus, luctus nec ullamcorper mattis, pulvinar dapibus leo.<\/p>","align":"justify","text_color":"#ffffff","typography_typography":"custom","typography_font_family":"Teko","typography_font_size":{"unit":"px","size":15},"typography_font_size_tablet":{"unit":"px","size":15},"typography_font_weight":"100","typography_line_height":{"unit":"em","size":1.4},"typography_line_height_mobile":{"unit":"em","size":1.1},"_padding_tablet":{"unit":"px","top":"0","right":"010","bottom":"0","left":"10","isLinked":false}},"elements":[],"widgetType":"text-editor"}],"isInner":false}],"isInner":false}],"page_settings":{"width":{"unit":"px","size":350},"width_tablet":{"unit":"vw","size":39},"width_mobile":{"unit":"vw","size":73},"height_type":"fit_to_screen","horizontal_position":"left","horizontal_position_tablet":"left","horizontal_position_mobile":"left","vertical_position_tablet":"center","vertical_position_mobile":"top","background_background":"classic","background_color":"#293a53","padding":{"unit":"px","top":"0","right":"0","bottom":"50","left":"0","isLinked":false}}}