{"content":[{"id":"170fe122","elType":"section","settings":{"background_background":"classic","margin":{"unit":"px","top":"","right":0,"bottom":"","left":0,"isLinked":true},"background_image":{"id":9653,"url":"https:\/\/library.elementor.com\/wp-content\/uploads\/2019\/01\/Fly-In-Register-bg.png"},"background_position":"top center","background_repeat":"no-repeat","background_size":"cover","height":"min-height","custom_height":{"unit":"px","size":500},"column_position":"stretch","background_attachment":"scroll","custom_height_mobile":{"unit":"px","size":500},"margin_mobile":{"unit":"px","top":"0","right":0,"bottom":"0","left":0,"isLinked":false},"content_width":{"unit":"px","size":500}},"elements":[{"id":"1b97dc8c","elType":"column","settings":{"_column_size":100},"elements":[{"id":"5995b98f","elType":"section","settings":{"gap":"no","structure":"20","margin":{"unit":"px","top":"20","right":0,"bottom":"30","left":0,"isLinked":false}},"elements":[{"id":"73789449","elType":"column","settings":{"_column_size":50,"_inline_size":51.818,"padding":{"unit":"px","top":"10","right":"0","bottom":"0","left":"0","isLinked":false},"_inline_size_mobile":50},"elements":[{"id":"fc50d2d","elType":"widget","settings":{"title":"summer","align":"right","title_color":"#ff0000","typography_typography":"custom","typography_font_family":"Great Vibes","typography_font_size":{"unit":"px","size":50}},"elements":[],"widgetType":"heading"},{"id":"47f385b9","elType":"widget","settings":{"title":"sale","align":"right","title_color":"#000000","typography_typography":"custom","typography_font_family":"Roboto","typography_font_size":{"unit":"px","size":50},"typography_font_weight":"normal","typography_text_transform":"uppercase","typography_line_height":{"unit":"em","size":0},"_margin":{"unit":"px","top":"-10","right":"0","bottom":"0","left":"0","isLinked":false}},"elements":[],"widgetType":"heading"}],"isInner":true},{"id":"4817bd16","elType":"column","settings":{"_column_size":50,"_inline_size":42.727,"_inline_size_mobile":50},"elements":[{"id":"3dea8673","elType":"widget","settings":{"image":{"id":9652,"url":"https:\/\/library.elementor.com\/wp-content\/uploads\/2019\/01\/bag.png"},"align":"center","space":{"unit":"%","size":65}},"elements":[],"widgetType":"image"}],"isInner":true}],"isInner":true},{"id":"5af7f9cc","elType":"widget","settings":{"title":"register and get","align":"center","title_color":"#000000","typography_typography":"custom","typography_font_family":"Roboto","typography_font_size":{"unit":"px","size":20},"typography_text_transform":"uppercase","typography_font_weight":"400"},"elements":[],"widgetType":"heading"},{"id":"4642b514","elType":"widget","settings":{"title":"15% off","align":"center","title_color":"#444444","typography_typography":"custom","typography_font_family":"Roboto","typography_font_size":{"unit":"px","size":64},"typography_font_weight":"500","typography_text_transform":"uppercase","typography_font_style":"normal","typography_letter_spacing":{"unit":"px","size":-1.5},"_margin":{"unit":"px","top":"-20","right":"0","bottom":"30","left":"0","isLinked":false}},"elements":[],"widgetType":"heading"},{"id":"5849794a","elType":"widget","settings":{"form_name":"New Form","form_fields":[{"_id":"email","field_type":"email","required":"true","field_label":"Email","placeholder":"Your Email","width":"100","min_date":"","max_date":"","field_options":"","allow_multiple":"","select_size":"","inline_list":"","field_html":"","width_tablet":"","width_mobile":"","rows":4,"recaptcha_size":"normal","recaptcha_style":"light","css_classes":"","field_value":"","file_sizes":"","file_types":"","allow_multiple_upload":"","max_files":"","acceptance_text":"","checked_by_default":"","field_min":"","field_max":"","use_native_date":"","use_native_time":""}],"show_labels":"","button_text":"get my discount","email_content":"[all-fields]","email_content_2":"[all-fields]","success_message":"The form was sent successfully.","error_message":"An error occured.","required_field_message":"This field is required.","invalid_message":"There's something wrong. The form is invalid.","label_typography_typography":"custom","field_border_width":{"unit":"px","top":"1","right":"1","bottom":"1","left":"1","isLinked":true},"field_border_radius":{"unit":"px","top":"0","right":"0","bottom":"0","left":"0","isLinked":true},"button_background_color":"#000000","button_text_color":"#ffffff","button_typography_typography":"custom","button_typography_font_family":"Roboto","button_typography_font_size":{"unit":"px","size":15},"button_typography_font_weight":"bold","button_typography_text_transform":"uppercase","button_typography_letter_spacing":{"unit":"px","size":1.6},"button_border_border":"solid","button_border_width":{"unit":"px","top":"1","right":"1","bottom":"1","left":"1","isLinked":true},"button_border_color":"#000000","button_border_radius":{"unit":"px","top":"0","right":"0","bottom":"0","left":"0","isLinked":true},"button_background_hover_color":"rgba(0,0,0,0)","button_hover_color":"#000000","_padding":{"unit":"px","top":"0","right":"50","bottom":"0","left":"50","isLinked":false},"column_gap":{"unit":"px","size":7},"field_typography_typography":"custom","field_typography_font_family":"Roboto","field_typography_font_size":{"unit":"px","size":15},"field_typography_font_weight":"500","field_typography_text_transform":"uppercase","field_border_color":"#54595f"},"elements":[],"widgetType":"form"},{"id":"b41ede5","elType":"widget","settings":{"editor":"<p>Join our mailing list &amp; get exclusive<br \/>updates and special offers!<\/p>","align":"center","text_color":"#54595f","typography_typography":"custom","typography_font_family":"Roboto","typography_font_size":{"unit":"px","size":14},"typography_line_height":{"unit":"em","size":1.4},"_margin":{"unit":"px","top":"30","right":"50","bottom":"0","left":"50","isLinked":false}},"elements":[],"widgetType":"text-editor"}],"isInner":false}],"isInner":false}],"page_settings":{"width":{"unit":"px","size":350},"height_type":"custom","height":{"unit":"px","size":500},"height_mobile":{"unit":"px","size":510},"horizontal_position":"left","horizontal_position_mobile":"left","vertical_position":"top","vertical_position_mobile":"top","close_button_delay":2,"entrance_animation":"fadeInLeft","entrance_animation_duration":{"unit":"px","size":0.8},"background_background":"classic","box_shadow_box_shadow_type":"","overlay_background_color":"rgba(255,255,255,0.53)","close_button_vertical":{"unit":"%","size":0},"close_button_vertical_mobile":{"unit":"px","size":12},"close_button_horizontal":{"unit":"%","size":0},"close_button_color":"#000000","icon_size":{"unit":"px","size":25},"margin":{"unit":"px","top":"20","right":"0","bottom":"0","left":"20","isLinked":false},"margin_mobile":{"unit":"px","top":"0","right":"0","bottom":"0","left":"0","isLinked":false},"padding_mobile":{"unit":"px","top":"10","right":"0","bottom":"0","left":"10","isLinked":false}}}