{"content":[{"id":"45fe8cfa","elType":"section","settings":{"height":"min-height","custom_height":{"unit":"px","size":665},"custom_height_tablet":{"unit":"px","size":900},"custom_height_mobile":{"unit":"px","size":660},"content_position":"middle","padding":{"unit":"px","top":"0","right":"15","bottom":"0","left":"15","isLinked":false}},"elements":[{"id":"5d83a65e","elType":"column","settings":{"_column_size":100,"_inline_size":null},"elements":[{"id":"11a3e955","elType":"widget","settings":{"image":{"id":11398,"url":"https:\/\/library.elementor.com\/wp-content\/uploads\/2019\/01\/enter.png"},"width":{"unit":"%","size":60}},"elements":[],"widgetType":"image"},{"id":"1ecd7a02","elType":"widget","settings":{"title":"are you under 18?","align":"center","align_mobile":"center","title_color":"#282828","typography_typography":"custom","typography_font_family":"Bangers","typography_font_size":{"unit":"px","size":39},"typography_font_size_tablet":{"unit":"px","size":30},"typography_font_size_mobile":{"unit":"px","size":45},"typography_font_weight":"300","typography_text_transform":"capitalize"},"elements":[],"widgetType":"heading"},{"id":"da422a3","elType":"widget","settings":{"editor":"<p>The content behind this door is restricted, make sure you are 18 or above!<\/p>","align":"center","text_color":"#000000","typography_typography":"custom","typography_font_family":"Bai Jamjuree","typography_font_size":{"unit":"px","size":15},"typography_font_size_tablet":{"unit":"px","size":16},"typography_font_size_mobile":{"unit":"px","size":14},"typography_font_weight":"300"},"elements":[],"widgetType":"text-editor"},{"id":"74f12bd0","elType":"section","settings":{"gap":"narrow","structure":"20","padding_mobile":{"unit":"px","top":"0","right":"20","bottom":"0","left":"20","isLinked":false}},"elements":[{"id":"6a075dfa","elType":"column","settings":{"_column_size":50,"_inline_size":null},"elements":[{"id":"362945d7","elType":"widget","settings":{"text":"yes","align":"justify","size":"md","typography_typography":"custom","typography_font_size_mobile":{"unit":"px","size":15},"typography_font_weight":"300","typography_text_transform":"uppercase","button_text_color":"#ffffff","background_color":"#4490ef","hover_color":"#4490ef","button_background_hover_color":"rgba(255,255,255,0)","border_border":"solid","border_width":{"unit":"px","top":"2","right":"2","bottom":"2","left":"2","isLinked":true},"border_color":"#4490ef","border_radius":{"unit":"px","top":"4","right":"4","bottom":"4","left":"4","isLinked":true},"text_padding":{"unit":"px","top":"10","right":"40","bottom":"10","left":"40","isLinked":false},"__dynamic__":{"link":"[elementor-tag id=\"fb8ddb4\" name=\"popup\" settings=\"%7B%22action%22%3A%22close%22%7D\"]"}},"elements":[],"widgetType":"button"}],"isInner":true},{"id":"7bd74c54","elType":"column","settings":{"_column_size":50,"_inline_size":null},"elements":[{"id":"7a032199","elType":"widget","settings":{"text":"no","align":"justify","size":"md","typography_typography":"custom","typography_font_size_mobile":{"unit":"px","size":15},"typography_font_weight":"300","typography_text_transform":"uppercase","button_text_color":"#4490ef","background_color":"#ffffff","hover_color":"#ffffff","button_background_hover_color":"#4490ef","border_border":"solid","border_width":{"unit":"px","top":"2","right":"2","bottom":"2","left":"2","isLinked":true},"border_color":"#4490ef","border_radius":{"unit":"px","top":"4","right":"4","bottom":"4","left":"4","isLinked":true},"text_padding":{"unit":"px","top":"10","right":"40","bottom":"10","left":"40","isLinked":false},"link":{"url":"https:\/\/www.google.com\/","is_external":"","nofollow":""}},"elements":[],"widgetType":"button"}],"isInner":true}],"isInner":true}],"isInner":false}],"isInner":false}],"page_settings":{"width":{"unit":"px","size":"400","sizes":[]},"width_mobile":{"unit":"vw","size":"","sizes":[]},"height_type":"fit_to_screen","horizontal_position":"left","vertical_position":"top","close_button":"","overlay_background_background":"gradient","overlay_background_color":"#4490ef","overlay_background_color_b":"#396cc6"}}