{"content":[{"id":"5c6ba698","elType":"section","settings":{"height":"min-height","column_position":"stretch","structure":"20","background_background":"classic","background_color":"#e2dedb","padding":{"unit":"px","top":"0","right":"0","bottom":"0","left":"0","isLinked":false},"reverse_order_mobile":"reverse-mobile"},"elements":[{"id":"2fbb3b01","elType":"column","settings":{"_column_size":50,"_inline_size":52.188,"_inline_size_tablet":60,"padding":{"unit":"px","top":"30","right":"30","bottom":"30","left":"50","isLinked":false},"padding_tablet":{"unit":"px","top":"0","right":"30","bottom":"0","left":"30","isLinked":false},"padding_mobile":{"unit":"px","top":"40","right":"20","bottom":"40","left":"20","isLinked":false}},"elements":[{"id":"7a4f270f","elType":"widget","settings":{"title":"Keep in touch","align":"left","title_color":"#211209","typography_typography":"custom","typography_font_family":"Fjalla One","typography_font_size":{"unit":"px","size":70},"typography_font_size_mobile":{"unit":"px","size":50},"typography_font_weight":"800","typography_text_transform":"uppercase","text_shadow_text_shadow_type":"yes","text_shadow_text_shadow":{"horizontal":10,"vertical":10,"blur":30,"color":"rgba(79,46,29,0.17)"},"_margin":{"unit":"px","top":"50","right":"0","bottom":"0","left":"0","isLinked":false},"_margin_mobile":{"unit":"px","top":"0","right":"0","bottom":"0","left":"0","isLinked":false},"_padding_mobile":{"unit":"px","top":"0","right":"0","bottom":"0","left":"0","isLinked":true}},"elements":[],"widgetType":"heading"},{"id":"47cf223f","elType":"widget","settings":{"editor":"<p>Fill in your details and we'll get back to you in no time.<\/p>","text_color":"#000000","typography_typography":"custom","typography_font_family":"Open Sans","typography_line_height":{"unit":"em","size":1.6},"typography_font_size":{"unit":"px","size":13},"typography_font_size_tablet":{"unit":"px","size":12},"align":"left"},"elements":[],"widgetType":"text-editor"},{"id":"77f6224","elType":"widget","settings":{"form_name":"New Form","form_fields":[{"_id":"name","field_type":"text","field_label":"Name","placeholder":"Name","width":"100","required":"","min_date":"","max_date":"","field_options":"","allow_multiple":"","select_size":"","inline_list":"","field_html":"","width_tablet":"","width_mobile":"","rows":4,"recaptcha_size":"normal","recaptcha_style":"light","css_classes":"","field_value":"","file_sizes":"","file_types":"","allow_multiple_upload":"","max_files":"","acceptance_text":"","checked_by_default":"","field_min":"","field_max":"","use_native_date":"","use_native_time":""},{"_id":"email","field_type":"email","required":"true","field_label":"Email","placeholder":"Email","width":"100","min_date":"","max_date":"","field_options":"","allow_multiple":"","select_size":"","inline_list":"","field_html":"","width_tablet":"","width_mobile":"","rows":4,"recaptcha_size":"normal","recaptcha_style":"light","css_classes":"","field_value":"","file_sizes":"","file_types":"","allow_multiple_upload":"","max_files":"","acceptance_text":"","checked_by_default":"","field_min":"","field_max":"","use_native_date":"","use_native_time":""},{"_id":"1259bf4","field_type":"textarea","required":"true","field_label":"message","placeholder":"Message","width":"100","min_date":"","max_date":"","field_options":"","allow_multiple":"","select_size":"","inline_list":"","field_html":"","width_tablet":"","width_mobile":"","rows":1,"recaptcha_size":"normal","recaptcha_style":"light","css_classes":"","field_value":"","file_sizes":"","file_types":"","allow_multiple_upload":"","max_files":"","acceptance_text":"","checked_by_default":"","field_min":"","field_max":"","use_native_date":"","use_native_time":""}],"show_labels":"","button_text":"Send Message","button_align":"start","email_content":"[all-fields]","email_content_2":"[all-fields]","success_message":"The form was sent successfully.","error_message":"An error occured.","required_field_message":"This field is required.","invalid_message":"There's something wrong. The form is invalid.","row_gap":{"unit":"px","size":18},"field_background_color":"rgba(255,255,255,0)","field_border_color":"rgba(33,18,9,0.25)","field_border_width":{"unit":"px","top":"0","right":"0","bottom":"2","left":"0","isLinked":false},"field_border_radius":{"unit":"px","top":"0","right":"0","bottom":"0","left":"0","isLinked":true},"button_background_color":"#59351f","button_typography_typography":"custom","button_typography_font_family":"Fjalla One","button_typography_font_size":{"unit":"px","size":16},"button_typography_text_transform":"uppercase","button_typography_letter_spacing":{"unit":"px","size":2.4},"button_border_radius":{"unit":"px","top":"0","right":"0","bottom":"0","left":"0","isLinked":true},"_margin":{"unit":"px","top":"40","right":"0","bottom":"50","left":"0","isLinked":false},"_margin_mobile":{"unit":"px","top":"40","right":"0","bottom":"0","left":"0","isLinked":false},"button_hover_animation":"sink"},"elements":[],"widgetType":"form"}],"isInner":false},{"id":"7dce867e","elType":"column","settings":{"_column_size":50,"_inline_size":47.812,"_inline_size_tablet":40,"background_background":"classic","background_image":{"id":9692,"url":"https:\/\/library.elementor.com\/wp-content\/uploads\/2019\/01\/image_popup_01.png"},"background_repeat":"no-repeat","background_size":"cover"},"elements":[{"id":"17c962b2","elType":"widget","settings":{"space_mobile":{"unit":"px","size":160}},"elements":[],"widgetType":"spacer"}],"isInner":false}],"isInner":false}],"page_settings":{"content_position":"center","padding":{"unit":"px","top":"0","right":"0","bottom":"0","left":"0","isLinked":false}}}