{"content":[{"id":"52d1d9f0","elType":"section","settings":{"height":"min-height","custom_height":{"unit":"px","size":470},"column_position":"stretch","content_position":"middle","structure":"20"},"elements":[{"id":"138f581a","elType":"column","settings":{"_column_size":50,"_inline_size":39.451,"_inline_size_tablet":50,"padding_tablet":{"unit":"px","top":"0","right":"35","bottom":"0","left":"35","isLinked":false}},"elements":[{"id":"4beb981c","elType":"section","settings":{"content_width":{"unit":"px","size":200}},"elements":[{"id":"6fbbdce2","elType":"column","settings":{"_column_size":100,"_inline_size":null},"elements":[{"id":"7f8cc37a","elType":"widget","settings":{"image":{"id":11396,"url":"https:\/\/library.elementor.com\/wp-content\/uploads\/2019\/01\/Icecream.png"},"image_size":"full","width":{"unit":"px","size":45},"opacity":{"unit":"px","size":1},"_margin":{"unit":"px","top":"0","right":"0","bottom":"0","left":"0","isLinked":false},"_animation":"tada","_animation_delay":1400},"elements":[],"widgetType":"image"},{"id":"227987d2","elType":"widget","settings":{"title":"GELATERIA","align":"center","title_color":"#f38895","typography_typography":"custom","typography_font_size":{"unit":"px","size":31},"typography_font_weight":"300","_margin":{"unit":"px","top":"-8","right":"0","bottom":"25","left":"0","isLinked":false},"_margin_mobile":{"unit":"px","top":"0","right":"0","bottom":"0","left":"0","isLinked":false},"_padding":{"unit":"px","top":"10","right":"0","bottom":"10","left":"0","isLinked":false},"_z_index":2,"_border_border":"dashed","_border_width":{"unit":"px","top":"1","right":"0","bottom":"1","left":"0","isLinked":false},"_border_color":"#f38895"},"elements":[],"widgetType":"heading"}],"isInner":true}],"isInner":true},{"id":"2d0f979","elType":"widget","settings":{"title":"special offer","align":"center","title_color":"#83d8d8","typography_typography":"custom","typography_font_family":"Open Sans Condensed","typography_font_size":{"unit":"px","size":54},"typography_text_transform":"capitalize","typography_font_size_tablet":{"unit":"px","size":51},"_margin_mobile":{"unit":"px","top":"0","right":"0","bottom":"0","left":"0","isLinked":false}},"elements":[],"widgetType":"heading"},{"id":"70c6c160","elType":"widget","settings":{"title":"50% off your next order!","align":"center","title_color":"rgba(0,0,0,0.49)","typography_typography":"custom","typography_font_family":"Helvetica","typography_font_size":{"unit":"px","size":23},"typography_font_weight":"400"},"elements":[],"widgetType":"heading"},{"id":"5e179253","elType":"widget","settings":{"text":"sweet prices","align":"center","typography_typography":"custom","typography_font_family":"Helvetica","typography_font_size":{"unit":"px","size":20},"typography_font_weight":"300","typography_text_transform":"uppercase","typography_letter_spacing":{"unit":"px","size":1.7},"background_color":"#83d8d8","border_radius":{"unit":"px","top":"70","right":"70","bottom":"70","left":"70","isLinked":true},"text_padding":{"unit":"px","top":"20","right":"45","bottom":"20","left":"45","isLinked":false},"_margin":{"unit":"px","top":"48","right":"0","bottom":"0","left":"0","isLinked":false},"button_background_hover_color":"#f38895","_animation":"fadeInDown","animation_duration":"fast","_animation_delay":500},"elements":[],"widgetType":"button"},{"id":"64c2f7f7","elType":"widget","settings":{"title":"Offer stands till 31\/6\/2019","align":"center","title_color":"#b2b2b2","typography_typography":"custom","typography_font_family":"Helvetica","typography_font_size":{"unit":"px","size":19},"typography_font_weight":"400","_margin":{"unit":"px","top":"81","right":"0","bottom":"0","left":"0","isLinked":false},"_margin_mobile":{"unit":"px","top":"0","right":"0","bottom":"17","left":"0","isLinked":false}},"elements":[],"widgetType":"heading"}],"isInner":false},{"id":"17ff106d","elType":"column","settings":{"_column_size":50,"_inline_size":60.549,"background_background":"classic","background_image":{"id":9734,"url":"https:\/\/library.elementor.com\/wp-content\/uploads\/2019\/01\/candy.png"},"background_position":"center center","background_size":"cover","border_radius":{"unit":"px","top":"0","right":"10","bottom":"10","left":"0","isLinked":false},"_inline_size_tablet":50,"background_repeat":"no-repeat"},"elements":[{"id":"47559f3","elType":"widget","settings":{"space_mobile":{"unit":"px","size":279}},"elements":[],"widgetType":"spacer"}],"isInner":false}],"isInner":false}],"page_settings":{"width":{"unit":"px","size":"910","sizes":[]},"width_tablet":{"unit":"px","size":"733","sizes":[]},"height_type":"custom","height":{"unit":"px","size":"","sizes":[]},"height_mobile":{"unit":"px","size":"701","sizes":[]},"entrance_animation":"fadeIn","border_radius":{"unit":"px","top":"10","right":"10","bottom":"10","left":"10","isLinked":"1"},"overlay_background_color":"rgba(255,255,255,0.8)","close_button_vertical_mobile":{"unit":"%","size":"65.8","sizes":[]},"close_button_color":"#ffffff","icon_size":{"unit":"px","size":"20","sizes":[]}}}