{"content":[{"id":"nghsdfk","elType":"section","settings":{"height":"min-height","custom_height":{"unit":"vh","size":75},"content_position":"middle","background_background":"classic","background_image":{"url":"https:\/\/library.elementor.com\/wp-content\/uploads\/2017\/03\/todd-quackenbush-700-copy-2.png","id":984},"background_size":"cover","padding":{"unit":"px","top":"0","right":"0","bottom":"0","left":"0","isLinked":true},"padding_mobile":{"unit":"px","top":"80","right":"25","bottom":"80","left":"25","isLinked":false}},"elements":[{"id":"ttvu68e","elType":"column","settings":{"_inline_size":null,"_column_size":100,"background_background":"classic","background_color":"rgba(255,255,255,0.9)","border_border":"dotted","border_width":{"unit":"px","top":"3","right":"3","bottom":"3","left":"3","isLinked":true},"border_color":"#353535","margin":{"unit":"%","top":"0","right":"17","bottom":"0","left":"17","isLinked":false},"padding":{"unit":"px","top":"50","right":"50","bottom":"50","left":"50","isLinked":true},"margin_tablet":{"unit":"px","top":"0","right":"100","bottom":"0","left":"100","isLinked":false},"margin_mobile":{"unit":"px","top":"0","right":"0","bottom":"0","left":"0","isLinked":true},"padding_tablet":{"unit":"px","top":"40","right":"40","bottom":"40","left":"40","isLinked":false},"padding_mobile":{"unit":"px","top":"40","right":"30","bottom":"40","left":"30","isLinked":false}},"elements":[{"id":"fzynwsa","elType":"widget","settings":{"image":{"url":"https:\/\/library.elementor.com\/wp-content\/uploads\/2017\/03\/Group-1.png","id":985},"space":{"unit":"%","size":"25"}},"elements":[],"widgetType":"image"},{"id":"w39dr8z","elType":"widget","settings":{"title":"Style and beauty professional","align":"center","title_color":"#f49ac3","typography_typography":"custom","typography_font_size":{"unit":"px","size":"22"},"typography_font_family":"Poppins","typography_font_weight":"400","header_size":"h1","typography_font_size_tablet":{"unit":"px","size":"20"},"typography_font_size_mobile":{"unit":"px","size":"15"}},"elements":[],"widgetType":"heading"},{"id":"8vm7w04","elType":"widget","settings":{"title":"Book an appointment!","align":"center","title_color":"#353535","typography_typography":"custom","typography_font_size":{"unit":"px","size":"70"},"typography_font_family":"Dynalight","typography_font_weight":"900","typography_text_transform":"capitalize","typography_letter_spacing":{"unit":"px","size":"0"},"_padding":{"unit":"px","top":"20","right":"0","bottom":"50","left":"0","isLinked":false},"typography_font_size_tablet":{"unit":"px","size":"55"},"typography_font_size_mobile":{"unit":"px","size":"32"},"_padding_tablet":{"unit":"px","top":"5","right":"0","bottom":"20","left":"0","isLinked":false},"_padding_mobile":{"unit":"px","top":"0","right":"0","bottom":"0","left":"0","isLinked":false}},"elements":[],"widgetType":"heading"},{"id":"pme0qx6","elType":"widget","settings":{"form_name":"New Form","form_fields":[{"field_type":"text","field_label":"Name","placeholder":"Name","width":"33","_id":"mkwkkju","required":"","field_options":"","inline_list":"","width_tablet":"","width_mobile":"","rows":4,"recaptcha_size":"normal","recaptcha_style":"light","css_classes":"","custom_id":"mkwkkju"},{"field_type":"email","required":true,"field_label":"Email","placeholder":"Email","width":"33","_id":"oi9ngm5","field_options":"","inline_list":"","width_tablet":"","width_mobile":"","rows":4,"recaptcha_size":"normal","recaptcha_style":"light","css_classes":"","custom_id":"oi9ngm5"},{"field_type":"text","field_label":"Phone","placeholder":"Phone","width":"33","_id":"ksapzgj","required":"","field_options":"","inline_list":"","width_tablet":"","width_mobile":"","rows":4,"recaptcha_size":"normal","recaptcha_style":"light","css_classes":"","custom_id":"ksapzgj"}],"show_labels":"","button_text":"Send","button_width":"","button_align":"center","success_message":"The message was sent successfully!","error_message":"There's something wrong... Please fill in the required fields.","required_field_message":"Required","invalid_message":"There's something wrong... The form is invalid.","column_gap":{"unit":"px","size":"10"},"row_gap":{"unit":"px","size":25},"field_text_color":"#353535","field_typography_typography":"custom","field_typography_line_height":{"unit":"em","size":0.1},"field_background_color":"rgba(255,255,255,0)","field_border_width":{"unit":"px","top":"0","right":"0","bottom":"1","left":"0","isLinked":false},"button_typography_typography":"custom","button_typography_font_size":{"unit":"px","size":"17"},"button_typography_font_family":"Poppins","button_typography_font_weight":"bold","button_typography_letter_spacing":{"unit":"px","size":"5"},"button_background_color":"#f49ac3","button_border_radius":{"unit":"px","top":"0","right":"0","bottom":"0","left":"0","isLinked":true},"button_text_padding":{"unit":"px","top":"15","right":"35","bottom":"15","left":"35","isLinked":false},"field_border_radius":{"unit":"px","top":"0","right":"0","bottom":"0","left":"0","isLinked":true},"field_typography_font_size_mobile":{"unit":"px","size":"13"},"field_typography_line_height_mobile":{"unit":"em","size":"0"},"button_typography_font_size_mobile":{"unit":"px","size":"13"},"button_background_hover_color":"#000000","submit_actions":["email"]},"elements":[],"widgetType":"form"}],"isInner":false}],"isInner":false},{"id":"bmz94ja","elType":"section","settings":{"gap":"no","structure":"20","padding":{"unit":"px","top":"150","right":"0","bottom":"0","left":"0","isLinked":false},"padding_tablet":{"unit":"px","top":"80","right":"30","bottom":"0","left":"30","isLinked":false},"padding_mobile":{"unit":"px","top":"40","right":"40","bottom":"0","left":"40","isLinked":false},"reverse_order_mobile":"reverse-mobile"},"elements":[{"id":"5l1epnu","elType":"column","settings":{"_inline_size":null,"_column_size":50,"content_position":"bottom","margin_mobile":{"unit":"px","top":"0","right":"0","bottom":"0","left":"0","isLinked":true},"padding_mobile":{"unit":"px","top":"0","right":"0","bottom":"0","left":"0","isLinked":true}},"elements":[{"id":"4t89eaz","elType":"widget","settings":{"image":{"url":"https:\/\/library.elementor.com\/wp-content\/uploads\/2017\/03\/483776_PR___125_SI_13_05_14_383-m.png","id":978},"space":{"unit":"%","size":"90"},"_margin_tablet":{"unit":"px","top":"0","right":"-7","bottom":"0","left":"-40","isLinked":false},"_margin_mobile":{"unit":"px","top":"0","right":"-43","bottom":"0","left":"-43","isLinked":false},"_padding_tablet":{"unit":"px","top":"0","right":"0","bottom":"0","left":"0","isLinked":true},"_padding_mobile":{"unit":"px","top":"0","right":"0","bottom":"0","left":"0","isLinked":true}},"elements":[],"widgetType":"image"}],"isInner":false},{"id":"1hft60c","elType":"column","settings":{"_inline_size":null,"_column_size":50,"padding":{"unit":"%","top":"0","right":"0","bottom":"0","left":"8","isLinked":false},"padding_tablet":{"unit":"px","top":"0","right":"0","bottom":"50","left":"0","isLinked":false}},"elements":[{"id":"4wgjlmd","elType":"widget","settings":{"title":"When it comes to shopping for work clothes, I'm your gal! You can find various items that I have personally tried, including a combination of quality, ease-of-use and focus on office-friendly attire.","title_color":"#353535","typography_typography":"custom","typography_font_size":{"unit":"px","size":"27"},"typography_font_family":"Poppins","typography_font_weight":"400","typography_line_height":{"unit":"em","size":"1.5"},"typography_font_size_tablet":{"unit":"px","size":"18"},"typography_font_size_mobile":{"unit":"px","size":"16"}},"elements":[],"widgetType":"heading"},{"id":"cidzqaf","elType":"widget","settings":{"editor":"<p class=\"p1\"><span class=\"s1\">Lorem ipsum dolor sit amet, consectetur adipiscing elit. Morbi a volutpat tellus, non tempus ipsum. Proin ac placerat nisi, id vehicula est. Pellentesque fermentum sapien libero, quis molestie nulla pellentesque in. Nunc dapibus tincidunt mattis.\u00a0<\/span><\/p>","text_color":"rgba(53,53,53,0.69)","typography_typography":"custom","typography_font_size":{"unit":"px","size":"19"},"typography_font_family":"Poppins","typography_font_weight":"300","_margin":{"unit":"px","top":"30","right":"0","bottom":"30","left":"0","isLinked":false},"_padding":{"unit":"px","top":"0","right":"0","bottom":"0","left":"30","isLinked":false},"_border_border":"solid","_border_width":{"unit":"px","top":"0","right":"0","bottom":"0","left":"2","isLinked":false},"_border_color":"#f49ac3","typography_font_size_tablet":{"unit":"px","size":"15"},"typography_font_size_mobile":{"unit":"px","size":"14"}},"elements":[],"widgetType":"text-editor"},{"id":"yzmvi31","elType":"widget","settings":{"title":"Salina Jola","title_color":"#000000","typography_typography":"custom","typography_font_size":{"unit":"px","size":"30"},"typography_font_family":"Sarina","typography_font_weight":"100","typography_font_size_mobile":{"unit":"px","size":"25"}},"elements":[],"widgetType":"heading"}],"isInner":false}],"isInner":false},{"id":"3rgfv7l","elType":"section","settings":{"gap":"no","background_background":"classic","background_color":"#eaf5f7","padding":{"unit":"px","top":"100","right":"0","bottom":"100","left":"0","isLinked":false},"padding_tablet":{"unit":"px","top":"70","right":"25","bottom":"70","left":"25","isLinked":false}},"elements":[{"id":"30b0ruq","elType":"column","settings":{"_inline_size":null,"_column_size":100},"elements":[{"id":"b80lcls","elType":"widget","settings":{"title":"Tailored to your needs","align":"center","title_color":"#f49ac3","typography_typography":"custom","typography_font_size":{"unit":"px","size":"70"},"typography_font_family":"Dynalight","typography_font_weight":"600","typography_text_transform":"capitalize","typography_line_height":{"unit":"em","size":"1"},"typography_letter_spacing":{"unit":"px","size":0.7},"header_size":"h3","typography_font_size_tablet":{"unit":"px","size":"50"},"typography_font_size_mobile":{"unit":"px","size":"39"}},"elements":[],"widgetType":"heading"},{"id":"nn415yd","elType":"widget","settings":{"title":"Fitting your style to your everyday routine and special occasion","align":"center","title_color":"#353535","typography_typography":"custom","typography_font_size":{"unit":"px","size":"20"},"typography_font_family":"Poppins","typography_font_weight":"100","_padding":{"unit":"px","top":"0","right":"0","bottom":"50","left":"0","isLinked":false},"header_size":"h4","typography_font_size_tablet":{"unit":"px","size":"18"},"typography_font_size_mobile":{"unit":"px","size":"16"},"typography_line_height_mobile":{"unit":"em","size":"1.5"},"_padding_tablet":{"unit":"px","top":"0","right":"0","bottom":"30","left":"0","isLinked":false}},"elements":[],"widgetType":"heading"},{"id":"wzv0etq","elType":"section","settings":{"structure":"30","gap":"no"},"elements":[{"id":"v3qunk1","elType":"column","settings":{"_inline_size":null,"_column_size":33,"border_border":"solid","border_width":{"unit":"px","top":"10","right":"10","bottom":"10","left":"10","isLinked":true},"border_color":"#ffffff","margin":{"unit":"%","top":"0","right":"4","bottom":"0","left":"0","isLinked":false},"margin_mobile":{"unit":"px","top":"0","right":"0","bottom":"0","left":"0","isLinked":true},"padding_tablet":{"unit":"px","top":"0","right":"0","bottom":"0","left":"0","isLinked":true}},"elements":[{"id":"k5akjpo","elType":"widget","settings":{"icon":"","title_text_a":"","description_text_a":"","background_a_background":"classic","background_a_image":{"url":"https:\/\/library.elementor.com\/wp-content\/uploads\/2017\/03\/32.png","id":992},"background_a_position":"center left","background_a_size":"cover","title_text_b":"\"girls\" Magazine photoshoot","description_text_b":"","button_text":"View more","background_b_background":"classic","background_b_color":"#f49ac3","height":{"unit":"px","size":"350"},"flip_effect":"fade","title_spacing_b":{"unit":"px","size":"40"},"title_typography_b_typography":"custom","title_typography_b_font_size":{"unit":"px","size":"50"},"title_typography_b_font_family":"Dynalight","title_typography_b_font_weight":"100","button_typography_typography":"custom","button_typography_font_size":{"unit":"px","size":"15"},"button_typography_font_family":"Poppins","button_typography_font_weight":"bold","button_typography_text_transform":"uppercase","button_typography_letter_spacing":{"unit":"px","size":"3"},"button_background_color":"#000000","button_border_color":"#000000","button_hover_text_color":"#000000","button_hover_background_color":"#ffffff","button_hover_border_color":"#ffffff","button_border_width":{"unit":"px","size":"3"},"button_border_radius":{"unit":"px","size":"0"},"title_typography_b_font_size_tablet":{"unit":"px","size":"32"},"title_typography_b_font_size_mobile":{"unit":"px","size":"40"},"button_typography_font_size_tablet":{"unit":"px","size":"13"},"button_typography_letter_spacing_tablet":{"unit":"px","size":"0.9"}},"elements":[],"widgetType":"flip-box"}],"isInner":true},{"id":"crx2fbi","elType":"column","settings":{"_inline_size":null,"_column_size":33,"border_border":"solid","border_width":{"unit":"px","top":"10","right":"10","bottom":"10","left":"10","isLinked":true},"border_color":"#ffffff","margin":{"unit":"%","top":"0","right":"2","bottom":"0","left":"2","isLinked":false},"margin_mobile":{"unit":"px","top":"25","right":"0","bottom":"25","left":"0","isLinked":false}},"elements":[{"id":"k3ami4v","elType":"widget","settings":{"icon":"","title_text_a":"","description_text_a":"","background_a_background":"classic","background_a_image":{"url":"https:\/\/library.elementor.com\/wp-content\/uploads\/2017\/03\/3.png","id":994},"background_a_position":"center left","background_a_size":"cover","title_text_b":"Celebrity clients like Marissa Taylor","description_text_b":"","button_text":"View more","background_b_background":"classic","background_b_color":"#f49ac3","height":{"unit":"px","size":"350"},"flip_effect":"fade","title_spacing_b":{"unit":"px","size":"40"},"title_typography_b_typography":"custom","title_typography_b_font_size":{"unit":"px","size":"50"},"title_typography_b_font_family":"Dynalight","title_typography_b_font_weight":"100","button_typography_typography":"custom","button_typography_font_size":{"unit":"px","size":"15"},"button_typography_font_family":"Poppins","button_typography_font_weight":"bold","button_typography_text_transform":"uppercase","button_typography_letter_spacing":{"unit":"px","size":"3"},"button_background_color":"#000000","button_border_color":"#000000","button_hover_text_color":"#000000","button_hover_background_color":"#ffffff","button_hover_border_color":"#ffffff","button_border_width":{"unit":"px","size":"3"},"button_border_radius":{"unit":"px","size":"0"},"title_typography_b_font_size_tablet":{"unit":"px","size":"32"},"title_typography_b_font_size_mobile":{"unit":"px","size":"40"},"button_typography_font_size_tablet":{"unit":"px","size":"13"},"button_typography_letter_spacing_tablet":{"unit":"px","size":"0.9"}},"elements":[],"widgetType":"flip-box"}],"isInner":true},{"id":"9n5xmpy","elType":"column","settings":{"_inline_size":null,"_column_size":33,"border_border":"solid","border_width":{"unit":"px","top":"10","right":"10","bottom":"10","left":"10","isLinked":true},"border_color":"#ffffff","margin":{"unit":"%","top":"0","right":"0","bottom":"0","left":"4","isLinked":false},"margin_mobile":{"unit":"px","top":"0","right":"0","bottom":"0","left":"0","isLinked":true}},"elements":[{"id":"clh8h20","elType":"widget","settings":{"icon":"","title_text_a":"","description_text_a":"","background_a_background":"classic","background_a_image":{"url":"https:\/\/library.elementor.com\/wp-content\/uploads\/2017\/03\/22.png","id":995},"background_a_position":"center left","background_a_size":"cover","title_text_b":"Finding your your style","description_text_b":"","button_text":"View more","background_b_background":"classic","background_b_color":"#f49ac3","height":{"unit":"px","size":"350"},"flip_effect":"fade","title_spacing_b":{"unit":"px","size":"40"},"title_typography_b_typography":"custom","title_typography_b_font_size":{"unit":"px","size":"50"},"title_typography_b_font_family":"Dynalight","title_typography_b_font_weight":"100","button_typography_typography":"custom","button_typography_font_size":{"unit":"px","size":"15"},"button_typography_font_family":"Poppins","button_typography_font_weight":"bold","button_typography_text_transform":"uppercase","button_typography_letter_spacing":{"unit":"px","size":"3"},"button_background_color":"#000000","button_border_color":"#000000","button_hover_text_color":"#000000","button_hover_background_color":"#ffffff","button_hover_border_color":"#ffffff","button_border_width":{"unit":"px","size":"3"},"button_border_radius":{"unit":"px","size":"0"},"title_typography_b_font_size_tablet":{"unit":"px","size":"32"},"title_typography_b_font_size_mobile":{"unit":"px","size":"40"},"button_typography_font_size_tablet":{"unit":"px","size":"13"},"button_typography_letter_spacing_tablet":{"unit":"px","size":"0.9"}},"elements":[],"widgetType":"flip-box"}],"isInner":true}],"isInner":true}],"isInner":false}],"isInner":false},{"id":"775xtwl","elType":"section","settings":{"background_background":"classic","background_image":{"url":"https:\/\/library.elementor.com\/wp-content\/uploads\/2017\/03\/clark-street-mercantile-33919.png","id":983},"background_size":"cover","background_overlay_background":"classic","background_overlay_color":"#000000","background_overlay_opacity":{"unit":"px","size":"0.8"},"padding":{"unit":"px","top":"70","right":"0","bottom":"70","left":"0","isLinked":false},"margin":{"unit":"px","top":"0","right":0,"bottom":"450","left":0,"isLinked":false},"padding_tablet":{"unit":"px","top":"70","right":"20","bottom":"30","left":"20","isLinked":false}},"elements":[{"id":"nemjpvg","elType":"column","settings":{"_inline_size":null,"_column_size":100},"elements":[{"id":"68vfvak","elType":"widget","settings":{"title":"Contact me!","align":"left","title_color":"#f49ac3","typography_typography":"custom","typography_font_size":{"unit":"px","size":"70"},"typography_font_family":"Dynalight","typography_font_weight":"600","typography_text_transform":"capitalize","typography_line_height":{"unit":"em","size":"1"},"typography_letter_spacing":{"unit":"px","size":0.7},"header_size":"h3","align_mobile":"center","typography_font_size_tablet":{"unit":"px","size":"50"}},"elements":[],"widgetType":"heading"},{"id":"65hn29n","elType":"widget","settings":{"title":"Book a 1 on 1 session, where I will give you special tips","align":"left","title_color":"#ffffff","typography_typography":"custom","typography_font_size":{"unit":"px","size":"20"},"typography_font_family":"Poppins","typography_font_weight":"100","_padding":{"unit":"px","top":"0","right":"0","bottom":"30","left":"0","isLinked":false},"header_size":"h4","align_mobile":"center","typography_font_size_tablet":{"unit":"px","size":"18"},"typography_font_size_mobile":{"unit":"px","size":"16"},"typography_line_height_mobile":{"unit":"em","size":1.6},"_padding_mobile":{"unit":"px","top":"0","right":"0","bottom":"20","left":"0","isLinked":false}},"elements":[],"widgetType":"heading"},{"id":"4civywo","elType":"section","settings":{"structure":"20","margin":{"unit":"px","top":"0","right":0,"bottom":"-400","left":0,"isLinked":false},"gap":"no","margin_mobile":{"unit":"px","top":"0","right":0,"bottom":"-270","left":0,"isLinked":false}},"elements":[{"id":"ewz8d8q","elType":"column","settings":{"_inline_size":"38.036","_column_size":50,"background_background":"classic","background_color":"#ffffff","box_shadow_box_shadow_type":"yes","box_shadow_box_shadow":{"horizontal":0,"vertical":0,"blur":"20","spread":0,"inset":"","color":"rgba(0,0,0,0.21)"},"padding":{"unit":"px","top":"50","right":"50","bottom":"50","left":"50","isLinked":true},"margin":{"unit":"px","top":"0","right":"60","bottom":"0","left":"0","isLinked":false},"margin_tablet":{"unit":"px","top":"0","right":"0","bottom":"0","left":"0","isLinked":true},"margin_mobile":{"unit":"px","top":"0","right":"0","bottom":"0","left":"0","isLinked":true},"padding_tablet":{"unit":"px","top":"35","right":"35","bottom":"35","left":"35","isLinked":true},"padding_mobile":{"unit":"px","top":"25","right":"20","bottom":"25","left":"20","isLinked":false}},"elements":[{"id":"spuxi13","elType":"widget","settings":{"title":"Contact info","align":"left","title_color":"#353535","typography_typography":"custom","typography_font_size":{"unit":"px","size":"30"},"typography_font_family":"Poppins","typography_font_weight":"500","typography_line_height":{"unit":"em","size":1.5},"align_mobile":"center","typography_font_size_tablet":{"unit":"px","size":"25"},"_padding_tablet":{"unit":"px","top":"0","right":"0","bottom":"0","left":"0","isLinked":false}},"elements":[],"widgetType":"heading"},{"id":"r789o0q","elType":"widget","settings":{"weight":{"unit":"px","size":"1"},"color":"#7a7a7a","gap":{"unit":"px","size":"5"}},"elements":[],"widgetType":"divider"},{"id":"m54tkoo","elType":"widget","settings":{"title":"Regent Arcade, Unit 9 Regents Arcade, Cheltenham GL50 1JZ","align":"left","title_color":"#353535","typography_typography":"custom","typography_font_size":{"unit":"px","size":"16"},"typography_font_family":"Poppins","typography_font_weight":"100","typography_line_height":{"unit":"em","size":1.5},"align_mobile":"center","typography_font_size_tablet":{"unit":"px","size":"14"},"typography_font_size_mobile":{"unit":"px","size":"16"},"typography_line_height_tablet":{"unit":"em","size":"2"},"typography_line_height_mobile":{"unit":"em","size":"1.6"}},"elements":[],"widgetType":"heading"},{"id":"ll6aka3","elType":"widget","settings":{"icon_list":[{"text":"+44 1242 519458","icon":"fa fa-phone","_id":"fw54y0g","link":{"is_external":"","url":""}},{"text":"stylist@noreplay.com","icon":"fa fa-envelope","_id":"kapcuf0","link":{"is_external":"","url":""}}],"icon_color":"#f49ac3","icon_size":{"unit":"px","size":"25"},"text_indent":{"unit":"px","size":"10"},"text_color":"#f49ac3","icon_typography_typography":"custom","icon_typography_font_size":{"unit":"px","size":"18"},"icon_typography_font_family":"Poppins","icon_typography_line_height":{"unit":"em","size":2.5},"icon_typography_font_size_tablet":{"unit":"px","size":"13"},"icon_typography_font_size_mobile":{"unit":"px","size":"16"},"_padding_tablet":{"unit":"px","top":"20","right":"0","bottom":"20","left":"0","isLinked":false},"_padding_mobile":{"unit":"px","top":"0","right":"0","bottom":"0","left":"0","isLinked":false}},"elements":[],"widgetType":"icon-list"},{"id":"tqen0nb","elType":"widget","settings":{"social_icon_list":[{"social":"fa fa-facebook","_id":"1m1l1hm","link":{"is_external":"true","url":""}},{"social":"fa fa-twitter","_id":"ervv27q","link":{"is_external":"true","url":""}},{"social":"fa fa-pinterest","_id":"os3xdtv","link":{"is_external":"true","url":""}},{"social":"fa fa-instagram","_id":"2qdry16","link":{"is_external":"true","url":""}},{"social":"fa fa-tumblr","_id":"hgtqzwo","link":{"is_external":"true","url":""}}],"icon_color":"custom","icon_primary_color":"#000000","icon_secondary_color":"#ffffff","icon_size":{"unit":"px","size":20},"image_border_border":"solid","_padding":{"unit":"px","top":"10","right":"0","bottom":"10","left":"0","isLinked":false},"align":"left","align_mobile":"left","icon_size_tablet":{"unit":"px","size":"14"},"icon_size_mobile":{"unit":"px","size":"16"},"icon_padding_mobile":{"unit":"em","size":0.7},"icon_spacing_mobile":{"unit":"px","size":9}},"elements":[],"widgetType":"social-icons"}],"isInner":true},{"id":"9iv35zp","elType":"column","settings":{"_inline_size":"61.964","_column_size":50,"margin":{"unit":"%","top":"0","right":"0","bottom":"0","left":"0","isLinked":false},"margin_tablet":{"unit":"px","top":"0","right":"0","bottom":"0","left":"25","isLinked":false},"margin_mobile":{"unit":"px","top":"0","right":"0","bottom":"0","left":"0","isLinked":true},"padding_tablet":{"unit":"px","top":"0","right":"0","bottom":"0","left":"0","isLinked":false},"padding_mobile":{"unit":"px","top":"30","right":"0","bottom":"0","left":"0","isLinked":false}},"elements":[{"id":"gvsmpja","elType":"widget","settings":{"address":"Regent Arcade, Unit 9 Regents Arcade, Cheltenham GL50 1JZ","height":{"unit":"px","size":"450"},"_box_shadow_box_shadow_type":"yes","_box_shadow_box_shadow":{"horizontal":0,"vertical":0,"blur":"20","spread":0,"inset":"","color":"rgba(0,0,0,0.24)"}},"elements":[],"widgetType":"google_maps"}],"isInner":true}],"isInner":true}],"isInner":false}],"isInner":false},{"id":"5xl9sa6","elType":"section","settings":{"background_background":"classic","background_image":{"url":"https:\/\/library.elementor.com\/wp-content\/uploads\/2017\/03\/bcgmagazine-125568.png","id":979},"background_size":"cover","padding":{"unit":"px","top":"70","right":"0","bottom":"70","left":"0","isLinked":false},"margin_mobile":{"unit":"px","top":"-135","right":0,"bottom":"0","left":0,"isLinked":false},"padding_tablet":{"unit":"px","top":"50","right":"140","bottom":"50","left":"140","isLinked":false},"padding_mobile":{"unit":"px","top":"50","right":"25","bottom":"50","left":"25","isLinked":false}},"elements":[{"id":"wl0xm5y","elType":"column","settings":{"_inline_size":null,"_column_size":100},"elements":[{"id":"v7z2u1t","elType":"widget","settings":{"title":"Special gift!","align":"left","title_color":"#f49ac3","typography_typography":"custom","typography_font_size":{"unit":"px","size":"70"},"typography_font_family":"Dynalight","typography_font_weight":"600","typography_text_transform":"capitalize","typography_line_height":{"unit":"em","size":"1"},"typography_letter_spacing":{"unit":"px","size":0.7},"_padding":{"unit":"px","top":"0","right":"0","bottom":"10","left":"0","isLinked":false},"header_size":"h3","align_tablet":"center","typography_font_size_tablet":{"unit":"px","size":"50"}},"elements":[],"widgetType":"heading"},{"id":"ylxf5kw","elType":"widget","settings":{"title":"As a special bonus, I am giving away my favorite pink box of delights","align":"left","title_color":"#54595f","typography_typography":"custom","typography_font_size":{"unit":"px","size":"20"},"typography_font_family":"Poppins","typography_font_weight":"100","typography_line_height":{"unit":"em","size":1.5},"_padding":{"unit":"%","top":"0","right":"60","bottom":"0","left":"0","isLinked":false},"align_tablet":"center","typography_font_size_tablet":{"unit":"px","size":"18"},"typography_font_size_mobile":{"unit":"px","size":"16"},"typography_line_height_mobile":{"unit":"em","size":"1.6"},"_padding_tablet":{"unit":"px","top":"0","right":"0","bottom":"0","left":"0","isLinked":true}},"elements":[],"widgetType":"heading"},{"id":"o2grbo5","elType":"widget","settings":{"text":"Contact me!","typography_typography":"custom","typography_font_size":{"unit":"px","size":"18"},"typography_font_family":"Poppins","typography_font_weight":"bold","typography_text_transform":"uppercase","typography_letter_spacing":{"unit":"px","size":"3"},"background_color":"#f49ac3","hover_color":"#ffffff","button_background_hover_color":"#000000","button_hover_border_color":"#000000","border_width":{"unit":"px","top":"3","right":"3","bottom":"3","left":"3","isLinked":true},"border_color":"#f49ac3","border_radius":{"unit":"px","top":"0","right":"0","bottom":"0","left":"0","isLinked":true},"text_padding":{"unit":"px","top":"15","right":"35","bottom":"15","left":"35","isLinked":false},"_padding":{"unit":"px","top":"20","right":"0","bottom":"0","left":"0","isLinked":false},"align_tablet":"center","typography_font_size_tablet":{"unit":"px","size":"15"},"_padding_tablet":{"unit":"px","top":"10","right":"0","bottom":"0","left":"0","isLinked":false}},"elements":[],"widgetType":"button"}],"isInner":false}],"isInner":false}],"page_settings":[]}