{"content":[{"id":"55084ccd","elType":"section","settings":{"height":"min-height","custom_height":{"unit":"px","size":475},"background_background":"classic","background_image":{"id":9742,"url":"https:\/\/library.elementor.com\/wp-content\/uploads\/2019\/01\/app_bg.png"},"background_position":"center center","background_repeat":"no-repeat","background_size":"contain","box_shadow_box_shadow_type":"yes","margin":{"unit":"px","top":"85","right":0,"bottom":"0","left":0,"isLinked":false},"padding":{"unit":"%","top":"0","right":"44","bottom":"0","left":"9","isLinked":false},"custom_height_tablet":{"unit":"px","size":430},"custom_height_mobile":{"unit":"px","size":443},"background_size_mobile":"cover","padding_mobile":{"unit":"px","top":"0","right":"0","bottom":"0","left":"0","isLinked":false}},"elements":[{"id":"51b2b1ba","elType":"column","settings":{"_column_size":100,"z_index":2,"_inline_size_mobile":100},"elements":[{"id":"67dc5e35","elType":"widget","settings":{"title":"<b>we<\/b>ather app","title_color":"#ffffff","typography_typography":"custom","typography_font_size":{"unit":"px","size":50},"typography_font_weight":"300","typography_text_transform":"uppercase"},"elements":[],"widgetType":"heading"},{"id":"4f93dd7f","elType":"widget","settings":{"editor":"<p>Click edit button to change this text. Lorem ipsum dolor sit amet, consectetur adipiscing elit. Ut elit tellus, luctus nec ullamcorper mattis, pulvinar dapibus leo.<\/p>","text_color":"#ffffff","typography_typography":"custom","typography_font_size":{"unit":"px","size":15}},"elements":[],"widgetType":"text-editor"},{"id":"7d422af8","elType":"section","settings":{"gap":"no","structure":"20","margin":{"unit":"px","top":"45","right":0,"bottom":"0","left":0,"isLinked":false},"padding_mobile":{"unit":"px","top":"0","right":"154","bottom":"0","left":"0","isLinked":false}},"elements":[{"id":"654a5e49","elType":"column","settings":{"_column_size":50,"_inline_size":37.302},"elements":[{"id":"4e8861dd","elType":"widget","settings":{"text":"app store","icon_indent":{"unit":"px","size":15},"typography_typography":"custom","typography_font_size":{"unit":"px","size":14},"typography_font_weight":"400","typography_text_transform":"uppercase","button_text_color":"#000000","background_color":"#ffffff","hover_color":"#ffffff","button_background_hover_color":"rgba(0,0,0,0)","border_border":"solid","border_width":{"unit":"px","top":"1","right":"1","bottom":"1","left":"1","isLinked":true},"border_color":"#ffffff","border_radius":{"unit":"px","top":"90","right":"90","bottom":"90","left":"90","isLinked":true},"align_mobile":"justify"},"elements":[],"widgetType":"button"}],"isInner":true},{"id":"36493bea","elType":"column","settings":{"_column_size":50,"_inline_size":62.598},"elements":[{"id":"1306feb4","elType":"widget","settings":{"text":"google play","icon_indent":{"unit":"px","size":15},"typography_typography":"custom","typography_font_size":{"unit":"px","size":14},"typography_font_weight":"400","typography_text_transform":"uppercase","button_text_color":"#ffffff","background_color":"rgba(255,255,255,0)","hover_color":"#000000","button_background_hover_color":"#ffffff","button_hover_border_color":"#ffffff","border_border":"solid","border_width":{"unit":"px","top":"1","right":"1","bottom":"1","left":"1","isLinked":true},"border_radius":{"unit":"px","top":"90","right":"90","bottom":"90","left":"90","isLinked":true},"align_mobile":"justify","_margin_mobile":{"unit":"px","top":"7","right":"0","bottom":"0","left":"0","isLinked":false}},"elements":[],"widgetType":"button"}],"isInner":true}],"isInner":true}],"isInner":false}],"isInner":false},{"id":"7f23716b","elType":"section","settings":{"margin":{"unit":"px","top":"-56","right":0,"bottom":"0","left":0,"isLinked":false}},"elements":[{"id":"13db6760","elType":"column","settings":{"_column_size":100},"elements":[{"id":"2acd2e7b","elType":"widget","settings":{"social_icon_list":[{"social":"fa fa-facebook","_id":"f65f8fb","link":{"url":"","is_external":"true","nofollow":""}},{"social":"fa fa-twitter","_id":"5171f2b","link":{"url":"","is_external":"true","nofollow":""}},{"social":"fa fa-google-plus","_id":"86bc1a4","link":{"url":"","is_external":"true","nofollow":""}}],"align":"left","icon_color":"custom","icon_primary_color":"rgba(255,255,255,0)","icon_size":{"unit":"px","size":18},"hover_primary_color":"rgba(0,0,0,0)","hover_animation":"sink","_padding":{"unit":"px","top":"0","right":"0","bottom":"0","left":"20","isLinked":false}},"elements":[],"widgetType":"social-icons"}],"isInner":false}],"isInner":false},{"id":"1b80a445","elType":"section","settings":{"margin":{"unit":"px","top":"-432","right":0,"bottom":"0","left":0,"isLinked":false},"padding":{"unit":"%","top":"0","right":"0","bottom":"0","left":"60","isLinked":false},"margin_mobile":{"unit":"px","top":"-175","right":0,"bottom":"0","left":0,"isLinked":false}},"elements":[{"id":"34133241","elType":"column","settings":{"_column_size":100},"elements":[{"id":"27435e2a","elType":"widget","settings":{"carousel":[{"id":9743,"url":"https:\/\/library.elementor.com\/wp-content\/uploads\/2019\/01\/a5.png"},{"id":9744,"url":"https:\/\/library.elementor.com\/wp-content\/uploads\/2019\/01\/a1.png"},{"id":9745,"url":"https:\/\/library.elementor.com\/wp-content\/uploads\/2019\/01\/a3.png"},{"id":9746,"url":"https:\/\/library.elementor.com\/wp-content\/uploads\/2019\/01\/a2.png"}],"thumbnail_size":"full","slides_to_show":"1","navigation":"none","pause_on_hover":"no","autoplay_speed":3500,"effect":"fade","speed":250,"_animation":"fadeIn","_animation_delay":500},"elements":[],"widgetType":"image-carousel"}],"isInner":false}],"isInner":false}],"page_settings":{"width":{"unit":"px","size":846},"height_type":"custom","height":{"unit":"px","size":948},"height_mobile":{"unit":"px","size":658},"content_position":"center","entrance_animation":"fadeIn","background_background":"classic","background_color":"rgba(255,255,255,0)","background_position":"center center","background_repeat":"no-repeat","background_size":"cover","box_shadow_box_shadow_type":"","overlay_background_color":"rgba(255,255,255,0.55)","close_button_vertical":{"unit":"%","size":17.2},"close_button_vertical_mobile":{"unit":"%","size":19},"close_button_horizontal":{"unit":"%","size":1.5},"close_button_horizontal_mobile":{"unit":"%","size":92},"close_button_color":"rgba(0,0,0,0.28)","close_button_hover_color":"#ffffff","icon_size":{"unit":"px","size":20}}}