{"content":[{"id":"720c9cbe","elType":"section","settings":{"shape_divider_top_color":"#088f9e","shape_divider_top_height":{"unit":"px","size":347},"shape_divider_bottom_color":"#088f9e","shape_divider_bottom_height":{"unit":"px","size":500},"shape_divider_bottom_flip":"yes","margin":{"unit":"px","top":"","right":0,"bottom":"","left":0,"isLinked":true},"padding":{"unit":"px","top":"20","right":"20","bottom":"20","left":"20","isLinked":true},"background_background":"classic","background_overlay_background":"gradient","background_overlay_color":"#088f9e","background_overlay_color_stop":{"unit":"%","size":45},"background_overlay_color_b":"rgba(242,41,91,0)","background_overlay_color_b_stop":{"unit":"%","size":45},"background_overlay_gradient_angle":{"unit":"deg","size":290}},"elements":[{"id":"4cc8b10","elType":"column","settings":{"_column_size":100},"elements":[{"id":"757d4aea","elType":"section","settings":{"height_inner":"min-height","custom_height_inner":{"unit":"px","size":365},"content_position":"middle","background_background":"classic","background_image":{"id":9766,"url":"https:\/\/library.elementor.com\/wp-content\/uploads\/2019\/01\/spa6.png"},"background_position":"center center","background_repeat":"no-repeat","background_size":"cover","background_overlay_background":"gradient","background_overlay_color":"rgba(0,0,0,0.15)","background_overlay_color_stop":{"unit":"%","size":44},"background_overlay_color_b":"rgba(0,0,0,0.15)","background_overlay_color_b_stop":{"unit":"%","size":76},"background_overlay_gradient_angle":{"unit":"deg","size":270},"background_overlay_opacity":{"unit":"px","size":0.57},"box_shadow_box_shadow_type":"yes","box_shadow_box_shadow":{"horizontal":0,"vertical":0,"blur":24,"spread":0,"color":"rgba(0,0,0,0.5)"},"background_position_mobile":"initial","background_xpos_mobile":{"unit":"px","size":-106},"animation":"slideInRight","animation_duration":"slow"},"elements":[{"id":"7805c429","elType":"column","settings":{"_column_size":100,"_inline_size":null,"padding":{"unit":"%","top":"0","right":"7","bottom":"0","left":"50","isLinked":false},"padding_mobile":{"unit":"px","top":"28","right":"28","bottom":"28","left":"28","isLinked":true}},"elements":[{"id":"23512b90","elType":"widget","settings":{"title":"join the family","align":"right","title_color":"#ffffff","typography_typography":"custom","typography_font_family":"Philosopher","typography_font_size":{"unit":"px","size":35},"typography_font_weight":"400","typography_text_transform":"uppercase"},"elements":[],"widgetType":"heading"},{"id":"6242e034","elType":"widget","settings":{"title":"Subscribe to our mailing list and get a special surprise","align":"right","title_color":"#ffffff","typography_typography":"custom","typography_font_size":{"unit":"px","size":20},"typography_font_weight":"300","typography_font_size_mobile":{"unit":"px","size":18},"typography_text_transform":"capitalize"},"elements":[],"widgetType":"heading"},{"id":"1ab88181","elType":"widget","settings":{"form_name":"New Form","form_fields":[{"_id":"email","field_type":"email","required":"true","field_label":"Email","placeholder":"Email","width":"100","min_date":"","max_date":"","field_options":"","allow_multiple":"","select_size":"","inline_list":"","field_html":"","width_tablet":"","width_mobile":"","rows":4,"recaptcha_size":"normal","recaptcha_style":"light","css_classes":"","field_value":"","file_sizes":"","file_types":"","allow_multiple_upload":"","max_files":"","acceptance_text":"","checked_by_default":"","field_min":"","field_max":"","use_native_date":"","use_native_time":""}],"show_labels":"","button_text":"submit","button_align":"end","email_content":"[all-fields]","email_content_2":"[all-fields]","success_message":"The form was sent successfully.","error_message":"An error occured.","required_field_message":"This field is required.","invalid_message":"There's something wrong. The form is invalid.","field_text_color":"#ffffff","field_background_color":"rgba(255,255,255,0)","field_border_color":"#ffffff","field_border_width":{"unit":"px","top":"0","right":"0","bottom":"1","left":"0","isLinked":false},"field_border_radius":{"unit":"px","top":"0","right":"0","bottom":"0","left":"0","isLinked":true},"button_background_color":"#ebce60","button_text_color":"#000000","button_typography_typography":"custom","button_typography_font_weight":"400","button_typography_text_transform":"uppercase","button_text_padding":{"unit":"px","top":"10","right":"50","bottom":"10","left":"50","isLinked":false},"button_background_hover_color":"#ffffff"},"elements":[],"widgetType":"form"}],"isInner":true}],"isInner":true}],"isInner":false}],"isInner":false}],"page_settings":{"width":{"unit":"px","size":815},"vertical_position_mobile":"bottom","entrance_animation":"fadeIn","background_background":"classic","background_color":"rgba(0,0,0,0)","box_shadow_box_shadow_type":"","overlay_background_color":"rgba(255,255,255,0.8)","close_button_vertical":{"unit":"%","size":2},"close_button_color":"#ffffff"}}