{"content":[{"id":"5bb94c3f","elType":"section","settings":{"height":"min-height","background_background":"gradient","background_position":"bottom center","background_size":"contain","background_overlay_background":"gradient","background_overlay_size":"contain","background_overlay_opacity":{"unit":"px","size":1},"css_filters_css_filter":"custom","overlay_blend_mode":"luminosity","border_radius":{"unit":"%","top":"","right":"","bottom":"","left":"","isLinked":true},"shape_divider_bottom_width":{"unit":"%","size":100},"shape_divider_bottom_height":{"unit":"px","size":187},"padding":{"unit":"px","top":"20","right":"165","bottom":"20","left":"20","isLinked":false},"custom_height":{"unit":"vh","size":100},"background_color":"rgba(255,255,255,0)","background_color_stop":{"unit":"%","size":30},"background_color_b":"#ffed2d","background_color_b_stop":{"unit":"%","size":30},"background_gradient_angle":{"unit":"deg","size":265},"padding_mobile":{"unit":"px","top":"0","right":"120","bottom":"0","left":"0","isLinked":false}},"elements":[{"id":"173147a2","elType":"column","settings":{"_column_size":100},"elements":[{"id":"43be000b","elType":"widget","settings":{"image":{"id":11400,"url":"https:\/\/library.elementor.com\/wp-content\/uploads\/2019\/01\/Love-Mail.png"},"align":"left","width":{"unit":"px","size":87}},"elements":[],"widgetType":"image"},{"id":"7d9fddad","elType":"widget","settings":{"title":"ARE YOU IN?","header_size":"h1","align":"left","title_color":"#000000","typography_typography":"custom","typography_font_family":"Viga","typography_font_size":{"unit":"px","size":38},"typography_font_size_mobile":{"unit":"px","size":24},"typography_font_weight":"200","typography_text_transform":"uppercase","_padding":{"unit":"px","top":"0","right":"0","bottom":"5","left":"0","isLinked":false}},"elements":[],"widgetType":"heading"},{"id":"56ffdb03","elType":"widget","settings":{"editor":"<p><span style=\"font-weight: 400;\">40,000 subscribers already enjoy our premium stuff. <\/span><\/p>","align":"left","align_mobile":"left","text_color":"#000000","typography_typography":"custom","typography_font_family":"Viga","typography_font_size":{"unit":"px","size":23},"typography_font_size_mobile":{"unit":"px","size":16},"typography_text_transform":"capitalize","typography_letter_spacing":{"unit":"px","size":0.5},"_padding":{"unit":"%","top":"0","right":"0","bottom":"5","left":"0","isLinked":false}},"elements":[],"widgetType":"text-editor"},{"id":"2975e28f","elType":"widget","settings":{"style":"double","weight":{"unit":"px","size":4},"color":"#000000","width":{"unit":"%","size":20}},"elements":[],"widgetType":"divider"},{"id":"138a5e75","elType":"widget","settings":{"editor":"<p><span style=\"font-weight: 400;\">Subscribe now<\/span><\/p>","align":"left","align_mobile":"left","text_color":"#000000","typography_typography":"custom","typography_font_family":"Viga","typography_font_size":{"unit":"px","size":18},"typography_font_size_mobile":{"unit":"px","size":16},"typography_text_transform":"capitalize","typography_letter_spacing":{"unit":"px","size":0.5},"_padding":{"unit":"%","top":"","right":"","bottom":"","left":"","isLinked":true},"typography_font_weight":"100"},"elements":[],"widgetType":"text-editor"},{"id":"ff87c1f","elType":"widget","settings":{"form_name":"New Form","form_fields":[{"_id":"email","field_type":"email","required":"true","field_label":"Email","placeholder":"Email","width":"100","min_date":"","max_date":"","field_options":"","allow_multiple":"","select_size":"","inline_list":"","field_html":"","width_tablet":"","width_mobile":"","rows":4,"recaptcha_size":"normal","recaptcha_style":"light","css_classes":"","field_value":"","file_sizes":"","file_types":"","allow_multiple_upload":"","max_files":"","acceptance_text":"","checked_by_default":"","field_min":"","field_max":"","use_native_date":"","use_native_time":"","custom_id":"email","recaptcha_badge":"bottomright"}],"show_labels":"","button_text":"send","email_content":"[all-fields]","email_content_2":"[all-fields]","success_message":"The form was sent successfully.","error_message":"An error occured.","required_field_message":"This field is required.","invalid_message":"There's something wrong. The form is invalid.","row_gap":{"unit":"px","size":0},"label_color":"#000000","label_typography_typography":"custom","field_text_color":"#000000","field_border_width":{"unit":"px","top":"0","right":"0","bottom":"0","left":"0","isLinked":true},"field_border_radius":{"unit":"px","top":"0","right":"0","bottom":"0","left":"0","isLinked":true},"button_background_color":"#000000","button_text_color":"#ffffff","button_typography_typography":"custom","button_typography_text_transform":"uppercase","button_typography_letter_spacing":{"unit":"px","size":1},"button_border_radius":{"unit":"px","top":"0","right":"0","bottom":"0","left":"0","isLinked":true},"button_text_padding":{"unit":"px","top":"13","right":"13","bottom":"13","left":"13","isLinked":true},"_margin_mobile":{"unit":"px","top":"0","right":"0","bottom":"0","left":"0","isLinked":false},"_padding":{"unit":"%","top":"","right":"","bottom":"","left":"","isLinked":true},"_padding_mobile":{"unit":"px","top":"0","right":"0","bottom":"0","left":"0","isLinked":false},"button_background_hover_color":"#494949"},"elements":[],"widgetType":"form"}],"isInner":false}],"isInner":false}],"page_settings":{"width":{"unit":"px","size":"500","sizes":[]},"width_mobile":{"unit":"px","size":"340","sizes":[]},"height_type":"fit_to_screen","content_position":"center","horizontal_position":"left","entrance_animation":"slideInLeft","background_background":"classic","background_color":"rgba(255,237,45,0)","background_position":"bottom center","background_repeat":"no-repeat","background_size":"contain","border_radius":{"unit":"px","top":"","right":"","bottom":"","left":"","isLinked":"1","size":"0"},"box_shadow_box_shadow_type":"","overlay_background_color":"rgba(0,0,0,0.6)","close_button_horizontal":{"unit":"%","size":"88.9","sizes":[]},"icon_size":{"unit":"px","size":"23","sizes":[]}}}