{"content":[{"id":"587be9b2","elType":"section","settings":{"gap":"wider","content_position":"middle","structure":"20","margin_tablet":{"unit":"px","top":"","right":0,"bottom":"","left":0,"isLinked":true},"margin_mobile":{"unit":"px","top":"","right":0,"bottom":"","left":0,"isLinked":true},"reverse_order_tablet":"reverse-tablet","reverse_order_mobile":"reverse-mobile"},"elements":[{"id":"12eddedb","elType":"column","settings":{"_column_size":50,"_inline_size":44.248,"_inline_size_tablet":100,"padding":{"unit":"px","top":"70","right":"70","bottom":"70","left":"70","isLinked":true},"padding_tablet":{"unit":"px","top":"20","right":"118","bottom":"0","left":"118","isLinked":false},"padding_mobile":{"unit":"px","top":"0","right":"50","bottom":"0","left":"50","isLinked":false}},"elements":[{"id":"446c95d3","elType":"widget","settings":{"image":{"id":10847,"url":"https:\/\/library.elementor.com\/wp-content\/uploads\/2019\/01\/logo1.png"},"image_size":"full","align":"center","width":{"unit":"px","size":296},"space":{"unit":"%","size":100},"width_mobile":{"unit":"px","size":231}},"elements":[],"widgetType":"image"},{"id":"72362f70","elType":"widget","settings":{"editor":"<p>Click edit button to change this text. Lorem ipsum dolor sit amet, consectetur adipiscing elit. Ut elit tellus, luctus nec ullamcorper mattis, pulvinar dapibus leo.<\/p>","text_color":"#3f3d56","typography_typography":"custom","typography_font_family":"Roboto","typography_font_size":{"unit":"px","size":15},"typography_font_size_mobile":{"unit":"px","size":14},"typography_font_weight":"300","align_mobile":"center"},"elements":[],"widgetType":"text-editor"},{"id":"36c73046","elType":"widget","settings":{"form_name":"New Form","form_fields":[{"_id":"name","field_type":"text","field_label":"","placeholder":"Full Name","width":"100","required":"","min_date":"","max_date":"","field_options":"","allow_multiple":"","select_size":"","inline_list":"","field_html":"","width_tablet":"","width_mobile":"","rows":4,"recaptcha_size":"normal","recaptcha_style":"light","css_classes":"","field_value":"","file_sizes":"","file_types":"","allow_multiple_upload":"","max_files":"","acceptance_text":"","checked_by_default":"","field_min":"","field_max":"","use_native_date":"","use_native_time":""},{"_id":"email","field_type":"email","required":"true","field_label":"","placeholder":"Email","width":"100","min_date":"","max_date":"","field_options":"","allow_multiple":"","select_size":"","inline_list":"","field_html":"","width_tablet":"","width_mobile":"","rows":4,"recaptcha_size":"normal","recaptcha_style":"light","css_classes":"","field_value":"","file_sizes":"","file_types":"","allow_multiple_upload":"","max_files":"","acceptance_text":"","checked_by_default":"","field_min":"","field_max":"","use_native_date":"","use_native_time":""},{"_id":"message","field_type":"number","field_label":"","placeholder":"Phone Number","width":"100","required":"","min_date":"","max_date":"","field_options":"","allow_multiple":"","select_size":"","inline_list":"","field_html":"","width_tablet":"","width_mobile":"","rows":4,"recaptcha_size":"normal","recaptcha_style":"light","css_classes":"","field_value":"","file_sizes":"","file_types":"","allow_multiple_upload":"","max_files":"","acceptance_text":"","checked_by_default":"","field_min":"","field_max":"","use_native_date":"","use_native_time":""}],"button_text":"Count me in!","email_content":"[all-fields]","email_content_2":"[all-fields]","success_message":"The form was sent successfully.","error_message":"An error occured.","required_field_message":"This field is required.","invalid_message":"There's something wrong. The form is invalid.","label_color":"#3f3d56","label_typography_typography":"custom","label_typography_font_family":"Roboto","field_text_color":"#3f3d56","field_typography_typography":"custom","field_typography_font_family":"Roboto","field_typography_font_size_mobile":{"unit":"px","size":13},"field_typography_font_weight":"300","field_background_color":"#f2f2f2","field_border_width":{"unit":"px","top":"0","right":"0","bottom":"0","left":"0","isLinked":true},"field_border_radius":{"unit":"px","top":"0","right":"0","bottom":"0","left":"0","isLinked":true},"button_background_color":"#009688","button_text_color":"#ffffff","button_typography_typography":"custom","button_typography_font_family":"Gloria Hallelujah","button_typography_font_size":{"unit":"px","size":25},"button_typography_font_size_mobile":{"unit":"px","size":18},"button_typography_font_weight":"normal","button_background_hover_color":"#f86d70","button_hover_color":"#ffffff"},"elements":[],"widgetType":"form"}],"isInner":false},{"id":"57e0366","elType":"column","settings":{"_column_size":50,"_inline_size":55.752,"_inline_size_tablet":100,"margin_tablet":{"unit":"px","top":"0","right":"0","bottom":"0","left":"0","isLinked":true},"padding_tablet":{"unit":"px","top":"0","right":"0","bottom":"0","left":"0","isLinked":true}},"elements":[{"id":"3aacae79","elType":"widget","settings":{"image":{"id":10848,"url":"https:\/\/library.elementor.com\/wp-content\/uploads\/2019\/01\/people1.gif"},"image_size":"full","width_tablet":{"unit":"%","size":68}},"elements":[],"widgetType":"image"}],"isInner":false}],"isInner":false}],"page_settings":{"width":{"unit":"vw","size":100},"height_type":"fit_to_screen","content_position":"center","horizontal_position_tablet":"center","horizontal_position_mobile":"center","vertical_position_tablet":"top","vertical_position_mobile":"center"}}