{"content":[{"id":"2882d781","elType":"section","settings":{"padding":{"unit":"%","top":"0","right":"46","bottom":"0","left":"6","isLinked":false},"margin":{"unit":"px","top":"100","right":0,"bottom":"0","left":0,"isLinked":false},"margin_tablet":{"unit":"px","top":"250","right":0,"bottom":"0","left":0,"isLinked":false},"margin_mobile":{"unit":"px","top":"15","right":0,"bottom":"0","left":0,"isLinked":false},"padding_mobile":{"unit":"px","top":"0","right":"100","bottom":"0","left":"10","isLinked":false}},"elements":[{"id":"d64db43","elType":"column","settings":{"_column_size":100},"elements":[{"id":"25245a97","elType":"widget","settings":{"icon":"fa fa-calendar","view":"stacked","shape":"square","title_text":"when","description_text":"november 10","position":"left","primary_color":"#4285f4","icon_size":{"unit":"px","size":26},"content_vertical_alignment":"bottom","text_align":"left","title_bottom_space":{"unit":"px","size":0},"title_color":"#4285f4","title_typography_typography":"custom","title_typography_font_size":{"unit":"px","size":17},"title_typography_font_weight":"400","title_typography_text_transform":"uppercase","description_color":"#54595f","description_typography_typography":"custom","description_typography_font_size":{"unit":"px","size":17},"description_typography_text_transform":"uppercase","icon_space_mobile":{"unit":"px","size":0},"icon_size_mobile":{"unit":"px","size":20},"_animation":"fadeIn","_animation_delay":200},"elements":[],"widgetType":"icon-box"},{"id":"1736a4c7","elType":"widget","settings":{"style":"dashed","gap_mobile":{"unit":"px","size":0},"_animation":"fadeIn","_animation_delay":300},"elements":[],"widgetType":"divider"},{"id":"9bfa29d","elType":"widget","settings":{"icon":"fa fa-clock-o","view":"stacked","shape":"square","title_text":"time","description_text":"start 19:00","position":"left","primary_color":"#4285f4","icon_size":{"unit":"px","size":26},"content_vertical_alignment":"bottom","text_align":"left","title_bottom_space":{"unit":"px","size":0},"title_color":"#4285f4","title_typography_typography":"custom","title_typography_font_size":{"unit":"px","size":17},"title_typography_font_weight":"400","title_typography_text_transform":"uppercase","description_color":"#54595f","description_typography_typography":"custom","description_typography_font_size":{"unit":"px","size":17},"description_typography_text_transform":"uppercase","icon_size_mobile":{"unit":"px","size":18},"_animation":"fadeIn","_animation_delay":400},"elements":[],"widgetType":"icon-box"},{"id":"98604e9","elType":"widget","settings":{"style":"dashed","gap_mobile":{"unit":"px","size":0},"_animation":"fadeIn","_animation_delay":500},"elements":[],"widgetType":"divider"},{"id":"539652d6","elType":"widget","settings":{"icon":"fa fa-exclamation","view":"stacked","shape":"square","title_text":"other stuff","description_text":"you should know","position":"left","primary_color":"#4285f4","icon_size":{"unit":"px","size":26},"content_vertical_alignment":"bottom","text_align":"left","title_bottom_space":{"unit":"px","size":0},"title_color":"#4285f4","title_typography_typography":"custom","title_typography_font_size":{"unit":"px","size":17},"title_typography_font_weight":"400","title_typography_text_transform":"uppercase","description_color":"#54595f","description_typography_typography":"custom","description_typography_font_size":{"unit":"px","size":17},"description_typography_text_transform":"uppercase","icon_size_mobile":{"unit":"px","size":18},"_animation":"fadeIn","_animation_delay":600},"elements":[],"widgetType":"icon-box"},{"id":"27e0b960","elType":"widget","settings":{"tabs":[{"tab_title":"transportation","tab_content":"<p>Click edit button to change this text. Lorem ipsum dolor sit amet, consectetur adipiscing elit. Ut elit tellus, luctus nec ullamcorper mattis, pulvinar dapibus leo.<\/p>","_id":"b321126"},{"tab_title":"dress code","tab_content":"<p>Click edit button to change this text. Lorem ipsum dolor sit amet, consectetur adipiscing elit. Ut elit tellus, luctus nec ullamcorper mattis, pulvinar dapibus leo.<\/p>","_id":"2005187"},{"tab_title":"regulations","tab_content":"<p>Click edit button to change this text. Lorem ipsum dolor sit amet, consectetur adipiscing elit. Ut elit tellus, luctus nec ullamcorper mattis, pulvinar dapibus leo.<\/p>","_id":"799aa41"}],"title_color":"#54595f","title_typography_typography":"custom","title_typography_font_size":{"unit":"px","size":15},"title_typography_font_weight":"400","title_typography_text_transform":"uppercase","icon_align":"","icon_color":"#4285f4","_animation":"fadeIn","_animation_delay":700},"elements":[],"widgetType":"toggle"}],"isInner":false}],"isInner":false}],"page_settings":{"width":{"unit":"px","size":600},"height_type":"fit_to_screen","horizontal_position":"left","entrance_animation":"slideInLeft","background_background":"classic","background_color":"rgba(0,0,0,0)","background_image":{"url":"https:\/\/library.elementor.com\/wp-content\/uploads\/2019\/01\/dig1.png","id":10851},"background_position":"initial","background_position_tablet":"initial","background_position_mobile":"initial","background_xpos_mobile":{"unit":"px","size":-122},"background_ypos_tablet":{"unit":"px","size":116},"background_ypos_mobile":{"unit":"px","size":-146},"background_repeat":"no-repeat","background_size":"cover","background_size_tablet":"cover","background_size_mobile":"auto","background_bg_width":{"unit":"%","size":95},"box_shadow_box_shadow_type":"","overlay_background_color":"rgba(255,255,255,0.9)","close_button_vertical_tablet":{"unit":"%","size":30.5},"close_button_vertical_mobile":{"unit":"%","size":2.5},"close_button_horizontal_mobile":{"unit":"%","size":3},"icon_size_mobile":{"unit":"px","size":27}}}