{"content":[{"id":"6a5b0fd","elType":"section","settings":{"gap":"no","height":"min-height","custom_height":{"unit":"px","size":499},"column_position":"stretch","content_position":"middle","structure":"20","background_background":"classic","background_position":"center center","background_size":"cover"},"elements":[{"id":"4faa2b08","elType":"column","settings":{"_column_size":50,"_inline_size":26.749},"elements":[],"isInner":false},{"id":"7c6e136","elType":"column","settings":{"_column_size":50,"_inline_size":73.251,"background_background":"classic","background_image":{"id":9849,"url":"https:\/\/library.elementor.com\/wp-content\/uploads\/2019\/01\/troper_bg.png"},"padding":{"unit":"px","top":"0","right":"0","bottom":"0","left":"165","isLinked":false}},"elements":[{"id":"2a31565e","elType":"widget","settings":{"title":"s-<br>tro<br>oper","title_color":"#000000","typography_typography":"custom","typography_font_family":"Bungee Shade","typography_font_size":{"unit":"px","size":80},"typography_font_size_mobile":{"unit":"px","size":51},"text_shadow_text_shadow_type":"yes","text_shadow_text_shadow":{"horizontal":4,"vertical":4,"blur":100,"color":"#ffc300"},"_padding_mobile":{"unit":"px","top":"0","right":"0","bottom":"0","left":"0","isLinked":false}},"elements":[],"widgetType":"heading"},{"id":"96b7060","elType":"widget","settings":{"title":"your unique<br>star wars lego","title_color":"#000000","typography_typography":"custom","typography_font_size":{"unit":"px","size":25},"typography_font_size_mobile":{"unit":"px","size":20},"typography_font_weight":"300","typography_text_transform":"uppercase"},"elements":[],"widgetType":"heading"},{"id":"25929ec9","elType":"widget","settings":{"text":"buy now $15","typography_typography":"custom","typography_text_transform":"capitalize","button_text_color":"#dd0200","background_color":"#fede00","hover_color":"#fede00","button_background_hover_color":"#dd0200","border_radius":{"unit":"px","top":"100","right":"100","bottom":"100","left":"100","isLinked":true},"_margin":{"unit":"px","top":"30","right":"0","bottom":"0","left":"0","isLinked":false},"_z_index":2},"elements":[],"widgetType":"button"}],"isInner":false}],"isInner":false},{"id":"7ae3d664","elType":"section","settings":{"gap":"no","height":"min-height","custom_height":{"unit":"px","size":607},"background_background":"classic","background_position":"center center","background_size":"cover"},"elements":[{"id":"2fd54bac","elType":"column","settings":{"_column_size":100,"_inline_size":null},"elements":[{"id":"209f1bbf","elType":"widget","settings":{"image":{"id":9850,"url":"https:\/\/library.elementor.com\/wp-content\/uploads\/2019\/01\/troper.png"},"image_size":"full","width":{"unit":"px","size":300},"width_mobile":{"unit":"px","size":238},"_margin":{"unit":"px","top":"-730","right":"0","bottom":"0","left":"-307","isLinked":false},"_margin_mobile":{"unit":"px","top":"-623","right":"0","bottom":"0","left":"-191","isLinked":false},"_animation":"fadeIn","_animation_delay":800},"elements":[],"widgetType":"image"}],"isInner":false}],"isInner":false}],"page_settings":{"width":{"unit":"px","size":616},"height_type":"custom","height":{"unit":"px","size":540},"horizontal_position":"right","entrance_animation":"slideInRight","background_background":"classic","background_color":"rgba(0,0,0,0)","background_size":"cover","box_shadow_box_shadow_type":"","overlay_background_color":"rgba(255,255,255,0.51)","close_button_vertical_mobile":{"unit":"%","size":24.2},"close_button_color":"#000000"}}