{"content":[{"id":"65cd74b7","elType":"section","settings":{"height":"min-height","custom_height":{"unit":"vh","size":100},"column_position":"stretch","content_position":"middle","background_background":"classic","background_image":{"id":9861,"url":"https:\/\/library.elementor.com\/wp-content\/uploads\/2019\/01\/winery-1.png"},"background_position":"center center","background_repeat":"no-repeat","background_size":"cover","background_overlay_background":"classic","background_overlay_color":"#ad002b","background_overlay_opacity":{"unit":"px","size":0.4}},"elements":[{"id":"10cb508e","elType":"column","settings":{"_column_size":100},"elements":[{"id":"69804c07","elType":"section","settings":{"content_position":"middle","structure":"30","margin":{"unit":"px","top":"-15","right":0,"bottom":"0","left":0,"isLinked":false}},"elements":[{"id":"5f5db0fa","elType":"column","settings":{"_column_size":33,"_inline_size":null},"elements":[{"id":"2240f484","elType":"widget","settings":{"style":"dashed","weight":{"unit":"px","size":2},"color":"#edcd00"},"elements":[],"widgetType":"divider"}],"isInner":true},{"id":"7f972034","elType":"column","settings":{"_column_size":33,"_inline_size":null},"elements":[{"id":"195a7c25","elType":"widget","settings":{"title":"premium","align":"center","title_color":"#ffffff","typography_typography":"custom","typography_font_size":{"unit":"px","size":27},"typography_font_weight":"400","typography_text_transform":"uppercase","_z_index":2,"typography_font_size_mobile":{"unit":"px","size":25}},"elements":[],"widgetType":"heading"}],"isInner":true},{"id":"53e03208","elType":"column","settings":{"_column_size":33,"_inline_size":null},"elements":[{"id":"7de82ad5","elType":"widget","settings":{"style":"dashed","weight":{"unit":"px","size":2},"color":"#edcd00"},"elements":[],"widgetType":"divider"}],"isInner":true}],"isInner":true},{"id":"6625d320","elType":"widget","settings":{"title":"vision","align":"center","title_color":"#ffffff","typography_typography":"custom","typography_font_family":"Amita","typography_font_size":{"unit":"px","size":91},"typography_font_weight":"400","typography_text_transform":"uppercase","text_shadow_text_shadow_type":"yes","text_shadow_text_shadow":{"horizontal":0,"vertical":0,"blur":21,"color":"rgba(0,0,0,0.3)"},"_margin":{"unit":"px","top":"0","right":"0","bottom":"0","left":"0","isLinked":false},"_z_index":2,"typography_font_size_mobile":{"unit":"px","size":82},"_animation":"zoomIn","_animation_delay":500},"elements":[],"widgetType":"heading"},{"id":"2b6d6285","elType":"widget","settings":{"image":{"id":9860,"url":"https:\/\/library.elementor.com\/wp-content\/uploads\/2019\/01\/wine_b.png"},"image_size":"full","width":{"unit":"px","size":198},"width_mobile":{"unit":"px","size":157},"_margin":{"unit":"px","top":"-220","right":"0","bottom":"0","left":"0","isLinked":false}},"elements":[],"widgetType":"image"},{"id":"527510cd","elType":"section","settings":{"content_position":"middle","structure":"30","margin":{"unit":"px","top":"-164","right":0,"bottom":"0","left":0,"isLinked":false},"margin_mobile":{"unit":"px","top":"-195","right":0,"bottom":"0","left":0,"isLinked":false}},"elements":[{"id":"422c6c07","elType":"column","settings":{"_column_size":33,"_inline_size":38},"elements":[{"id":"495c523f","elType":"widget","settings":{"style":"dashed","weight":{"unit":"px","size":2},"color":"#edcd00","gap_mobile":{"unit":"px","size":0}},"elements":[],"widgetType":"divider"}],"isInner":true},{"id":"231b3ab6","elType":"column","settings":{"_column_size":33,"_inline_size":23.996},"elements":[{"id":"71a57995","elType":"widget","settings":{"title":"$75","align":"center","title_color":"#edcd00","typography_typography":"custom","typography_font_size":{"unit":"px","size":45},"typography_font_family":"Amita"},"elements":[],"widgetType":"heading"}],"isInner":true},{"id":"2434e3a6","elType":"column","settings":{"_column_size":33,"_inline_size":38},"elements":[{"id":"55c3f916","elType":"widget","settings":{"style":"dashed","weight":{"unit":"px","size":2},"color":"#edcd00","gap_mobile":{"unit":"px","size":0}},"elements":[],"widgetType":"divider"}],"isInner":true}],"isInner":true},{"id":"69e1b9f5","elType":"section","settings":{"structure":"30","margin":{"unit":"px","top":"80","right":0,"bottom":"0","left":0,"isLinked":false},"margin_mobile":{"unit":"px","top":"63","right":0,"bottom":"0","left":0,"isLinked":false}},"elements":[{"id":"4fff31fb","elType":"column","settings":{"_column_size":33,"_inline_size":30,"_inline_size_mobile":33,"border_border":"dashed","border_width":{"unit":"px","top":"0","right":"2","bottom":"0","left":"0","isLinked":false},"border_color":"#edcd00"},"elements":[{"id":"78181af8","elType":"widget","settings":{"title":"2012","align":"center","title_color":"#ffffff","typography_typography":"custom","typography_font_size":{"unit":"px","size":16},"typography_font_weight":"400"},"elements":[],"widgetType":"heading"}],"isInner":true},{"id":"681c7262","elType":"column","settings":{"_column_size":33,"_inline_size":39.332,"_inline_size_mobile":33},"elements":[{"id":"1046fac7","elType":"widget","settings":{"title":"award winning","align":"center","title_color":"#ffffff","typography_typography":"custom","typography_font_size":{"unit":"px","size":16},"typography_font_weight":"400","typography_text_transform":"uppercase"},"elements":[],"widgetType":"heading"}],"isInner":true},{"id":"3d75535","elType":"column","settings":{"_column_size":33,"_inline_size":30,"_inline_size_mobile":33,"border_border":"dashed","border_width":{"unit":"px","top":"0","right":"0","bottom":"0","left":"2","isLinked":false},"border_color":"#edcd00"},"elements":[{"id":"1d1d21bf","elType":"widget","settings":{"title":"red dry","align":"center","title_color":"#ffffff","typography_typography":"custom","typography_font_size":{"unit":"px","size":16},"typography_font_weight":"400","typography_text_transform":"uppercase"},"elements":[],"widgetType":"heading"}],"isInner":true}],"isInner":true}],"isInner":false}],"isInner":false}],"page_settings":{"width":{"unit":"px","size":450},"height_mobile":{"unit":"vh","size":100},"horizontal_position":"left","entrance_animation":"slideInLeft","background_background":"classic","background_position":"center center","background_repeat":"no-repeat","background_size":"cover"}}