{"content":[{"id":"6229ea47","elType":"section","settings":{"content_position":"middle","structure":"30"},"elements":[{"id":"6818fd13","elType":"column","settings":{"_column_size":33,"_inline_size":null,"margin":{"unit":"px","top":"0","right":"0","bottom":"0","left":"0","isLinked":true},"padding":{"unit":"px","top":"0","right":"0","bottom":"0","left":"0","isLinked":false}},"elements":[{"id":"29966c67","elType":"section","settings":{"padding":{"unit":"%","top":"3","right":"0","bottom":"2","left":"0","isLinked":false},"margin":{"unit":"px","top":"0","right":0,"bottom":"0","left":0,"isLinked":true}},"elements":[{"id":"5f1074d3","elType":"column","settings":{"_column_size":100,"_inline_size":null,"background_background":"classic","background_color":"#fe5a87","box_shadow_box_shadow_type":"yes","box_shadow_box_shadow":{"horizontal":0,"vertical":0,"blur":36,"spread":0,"color":"rgba(0,0,0,0.5)"}},"elements":[{"id":"71a793af","elType":"widget","settings":{"title":"summer rush","align":"center","title_color":"#ffffff","typography_typography":"custom","typography_font_family":"Scope One","typography_font_size":{"unit":"px","size":46},"typography_font_size_tablet":{"unit":"px","size":33},"typography_font_size_mobile":{"unit":"px","size":41},"typography_font_weight":"300","typography_text_transform":"capitalize"},"elements":[],"widgetType":"heading"}],"isInner":true}],"isInner":true}],"isInner":false},{"id":"6d6a2bfc","elType":"column","settings":{"_column_size":33,"_inline_size":44.488,"_inline_size_tablet":40,"_inline_size_mobile":100,"content_position":"center"},"elements":[{"id":"badb8d8","elType":"widget","settings":{"title":"there is a <strong>new flavor<\/strong> in town","align":"right","title_color":"#54595f","typography_typography":"custom","typography_font_size":{"unit":"px","size":26},"typography_font_size_tablet":{"unit":"px","size":17},"typography_font_size_mobile":{"unit":"px","size":30},"typography_font_weight":"300","typography_text_transform":"uppercase","_margin":{"unit":"px","top":"5","right":"0","bottom":"0","left":"0","isLinked":false},"align_mobile":"center"},"elements":[],"widgetType":"heading"},{"id":"276e054a","elType":"widget","settings":{"title":"be the first  to taste it","align":"right","title_color":"#54595f","typography_typography":"custom","typography_font_family":"Scope One","typography_font_size":{"unit":"px","size":25},"typography_font_weight":"300","_margin_mobile":{"unit":"px","top":"-13","right":"0","bottom":"0","left":"0","isLinked":false},"typography_font_size_tablet":{"unit":"px","size":22},"_margin":{"unit":"px","top":"-15","right":"0","bottom":"0","left":"0","isLinked":false},"align_mobile":"center"},"elements":[],"widgetType":"heading"}],"isInner":false},{"id":"df9f6dc","elType":"column","settings":{"_column_size":33,"_inline_size":22.176,"_inline_size_tablet":25,"_inline_size_mobile":100,"content_position":"center"},"elements":[{"id":"39e40ce8","elType":"widget","settings":{"text":"click and lick","align":"center","typography_typography":"custom","typography_font_weight":"400","typography_text_transform":"uppercase","button_text_color":"#000000","background_color":"#f8e71c","hover_color":"#ffffff","button_background_hover_color":"#000000","border_radius":{"unit":"px","top":"0","right":"0","bottom":"0","left":"0","isLinked":true},"typography_font_size_tablet":{"unit":"px","size":14},"_animation":"fadeIn","_animation_delay":1100},"elements":[],"widgetType":"button"}],"isInner":false}],"isInner":false}],"page_settings":{"width":{"unit":"vw","size":100},"vertical_position":"top","entrance_animation":"bounceInDown","background_background":"classic","background_image":{"url":"https:\/\/library.elementor.com\/wp-content\/uploads\/2019\/01\/hello_rush.png","id":9871},"background_position":"center center","background_position_mobile":"center left","background_repeat":"no-repeat","background_size":"cover","background_size_mobile":"cover"}}