{"content":[{"id":"4922a70d","elType":"section","settings":{"content_position":"middle","structure":"30"},"elements":[{"id":"4cc20556","elType":"column","settings":{"_column_size":33,"_inline_size":44.035,"_inline_size_tablet":35},"elements":[{"id":"1f03f6b","elType":"widget","settings":{"title":"special offer!","title_color":"#ffffff","typography_typography":"custom","typography_font_family":"Ledger","typography_font_size":{"unit":"px","size":50},"typography_text_transform":"uppercase","typography_font_size_mobile":{"unit":"px","size":36}},"elements":[],"widgetType":"heading"}],"isInner":false},{"id":"758364f4","elType":"column","settings":{"_column_size":33,"_inline_size":39.825,"_inline_size_tablet":35},"elements":[{"id":"75fc157d","elType":"widget","settings":{"title":"Extra-Virgin Olive Oil","align":"left","title_color":"#ffffff","typography_typography":"custom","typography_font_family":"Julius Sans One","typography_font_size":{"unit":"px","size":35},"typography_font_size_tablet":{"unit":"px","size":35},"typography_font_size_mobile":{"unit":"px","size":21},"typography_font_weight":"200"},"elements":[],"widgetType":"heading"}],"isInner":false},{"id":"16fa5abc","elType":"column","settings":{"_column_size":33,"_inline_size":16.136,"_inline_size_tablet":30},"elements":[{"id":"7a48d3df","elType":"widget","settings":{"text":"only $19","align":"justify","align_mobile":"left","typography_typography":"custom","typography_font_size":{"unit":"px","size":18},"typography_text_transform":"uppercase","button_text_color":"#000000","background_color":"#fff600","border_radius":{"unit":"px","top":"100","right":"100","bottom":"100","left":"100","isLinked":true},"button_box_shadow_box_shadow_type":"yes","button_box_shadow_box_shadow":{"horizontal":0,"vertical":7,"blur":16,"spread":0,"color":"rgba(0,0,0,0.5)"},"_margin":{"unit":"px","top":"-53","right":"0","bottom":"0","left":"0","isLinked":false},"_margin_tablet":{"unit":"px","top":"0","right":"0","bottom":"0","left":"0","isLinked":false},"_padding_tablet":{"unit":"px","top":"0","right":"20","bottom":"0","left":"0","isLinked":false},"_animation":"fadeIn","_animation_delay":600},"elements":[],"widgetType":"button"}],"isInner":false}],"isInner":false}],"page_settings":{"width":{"unit":"vw","size":100},"height_type":"custom","height":{"unit":"px","size":113},"height_tablet":{"unit":"px","size":172},"height_mobile":{"unit":"px","size":268},"content_position":"bottom","vertical_position":"bottom","entrance_animation":"slideInUp","background_background":"classic","background_color":"rgba(0,0,0,0)","background_image":{"url":"https:\/\/library.elementor.com\/wp-content\/uploads\/2019\/01\/olive_oil1.png","id":10853},"background_position":"bottom center","background_repeat":"no-repeat","background_size":"cover","box_shadow_box_shadow_type":"","close_button_vertical":{"unit":"%","size":18.7},"close_button_vertical_mobile":{"unit":"%","size":14.6},"close_button_color":"#ffffff"}}