{"content":[{"id":"518c7c12","elType":"section","settings":{"content_position":"middle","margin":{"unit":"px","top":"0","right":0,"bottom":"0","left":0,"isLinked":false},"margin_mobile":{"unit":"px","top":"","right":0,"bottom":"","left":0,"isLinked":true},"reverse_order_mobile":"reverse-mobile","_title":"teddy"},"elements":[{"id":"15ac99a7","elType":"column","settings":{"_column_size":100,"_inline_size":null,"z_index":0},"elements":[{"id":"61e4b7d0","elType":"widget","settings":{"image":{"id":10857,"url":"https:\/\/library.elementor.com\/wp-content\/uploads\/2019\/01\/teddy2.png"},"image_size":"full","align":"right","width":{"unit":"%","size":46},"width_tablet":{"unit":"%","size":50},"width_mobile":{"unit":"px","size":206},"space_mobile":{"unit":"%","size":100},"_padding_tablet":{"unit":"px","top":"20","right":"0","bottom":"0","left":"15","isLinked":false},"align_mobile":"center"},"elements":[],"widgetType":"image"}],"isInner":false}],"isInner":false},{"id":"6f38dd73","elType":"section","settings":{"structure":"20","margin":{"unit":"px","top":"-510","right":0,"bottom":"0","left":0,"isLinked":false},"margin_mobile":{"unit":"px","top":"0","right":0,"bottom":"0","left":0,"isLinked":false},"padding":{"unit":"px","top":"0","right":"0","bottom":"0","left":"0","isLinked":false},"padding_mobile":{"unit":"px","top":"0","right":"25","bottom":"0","left":"25","isLinked":false},"margin_tablet":{"unit":"px","top":"-415","right":0,"bottom":"0","left":0,"isLinked":false}},"elements":[{"id":"6270d173","elType":"column","settings":{"_column_size":50,"_inline_size":61.842,"margin_tablet":{"unit":"px","top":"0","right":"0","bottom":"0","left":"0","isLinked":false},"margin_mobile":{"unit":"px","top":"0","right":"0","bottom":"0","left":"0","isLinked":false},"padding":{"unit":"px","top":"0","right":"0","bottom":"0","left":"046","isLinked":false},"padding_mobile":{"unit":"px","top":"0","right":"0","bottom":"0","left":"0","isLinked":false},"z_index":1},"elements":[{"id":"e816bb6","elType":"widget","settings":{"title":"Looking for Tall, Dark & Handsome?","align":"center","title_color":"#000000","typography_typography":"custom","typography_font_family":"Abril Fatface","typography_font_size":{"unit":"px","size":70},"typography_font_size_tablet":{"unit":"px","size":45},"typography_font_size_mobile":{"unit":"px","size":34},"typography_font_weight":"normal","typography_line_height_tablet":{"unit":"em","size":1.2}},"elements":[],"widgetType":"heading"},{"id":"1d91a30a","elType":"widget","settings":{"editor":"<p>Lorem ipsum dolor sit amet, consectetuer adipiscing elit, sed diam nonummy nibh euismod tincidunt ut laoreet dolore magna aliquam erat volutpat. Ut wisi enim ad minim veniam, quis nostrud exerci tation ullamcorper suscipit lobortis nisl ut aliquip ex.<\/p>","align":"center","text_color":"#000000","typography_typography":"custom","typography_font_family":"Open Sans","typography_font_size":{"unit":"px","size":15},"typography_font_size_tablet":{"unit":"px","size":15},"typography_font_size_mobile":{"unit":"px","size":12}},"elements":[],"widgetType":"text-editor"},{"id":"4585edd8","elType":"widget","settings":{"text":"OMG, YES!","align":"center","typography_typography":"custom","typography_font_family":"Abril Fatface","typography_font_size":{"unit":"px","size":20},"typography_font_size_tablet":{"unit":"px","size":15},"button_text_color":"#ffffff","background_color":"#000000","border_radius":{"unit":"px","top":"50","right":"50","bottom":"50","left":"50","isLinked":true},"text_padding":{"unit":"px","top":"15","right":"30","bottom":"15","left":"30","isLinked":false},"hover_animation":"hang"},"elements":[],"widgetType":"button"}],"isInner":false},{"id":"291904d0","elType":"column","settings":{"_column_size":50,"_inline_size":38.158,"padding":{"unit":"px","top":"0","right":"0","bottom":"0","left":"046","isLinked":false},"z_index":1},"elements":[],"isInner":false}],"isInner":false}],"page_settings":{"width":{"unit":"vw","size":100},"height_type":"fit_to_screen","entrance_animation":"zoomIn","background_background":"classic","background_color":"#e8e7e2","margin":{"unit":"px","top":"0","right":"0","bottom":"0","left":"0","isLinked":false},"margin_tablet":{"unit":"%","top":"","right":"","bottom":"","left":"","isLinked":true},"margin_mobile":{"unit":"px","top":"0","right":"0","bottom":"0","left":"0","isLinked":false},"padding":{"unit":"%","top":"15","right":"0","bottom":"0","left":"0","isLinked":false},"padding_tablet":{"unit":"%","top":"40","right":"0","bottom":"0","left":"0","isLinked":false},"padding_mobile":{"unit":"%","top":"0","right":"0","bottom":"0","left":"0","isLinked":false}}}