{"content":[{"id":"ad20871","elType":"section","settings":{},"elements":[{"id":"31716e7f","elType":"column","settings":{"_column_size":100},"elements":[{"id":"749aa9c8","elType":"widget","settings":{"image":{"id":9959,"url":"https:\/\/library.elementor.com\/wp-content\/uploads\/2019\/01\/Open-Lock_icon.png"},"align":"center","width":{"unit":"px","size":60},"width_mobile":{"unit":"px","size":60},"image_size":"full","_animation":"swing"},"elements":[],"widgetType":"image"},{"id":"a1128c8","elType":"widget","settings":{"title":"Login to your account","header_size":"span","align":"center","align_mobile":"center","title_color":"#000000","typography_typography":"custom","typography_font_family":"Montserrat","typography_font_size":{"unit":"px","size":22},"typography_font_size_tablet":{"unit":"px","size":20},"typography_font_size_mobile":{"unit":"px","size":25},"typography_line_height_tablet":{"unit":"em","size":1.3},"typography_line_height":{"unit":"em","size":1.4},"_margin":{"unit":"px","top":"40","right":"0","bottom":"40","left":"0","isLinked":false},"_margin_mobile":{"unit":"px","top":"30","right":"0","bottom":"30","left":"0","isLinked":false},"typography_text_transform":"capitalize"},"elements":[],"widgetType":"heading"},{"id":"11c1fd66","elType":"widget","settings":{"button_text":"Log In","user_label":" Username or Email Address","user_placeholder":" Username or Email Address","password_label":"Password","password_placeholder":"Password","row_gap":{"unit":"px","size":15},"label_spacing":{"unit":"px","size":0},"label_typography_typography":"custom","label_typography_font_size_mobile":{"unit":"px","size":10},"field_border_color":"#000000","field_border_width":{"unit":"px","top":"1","right":"1","bottom":"1","left":"1","isLinked":true},"field_border_radius":{"unit":"px","top":"0","right":"0","bottom":"0","left":"0","isLinked":true},"button_text_color":"#ffffff","button_background_color":"#000000","button_border_border":"solid","button_border_width":{"unit":"px","top":"1","right":"1","bottom":"1","left":"1","isLinked":true},"button_border_color":"#000000","button_border_radius":{"unit":"px","top":"0","right":"0","bottom":"0","left":"0","isLinked":true},"_margin":{"unit":"px","top":"40","right":"0","bottom":"40","left":"0","isLinked":false},"_margin_tablet":{"unit":"px","top":"40","right":"0","bottom":"40","left":"0","isLinked":false},"_margin_mobile":{"unit":"px","top":"30","right":"0","bottom":"30","left":"0","isLinked":false}},"elements":[],"widgetType":"login"}],"isInner":false}],"isInner":false}],"page_settings":{"width":{"unit":"px","size":400},"width_mobile":{"unit":"vw","size":90},"height_type":"custom","height":{"unit":"px","size":525},"horizontal_position":"left","horizontal_position_mobile":"center","vertical_position_mobile":"center","border_border":"solid","border_width":{"unit":"px","top":"5","right":"5","bottom":"5","left":"5","isLinked":true},"border_color":"#000000","padding":{"unit":"px","top":"30","right":"30","bottom":"30","left":"30","isLinked":true}}}